In file included from src/cpu/base.cc:53:
src/arch/riscv/regs/misc.hh:1059:50: error: ‘RV64’ was not declared in this scope; did you mean ‘gem5::enums::RV64’?
 1059 |         {"ustatus", MISCREG_USTATUS, rvTypeFlags(RV64, RV32),
      |                                                  ^~~~
      |                                                  gem5::enums::RV64
In file included from src/arch/riscv/regs/misc.hh:60,
                 from src/cpu/base.cc:53:
build/RISCV/enums/RiscvType.hh:16:9: note: ‘gem5::enums::RV64’ declared here
   16 |         RV64 = 1,
      |         ^~~~
In file included from src/cpu/base.cc:53:
src/arch/riscv/regs/misc.hh:1059:56: error: ‘RV32’ was not declared in this scope; did you mean ‘gem5::enums::RV32’?
 1059 |         {"ustatus", MISCREG_USTATUS, rvTypeFlags(RV64, RV32),
      |                                                        ^~~~
      |                                                        gem5::enums::RV32
In file included from src/arch/riscv/regs/misc.hh:60,
                 from src/cpu/base.cc:53:
build/RISCV/enums/RiscvType.hh:15:9: note: ‘gem5::enums::RV32’ declared here
   15 |         RV32 = 0,
      |         ^~~~
In file included from src/cpu/base.cc:53:
src/arch/riscv/regs/misc.hh:1062:42: error: ‘RV64’ was not declared in this scope; did you mean ‘gem5::enums::RV64’?
 1062 |         {"uie", MISCREG_UIE, rvTypeFlags(RV64, RV32), isaExtsFlags('n')}},
      |                                          ^~~~
      |                                          gem5::enums::RV64
In file included from src/arch/riscv/regs/misc.hh:60,
                 from src/cpu/base.cc:53:
build/RISCV/enums/RiscvType.hh:16:9: note: ‘gem5::enums::RV64’ declared here
   16 |         RV64 = 1,
      |         ^~~~
In file included from src/cpu/base.cc:53:
src/arch/riscv/regs/misc.hh:1062:48: error: ‘RV32’ was not declared in this scope; did you mean ‘gem5::enums::RV32’?
 1062 |         {"uie", MISCREG_UIE, rvTypeFlags(RV64, RV32), isaExtsFlags('n')}},
      |                                                ^~~~
      |                                                gem5::enums::RV32
In file included from src/arch/riscv/regs/misc.hh:60,
                 from src/cpu/base.cc:53:
build/RISCV/enums/RiscvType.hh:15:9: note: ‘gem5::enums::RV32’ declared here
   15 |         RV32 = 0,
      |         ^~~~
In file included from src/cpu/base.cc:53:
src/arch/riscv/regs/misc.hh:1064:46: error: ‘RV64’ was not declared in this scope; did you mean ‘gem5::enums::RV64’?
 1064 |         {"utvec", MISCREG_UTVEC, rvTypeFlags(RV64, RV32), isaExtsFlags('n')}},
      |                                              ^~~~
      |                                              gem5::enums::RV64
In file included from src/arch/riscv/regs/misc.hh:60,
                 from src/cpu/base.cc:53:
build/RISCV/enums/RiscvType.hh:16:9: note: ‘gem5::enums::RV64’ declared here
   16 |         RV64 = 1,
      |         ^~~~
In file included from src/cpu/base.cc:53:
src/arch/riscv/regs/misc.hh:1064:52: error: ‘RV32’ was not declared in this scope; did you mean ‘gem5::enums::RV32’?
 1064 |         {"utvec", MISCREG_UTVEC, rvTypeFlags(RV64, RV32), isaExtsFlags('n')}},
      |                                                    ^~~~
      |                                                    gem5::enums::RV32
In file included from src/arch/riscv/regs/misc.hh:60,
                 from src/cpu/base.cc:53:
build/RISCV/enums/RiscvType.hh:15:9: note: ‘gem5::enums::RV32’ declared here
   15 |         RV32 = 0,
      |         ^~~~
In file included from src/cpu/base.cc:53:
src/arch/riscv/regs/misc.hh:1066:52: error: ‘RV64’ was not declared in this scope; did you mean ‘gem5::enums::RV64’?
 1066 |         {"uscratch", MISCREG_USCRATCH, rvTypeFlags(RV64, RV32),
      |                                                    ^~~~
      |                                                    gem5::enums::RV64
In file included from src/arch/riscv/regs/misc.hh:60,
                 from src/cpu/base.cc:53:
build/RISCV/enums/RiscvType.hh:16:9: note: ‘gem5::enums::RV64’ declared here
   16 |         RV64 = 1,
      |         ^~~~
In file included from src/cpu/base.cc:53:
src/arch/riscv/regs/misc.hh:1066:58: error: ‘RV32’ was not declared in this scope; did you mean ‘gem5::enums::RV32’?
 1066 |         {"uscratch", MISCREG_USCRATCH, rvTypeFlags(RV64, RV32),
      |                                                          ^~~~
      |                                                          gem5::enums::RV32
In file included from src/arch/riscv/regs/misc.hh:60,
                 from src/cpu/base.cc:53:
build/RISCV/enums/RiscvType.hh:15:9: note: ‘gem5::enums::RV32’ declared here
   15 |         RV32 = 0,
      |         ^~~~
In file included from src/cpu/base.cc:53:
src/arch/riscv/regs/misc.hh:1069:44: error: ‘RV64’ was not declared in this scope; did you mean ‘gem5::enums::RV64’?
 1069 |         {"uepc", MISCREG_UEPC, rvTypeFlags(RV64, RV32), isaExtsFlags('n')}},
      |                                            ^~~~
      |                                            gem5::enums::RV64
In file included from src/arch/riscv/regs/misc.hh:60,
                 from src/cpu/base.cc:53:
build/RISCV/enums/RiscvType.hh:16:9: note: ‘gem5::enums::RV64’ declared here
   16 |         RV64 = 1,
      |         ^~~~
In file included from src/cpu/base.cc:53:
src/arch/riscv/regs/misc.hh:1069:50: error: ‘RV32’ was not declared in this scope; did you mean ‘gem5::enums::RV32’?
 1069 |         {"uepc", MISCREG_UEPC, rvTypeFlags(RV64, RV32), isaExtsFlags('n')}},
      |                                                  ^~~~
      |                                                  gem5::enums::RV32
In file included from src/arch/riscv/regs/misc.hh:60,
                 from src/cpu/base.cc:53:
build/RISCV/enums/RiscvType.hh:15:9: note: ‘gem5::enums::RV32’ declared here
   15 |         RV32 = 0,
      |         ^~~~
In file included from src/cpu/base.cc:53:
src/arch/riscv/regs/misc.hh:1071:48: error: ‘RV64’ was not declared in this scope; did you mean ‘gem5::enums::RV64’?
 1071 |         {"ucause", MISCREG_UCAUSE, rvTypeFlags(RV64, RV32),
      |                                                ^~~~
      |                                                gem5::enums::RV64
In file included from src/arch/riscv/regs/misc.hh:60,
                 from src/cpu/base.cc:53:
build/RISCV/enums/RiscvType.hh:16:9: note: ‘gem5::enums::RV64’ declared here
   16 |         RV64 = 1,
      |         ^~~~
In file included from src/cpu/base.cc:53:
src/arch/riscv/regs/misc.hh:1071:54: error: ‘RV32’ was not declared in this scope; did you mean ‘gem5::enums::RV32’?
 1071 |         {"ucause", MISCREG_UCAUSE, rvTypeFlags(RV64, RV32),
      |                                                      ^~~~
      |                                                      gem5::enums::RV32
In file included from src/arch/riscv/regs/misc.hh:60,
                 from src/cpu/base.cc:53:
build/RISCV/enums/RiscvType.hh:15:9: note: ‘gem5::enums::RV32’ declared here
   15 |         RV32 = 0,
      |         ^~~~
In file included from src/cpu/base.cc:53:
src/arch/riscv/regs/misc.hh:1074:46: error: ‘RV64’ was not declared in this scope; did you mean ‘gem5::enums::RV64’?
 1074 |         {"utval", MISCREG_UTVAL, rvTypeFlags(RV64, RV32), isaExtsFlags('n')}},
      |                                              ^~~~
      |                                              gem5::enums::RV64
In file included from src/arch/riscv/regs/misc.hh:60,
                 from src/cpu/base.cc:53:
build/RISCV/enums/RiscvType.hh:16:9: note: ‘gem5::enums::RV64’ declared here
   16 |         RV64 = 1,
      |         ^~~~
In file included from src/cpu/base.cc:53:
src/arch/riscv/regs/misc.hh:1074:52: error: ‘RV32’ was not declared in this scope; did you mean ‘gem5::enums::RV32’?
 1074 |         {"utval", MISCREG_UTVAL, rvTypeFlags(RV64, RV32), isaExtsFlags('n')}},
      |                                                    ^~~~
      |                                                    gem5::enums::RV32
In file included from src/arch/riscv/regs/misc.hh:60,
                 from src/cpu/base.cc:53:
build/RISCV/enums/RiscvType.hh:15:9: note: ‘gem5::enums::RV32’ declared here
   15 |         RV32 = 0,
      |         ^~~~
In file included from src/cpu/base.cc:53:
src/arch/riscv/regs/misc.hh:1076:42: error: ‘RV64’ was not declared in this scope; did you mean ‘gem5::enums::RV64’?
 1076 |         {"uip", MISCREG_UIP, rvTypeFlags(RV64, RV32), isaExtsFlags('n')}},
      |                                          ^~~~
      |                                          gem5::enums::RV64
In file included from src/arch/riscv/regs/misc.hh:60,
                 from src/cpu/base.cc:53:
build/RISCV/enums/RiscvType.hh:16:9: note: ‘gem5::enums::RV64’ declared here
   16 |         RV64 = 1,
      |         ^~~~
In file included from src/cpu/base.cc:53:
src/arch/riscv/regs/misc.hh:1076:48: error: ‘RV32’ was not declared in this scope; did you mean ‘gem5::enums::RV32’?
 1076 |         {"uip", MISCREG_UIP, rvTypeFlags(RV64, RV32), isaExtsFlags('n')}},
      |                                                ^~~~
      |                                                gem5::enums::RV32
In file included from src/arch/riscv/regs/misc.hh:60,
                 from src/cpu/base.cc:53:
build/RISCV/enums/RiscvType.hh:15:9: note: ‘gem5::enums::RV32’ declared here
   15 |         RV32 = 0,
      |         ^~~~
In file included from src/cpu/base.cc:53:
src/arch/riscv/regs/misc.hh:1078:48: error: ‘RV64’ was not declared in this scope; did you mean ‘gem5::enums::RV64’?
 1078 |         {"fflags", MISCREG_FFLAGS, rvTypeFlags(RV64, RV32),
      |                                                ^~~~
      |                                                gem5::enums::RV64
In file included from src/arch/riscv/regs/misc.hh:60,
                 from src/cpu/base.cc:53:
build/RISCV/enums/RiscvType.hh:16:9: note: ‘gem5::enums::RV64’ declared here
   16 |         RV64 = 1,
      |         ^~~~
In file included from src/cpu/base.cc:53:
src/arch/riscv/regs/misc.hh:1078:54: error: ‘RV32’ was not declared in this scope; did you mean ‘gem5::enums::RV32’?
 1078 |         {"fflags", MISCREG_FFLAGS, rvTypeFlags(RV64, RV32),
      |                                                      ^~~~
      |                                                      gem5::enums::RV32
In file included from src/arch/riscv/regs/misc.hh:60,
                 from src/cpu/base.cc:53:
build/RISCV/enums/RiscvType.hh:15:9: note: ‘gem5::enums::RV32’ declared here
   15 |         RV32 = 0,
      |         ^~~~
In file included from src/cpu/base.cc:53:
src/arch/riscv/regs/misc.hh:1081:42: error: ‘RV64’ was not declared in this scope; did you mean ‘gem5::enums::RV64’?
 1081 |         {"frm", MISCREG_FRM, rvTypeFlags(RV64, RV32), isaExtsFlags('f')}},
      |                                          ^~~~
      |                                          gem5::enums::RV64
In file included from src/arch/riscv/regs/misc.hh:60,
                 from src/cpu/base.cc:53:
build/RISCV/enums/RiscvType.hh:16:9: note: ‘gem5::enums::RV64’ declared here
   16 |         RV64 = 1,
      |         ^~~~
In file included from src/cpu/base.cc:53:
src/arch/riscv/regs/misc.hh:1081:48: error: ‘RV32’ was not declared in this scope; did you mean ‘gem5::enums::RV32’?
 1081 |         {"frm", MISCREG_FRM, rvTypeFlags(RV64, RV32), isaExtsFlags('f')}},
      |                                                ^~~~
      |                                                gem5::enums::RV32
In file included from src/arch/riscv/regs/misc.hh:60,
                 from src/cpu/base.cc:53:
build/RISCV/enums/RiscvType.hh:15:9: note: ‘gem5::enums::RV32’ declared here
   15 |         RV32 = 0,
      |         ^~~~
In file included from src/cpu/base.cc:53:
src/arch/riscv/regs/misc.hh:1083:44: error: ‘RV64’ was not declared in this scope; did you mean ‘gem5::enums::RV64’?
 1083 |         {"fcsr", MISCREG_FCSR, rvTypeFlags(RV64, RV32), isaExtsFlags('f')}},
      |                                            ^~~~
      |                                            gem5::enums::RV64
In file included from src/arch/riscv/regs/misc.hh:60,
                 from src/cpu/base.cc:53:
build/RISCV/enums/RiscvType.hh:16:9: note: ‘gem5::enums::RV64’ declared here
   16 |         RV64 = 1,
      |         ^~~~
In file included from src/cpu/base.cc:53:
src/arch/riscv/regs/misc.hh:1083:50: error: ‘RV32’ was not declared in this scope; did you mean ‘gem5::enums::RV32’?
 1083 |         {"fcsr", MISCREG_FCSR, rvTypeFlags(RV64, RV32), isaExtsFlags('f')}},
      |                                                  ^~~~
      |                                                  gem5::enums::RV32
In file included from src/arch/riscv/regs/misc.hh:60,
                 from src/cpu/base.cc:53:
build/RISCV/enums/RiscvType.hh:15:9: note: ‘gem5::enums::RV32’ declared here
   15 |         RV32 = 0,
      |         ^~~~
In file included from src/cpu/base.cc:53:
src/arch/riscv/regs/misc.hh:1085:46: error: ‘RV64’ was not declared in this scope; did you mean ‘gem5::enums::RV64’?
 1085 |         {"cycle", MISCREG_CYCLE, rvTypeFlags(RV64, RV32), isaExtsFlags()}},
      |                                              ^~~~
      |                                              gem5::enums::RV64
In file included from src/arch/riscv/regs/misc.hh:60,
                 from src/cpu/base.cc:53:
build/RISCV/enums/RiscvType.hh:16:9: note: ‘gem5::enums::RV64’ declared here
   16 |         RV64 = 1,
      |         ^~~~
In file included from src/cpu/base.cc:53:
src/arch/riscv/regs/misc.hh:1085:52: error: ‘RV32’ was not declared in this scope; did you mean ‘gem5::enums::RV32’?
 1085 |         {"cycle", MISCREG_CYCLE, rvTypeFlags(RV64, RV32), isaExtsFlags()}},
      |                                                    ^~~~
      |                                                    gem5::enums::RV32
In file included from src/arch/riscv/regs/misc.hh:60,
                 from src/cpu/base.cc:53:
build/RISCV/enums/RiscvType.hh:15:9: note: ‘gem5::enums::RV32’ declared here
   15 |         RV32 = 0,
      |         ^~~~
In file included from src/cpu/base.cc:53:
src/arch/riscv/regs/misc.hh:1087:44: error: ‘RV64’ was not declared in this scope; did you mean ‘gem5::enums::RV64’?
 1087 |         {"time", MISCREG_TIME, rvTypeFlags(RV64, RV32), isaExtsFlags()}},
      |                                            ^~~~
      |                                            gem5::enums::RV64
In file included from src/arch/riscv/regs/misc.hh:60,
                 from src/cpu/base.cc:53:
build/RISCV/enums/RiscvType.hh:16:9: note: ‘gem5::enums::RV64’ declared here
   16 |         RV64 = 1,
      |         ^~~~
In file included from src/cpu/base.cc:53:
src/arch/riscv/regs/misc.hh:1087:50: error: ‘RV32’ was not declared in this scope; did you mean ‘gem5::enums::RV32’?
 1087 |         {"time", MISCREG_TIME, rvTypeFlags(RV64, RV32), isaExtsFlags()}},
      |                                                  ^~~~
      |                                                  gem5::enums::RV32
In file included from src/arch/riscv/regs/misc.hh:60,
                 from src/cpu/base.cc:53:
build/RISCV/enums/RiscvType.hh:15:9: note: ‘gem5::enums::RV32’ declared here
   15 |         RV32 = 0,
      |         ^~~~
In file included from src/cpu/base.cc:53:
src/arch/riscv/regs/misc.hh:1089:50: error: ‘RV64’ was not declared in this scope; did you mean ‘gem5::enums::RV64’?
 1089 |         {"instret", MISCREG_INSTRET, rvTypeFlags(RV64, RV32), isaExtsFlags()}},
      |                                                  ^~~~
      |                                                  gem5::enums::RV64
In file included from src/arch/riscv/regs/misc.hh:60,
                 from src/cpu/base.cc:53:
build/RISCV/enums/RiscvType.hh:16:9: note: ‘gem5::enums::RV64’ declared here
   16 |         RV64 = 1,
      |         ^~~~
In file included from src/cpu/base.cc:53:
src/arch/riscv/regs/misc.hh:1089:56: error: ‘RV32’ was not declared in this scope; did you mean ‘gem5::enums::RV32’?
 1089 |         {"instret", MISCREG_INSTRET, rvTypeFlags(RV64, RV32), isaExtsFlags()}},
      |                                                        ^~~~
      |                                                        gem5::enums::RV32
In file included from src/arch/riscv/regs/misc.hh:60,
                 from src/cpu/base.cc:53:
build/RISCV/enums/RiscvType.hh:15:9: note: ‘gem5::enums::RV32’ declared here
   15 |         RV32 = 0,
      |         ^~~~
In file included from src/cpu/base.cc:53:
src/arch/riscv/regs/misc.hh:1091:60: error: ‘RV64’ was not declared in this scope; did you mean ‘gem5::enums::RV64’?
 1091 |         {"hpmcounter03", MISCREG_HPMCOUNTER03, rvTypeFlags(RV64, RV32),
      |                                                            ^~~~
      |                                                            gem5::enums::RV64
In file included from src/arch/riscv/regs/misc.hh:60,
                 from src/cpu/base.cc:53:
build/RISCV/enums/RiscvType.hh:16:9: note: ‘gem5::enums::RV64’ declared here
   16 |         RV64 = 1,
      |         ^~~~
In file included from src/cpu/base.cc:53:
src/arch/riscv/regs/misc.hh:1091:66: error: ‘RV32’ was not declared in this scope; did you mean ‘gem5::enums::RV32’?
 1091 |         {"hpmcounter03", MISCREG_HPMCOUNTER03, rvTypeFlags(RV64, RV32),
      |                                                                  ^~~~
      |                                                                  gem5::enums::RV32
In file included from src/arch/riscv/regs/misc.hh:60,
                 from src/cpu/base.cc:53:
build/RISCV/enums/RiscvType.hh:15:9: note: ‘gem5::enums::RV32’ declared here
   15 |         RV32 = 0,
      |         ^~~~
In file included from src/cpu/base.cc:53:
src/arch/riscv/regs/misc.hh:1094:60: error: ‘RV64’ was not declared in this scope; did you mean ‘gem5::enums::RV64’?
 1094 |         {"hpmcounter04", MISCREG_HPMCOUNTER04, rvTypeFlags(RV64, RV32),
      |                                                            ^~~~
      |                                                            gem5::enums::RV64
In file included from src/arch/riscv/regs/misc.hh:60,
                 from src/cpu/base.cc:53:
build/RISCV/enums/RiscvType.hh:16:9: note: ‘gem5::enums::RV64’ declared here
   16 |         RV64 = 1,
      |         ^~~~
In file included from src/cpu/base.cc:53:
src/arch/riscv/regs/misc.hh:1094:66: error: ‘RV32’ was not declared in this scope; did you mean ‘gem5::enums::RV32’?
 1094 |         {"hpmcounter04", MISCREG_HPMCOUNTER04, rvTypeFlags(RV64, RV32),
      |                                                                  ^~~~
      |                                                                  gem5::enums::RV32
In file included from src/arch/riscv/regs/misc.hh:60,
                 from src/cpu/base.cc:53:
build/RISCV/enums/RiscvType.hh:15:9: note: ‘gem5::enums::RV32’ declared here
   15 |         RV32 = 0,
      |         ^~~~
In file included from src/cpu/base.cc:53:
src/arch/riscv/regs/misc.hh:1097:60: error: ‘RV64’ was not declared in this scope; did you mean ‘gem5::enums::RV64’?
 1097 |         {"hpmcounter05", MISCREG_HPMCOUNTER05, rvTypeFlags(RV64, RV32),
      |                                                            ^~~~
      |                                                            gem5::enums::RV64
In file included from src/arch/riscv/regs/misc.hh:60,
                 from src/cpu/base.cc:53:
build/RISCV/enums/RiscvType.hh:16:9: note: ‘gem5::enums::RV64’ declared here
   16 |         RV64 = 1,
      |         ^~~~
In file included from src/cpu/base.cc:53:
src/arch/riscv/regs/misc.hh:1097:66: error: ‘RV32’ was not declared in this scope; did you mean ‘gem5::enums::RV32’?
 1097 |         {"hpmcounter05", MISCREG_HPMCOUNTER05, rvTypeFlags(RV64, RV32),
      |                                                                  ^~~~
      |                                                                  gem5::enums::RV32
In file included from src/arch/riscv/regs/misc.hh:60,
                 from src/cpu/base.cc:53:
build/RISCV/enums/RiscvType.hh:15:9: note: ‘gem5::enums::RV32’ declared here
   15 |         RV32 = 0,
      |         ^~~~
In file included from src/cpu/base.cc:53:
src/arch/riscv/regs/misc.hh:1100:60: error: ‘RV64’ was not declared in this scope; did you mean ‘gem5::enums::RV64’?
 1100 |         {"hpmcounter06", MISCREG_HPMCOUNTER06, rvTypeFlags(RV64, RV32),
      |                                                            ^~~~
      |                                                            gem5::enums::RV64
In file included from src/arch/riscv/regs/misc.hh:60,
                 from src/cpu/base.cc:53:
build/RISCV/enums/RiscvType.hh:16:9: note: ‘gem5::enums::RV64’ declared here
   16 |         RV64 = 1,
      |         ^~~~
In file included from src/cpu/base.cc:53:
src/arch/riscv/regs/misc.hh:1100:66: error: ‘RV32’ was not declared in this scope; did you mean ‘gem5::enums::RV32’?
 1100 |         {"hpmcounter06", MISCREG_HPMCOUNTER06, rvTypeFlags(RV64, RV32),
      |                                                                  ^~~~
      |                                                                  gem5::enums::RV32
In file included from src/arch/riscv/regs/misc.hh:60,
                 from src/cpu/base.cc:53:
build/RISCV/enums/RiscvType.hh:15:9: note: ‘gem5::enums::RV32’ declared here
   15 |         RV32 = 0,
      |         ^~~~
In file included from src/cpu/base.cc:53:
src/arch/riscv/regs/misc.hh:1103:60: error: ‘RV64’ was not declared in this scope; did you mean ‘gem5::enums::RV64’?
 1103 |         {"hpmcounter07", MISCREG_HPMCOUNTER07, rvTypeFlags(RV64, RV32),
      |                                                            ^~~~
      |                                                            gem5::enums::RV64
In file included from src/arch/riscv/regs/misc.hh:60,
                 from src/cpu/base.cc:53:
build/RISCV/enums/RiscvType.hh:16:9: note: ‘gem5::enums::RV64’ declared here
   16 |         RV64 = 1,
      |         ^~~~
In file included from src/cpu/base.cc:53:
src/arch/riscv/regs/misc.hh:1103:66: error: ‘RV32’ was not declared in this scope; did you mean ‘gem5::enums::RV32’?
 1103 |         {"hpmcounter07", MISCREG_HPMCOUNTER07, rvTypeFlags(RV64, RV32),
      |                                                                  ^~~~
      |                                                                  gem5::enums::RV32
In file included from src/arch/riscv/regs/misc.hh:60,
                 from src/cpu/base.cc:53:
build/RISCV/enums/RiscvType.hh:15:9: note: ‘gem5::enums::RV32’ declared here
   15 |         RV32 = 0,
      |         ^~~~
In file included from src/cpu/base.cc:53:
src/arch/riscv/regs/misc.hh:1106:60: error: ‘RV64’ was not declared in this scope; did you mean ‘gem5::enums::RV64’?
 1106 |         {"hpmcounter08", MISCREG_HPMCOUNTER08, rvTypeFlags(RV64, RV32),
      |                                                            ^~~~
      |                                                            gem5::enums::RV64
In file included from src/arch/riscv/regs/misc.hh:60,
                 from src/cpu/base.cc:53:
build/RISCV/enums/RiscvType.hh:16:9: note: ‘gem5::enums::RV64’ declared here
   16 |         RV64 = 1,
      |         ^~~~
In file included from src/cpu/base.cc:53:
src/arch/riscv/regs/misc.hh:1106:66: error: ‘RV32’ was not declared in this scope; did you mean ‘gem5::enums::RV32’?
 1106 |         {"hpmcounter08", MISCREG_HPMCOUNTER08, rvTypeFlags(RV64, RV32),
      |                                                                  ^~~~
      |                                                                  gem5::enums::RV32
In file included from src/arch/riscv/regs/misc.hh:60,
                 from src/cpu/base.cc:53:
build/RISCV/enums/RiscvType.hh:15:9: note: ‘gem5::enums::RV32’ declared here
   15 |         RV32 = 0,
      |         ^~~~
In file included from src/cpu/base.cc:53:
src/arch/riscv/regs/misc.hh:1109:60: error: ‘RV64’ was not declared in this scope; did you mean ‘gem5::enums::RV64’?
 1109 |         {"hpmcounter09", MISCREG_HPMCOUNTER09, rvTypeFlags(RV64, RV32),
      |                                                            ^~~~
      |                                                            gem5::enums::RV64
In file included from src/arch/riscv/regs/misc.hh:60,
                 from src/cpu/base.cc:53:
build/RISCV/enums/RiscvType.hh:16:9: note: ‘gem5::enums::RV64’ declared here
   16 |         RV64 = 1,
      |         ^~~~
In file included from src/cpu/base.cc:53:
src/arch/riscv/regs/misc.hh:1109:66: error: ‘RV32’ was not declared in this scope; did you mean ‘gem5::enums::RV32’?
 1109 |         {"hpmcounter09", MISCREG_HPMCOUNTER09, rvTypeFlags(RV64, RV32),
      |                                                                  ^~~~
      |                                                                  gem5::enums::RV32
In file included from src/arch/riscv/regs/misc.hh:60,
                 from src/cpu/base.cc:53:
build/RISCV/enums/RiscvType.hh:15:9: note: ‘gem5::enums::RV32’ declared here
   15 |         RV32 = 0,
      |         ^~~~
In file included from src/cpu/base.cc:53:
src/arch/riscv/regs/misc.hh:1112:60: error: ‘RV64’ was not declared in this scope; did you mean ‘gem5::enums::RV64’?
 1112 |         {"hpmcounter10", MISCREG_HPMCOUNTER10, rvTypeFlags(RV64, RV32),
      |                                                            ^~~~
      |                                                            gem5::enums::RV64
In file included from src/arch/riscv/regs/misc.hh:60,
                 from src/cpu/base.cc:53:
build/RISCV/enums/RiscvType.hh:16:9: note: ‘gem5::enums::RV64’ declared here
   16 |         RV64 = 1,
      |         ^~~~
In file included from src/cpu/base.cc:53:
src/arch/riscv/regs/misc.hh:1112:66: error: ‘RV32’ was not declared in this scope; did you mean ‘gem5::enums::RV32’?
 1112 |         {"hpmcounter10", MISCREG_HPMCOUNTER10, rvTypeFlags(RV64, RV32),
      |                                                                  ^~~~
      |                                                                  gem5::enums::RV32
In file included from src/arch/riscv/regs/misc.hh:60,
                 from src/cpu/base.cc:53:
build/RISCV/enums/RiscvType.hh:15:9: note: ‘gem5::enums::RV32’ declared here
   15 |         RV32 = 0,
      |         ^~~~
In file included from src/cpu/base.cc:53:
src/arch/riscv/regs/misc.hh:1115:60: error: ‘RV64’ was not declared in this scope; did you mean ‘gem5::enums::RV64’?
 1115 |         {"hpmcounter11", MISCREG_HPMCOUNTER11, rvTypeFlags(RV64, RV32),
      |                                                            ^~~~
      |                                                            gem5::enums::RV64
In file included from src/arch/riscv/regs/misc.hh:60,
                 from src/cpu/base.cc:53:
build/RISCV/enums/RiscvType.hh:16:9: note: ‘gem5::enums::RV64’ declared here
   16 |         RV64 = 1,
      |         ^~~~
In file included from src/cpu/base.cc:53:
src/arch/riscv/regs/misc.hh:1115:66: error: ‘RV32’ was not declared in this scope; did you mean ‘gem5::enums::RV32’?
 1115 |         {"hpmcounter11", MISCREG_HPMCOUNTER11, rvTypeFlags(RV64, RV32),
      |                                                                  ^~~~
      |                                                                  gem5::enums::RV32
In file included from src/arch/riscv/regs/misc.hh:60,
                 from src/cpu/base.cc:53:
build/RISCV/enums/RiscvType.hh:15:9: note: ‘gem5::enums::RV32’ declared here
   15 |         RV32 = 0,
      |         ^~~~
In file included from src/cpu/base.cc:53:
src/arch/riscv/regs/misc.hh:1118:60: error: ‘RV64’ was not declared in this scope; did you mean ‘gem5::enums::RV64’?
 1118 |         {"hpmcounter12", MISCREG_HPMCOUNTER12, rvTypeFlags(RV64, RV32),
      |                                                            ^~~~
      |                                                            gem5::enums::RV64
In file included from src/arch/riscv/regs/misc.hh:60,
                 from src/cpu/base.cc:53:
build/RISCV/enums/RiscvType.hh:16:9: note: ‘gem5::enums::RV64’ declared here
   16 |         RV64 = 1,
      |         ^~~~
In file included from src/cpu/base.cc:53:
src/arch/riscv/regs/misc.hh:1118:66: error: ‘RV32’ was not declared in this scope; did you mean ‘gem5::enums::RV32’?
 1118 |         {"hpmcounter12", MISCREG_HPMCOUNTER12, rvTypeFlags(RV64, RV32),
      |                                                                  ^~~~
      |                                                                  gem5::enums::RV32
In file included from src/arch/riscv/regs/misc.hh:60,
                 from src/cpu/base.cc:53:
build/RISCV/enums/RiscvType.hh:15:9: note: ‘gem5::enums::RV32’ declared here
   15 |         RV32 = 0,
      |         ^~~~
In file included from src/cpu/base.cc:53:
src/arch/riscv/regs/misc.hh:1121:60: error: ‘RV64’ was not declared in this scope; did you mean ‘gem5::enums::RV64’?
 1121 |         {"hpmcounter13", MISCREG_HPMCOUNTER13, rvTypeFlags(RV64, RV32),
      |                                                            ^~~~
      |                                                            gem5::enums::RV64
In file included from src/arch/riscv/regs/misc.hh:60,
                 from src/cpu/base.cc:53:
build/RISCV/enums/RiscvType.hh:16:9: note: ‘gem5::enums::RV64’ declared here
   16 |         RV64 = 1,
      |         ^~~~
In file included from src/cpu/base.cc:53:
src/arch/riscv/regs/misc.hh:1121:66: error: ‘RV32’ was not declared in this scope; did you mean ‘gem5::enums::RV32’?
 1121 |         {"hpmcounter13", MISCREG_HPMCOUNTER13, rvTypeFlags(RV64, RV32),
      |                                                                  ^~~~
      |                                                                  gem5::enums::RV32
In file included from src/arch/riscv/regs/misc.hh:60,
                 from src/cpu/base.cc:53:
build/RISCV/enums/RiscvType.hh:15:9: note: ‘gem5::enums::RV32’ declared here
   15 |         RV32 = 0,
      |         ^~~~
In file included from src/cpu/base.cc:53:
src/arch/riscv/regs/misc.hh:1124:60: error: ‘RV64’ was not declared in this scope; did you mean ‘gem5::enums::RV64’?
 1124 |         {"hpmcounter14", MISCREG_HPMCOUNTER14, rvTypeFlags(RV64, RV32),
      |                                                            ^~~~
      |                                                            gem5::enums::RV64
In file included from src/arch/riscv/regs/misc.hh:60,
                 from src/cpu/base.cc:53:
build/RISCV/enums/RiscvType.hh:16:9: note: ‘gem5::enums::RV64’ declared here
   16 |         RV64 = 1,
      |         ^~~~
In file included from src/cpu/base.cc:53:
src/arch/riscv/regs/misc.hh:1124:66: error: ‘RV32’ was not declared in this scope; did you mean ‘gem5::enums::RV32’?
 1124 |         {"hpmcounter14", MISCREG_HPMCOUNTER14, rvTypeFlags(RV64, RV32),
      |                                                                  ^~~~
      |                                                                  gem5::enums::RV32
In file included from src/arch/riscv/regs/misc.hh:60,
                 from src/cpu/base.cc:53:
build/RISCV/enums/RiscvType.hh:15:9: note: ‘gem5::enums::RV32’ declared here
   15 |         RV32 = 0,
      |         ^~~~
In file included from src/cpu/base.cc:53:
src/arch/riscv/regs/misc.hh:1127:60: error: ‘RV64’ was not declared in this scope; did you mean ‘gem5::enums::RV64’?
 1127 |         {"hpmcounter15", MISCREG_HPMCOUNTER15, rvTypeFlags(RV64, RV32),
      |                                                            ^~~~
      |                                                            gem5::enums::RV64
In file included from src/arch/riscv/regs/misc.hh:60,
                 from src/cpu/base.cc:53:
build/RISCV/enums/RiscvType.hh:16:9: note: ‘gem5::enums::RV64’ declared here
   16 |         RV64 = 1,
      |         ^~~~
In file included from src/cpu/base.cc:53:
src/arch/riscv/regs/misc.hh:1127:66: error: ‘RV32’ was not declared in this scope; did you mean ‘gem5::enums::RV32’?
 1127 |         {"hpmcounter15", MISCREG_HPMCOUNTER15, rvTypeFlags(RV64, RV32),
      |                                                                  ^~~~
      |                                                                  gem5::enums::RV32
In file included from src/arch/riscv/regs/misc.hh:60,
                 from src/cpu/base.cc:53:
build/RISCV/enums/RiscvType.hh:15:9: note: ‘gem5::enums::RV32’ declared here
   15 |         RV32 = 0,
      |         ^~~~
In file included from src/cpu/base.cc:53:
src/arch/riscv/regs/misc.hh:1130:60: error: ‘RV64’ was not declared in this scope; did you mean ‘gem5::enums::RV64’?
 1130 |         {"hpmcounter16", MISCREG_HPMCOUNTER16, rvTypeFlags(RV64, RV32),
      |                                                            ^~~~
      |                                                            gem5::enums::RV64
In file included from src/arch/riscv/regs/misc.hh:60,
                 from src/cpu/base.cc:53:
build/RISCV/enums/RiscvType.hh:16:9: note: ‘gem5::enums::RV64’ declared here
   16 |         RV64 = 1,
      |         ^~~~
In file included from src/cpu/base.cc:53:
src/arch/riscv/regs/misc.hh:1130:66: error: ‘RV32’ was not declared in this scope; did you mean ‘gem5::enums::RV32’?
 1130 |         {"hpmcounter16", MISCREG_HPMCOUNTER16, rvTypeFlags(RV64, RV32),
      |                                                                  ^~~~
      |                                                                  gem5::enums::RV32
In file included from src/arch/riscv/regs/misc.hh:60,
                 from src/cpu/base.cc:53:
build/RISCV/enums/RiscvType.hh:15:9: note: ‘gem5::enums::RV32’ declared here
   15 |         RV32 = 0,
      |         ^~~~
In file included from src/cpu/base.cc:53:
src/arch/riscv/regs/misc.hh:1133:60: error: ‘RV64’ was not declared in this scope; did you mean ‘gem5::enums::RV64’?
 1133 |         {"hpmcounter17", MISCREG_HPMCOUNTER17, rvTypeFlags(RV64, RV32),
      |                                                            ^~~~
      |                                                            gem5::enums::RV64
In file included from src/arch/riscv/regs/misc.hh:60,
                 from src/cpu/base.cc:53:
build/RISCV/enums/RiscvType.hh:16:9: note: ‘gem5::enums::RV64’ declared here
   16 |         RV64 = 1,
      |         ^~~~
In file included from src/cpu/base.cc:53:
src/arch/riscv/regs/misc.hh:1133:66: error: ‘RV32’ was not declared in this scope; did you mean ‘gem5::enums::RV32’?
 1133 |         {"hpmcounter17", MISCREG_HPMCOUNTER17, rvTypeFlags(RV64, RV32),
      |                                                                  ^~~~
      |                                                                  gem5::enums::RV32
In file included from src/arch/riscv/regs/misc.hh:60,
                 from src/cpu/base.cc:53:
build/RISCV/enums/RiscvType.hh:15:9: note: ‘gem5::enums::RV32’ declared here
   15 |         RV32 = 0,
      |         ^~~~
In file included from src/cpu/base.cc:53:
src/arch/riscv/regs/misc.hh:1136:60: error: ‘RV64’ was not declared in this scope; did you mean ‘gem5::enums::RV64’?
 1136 |         {"hpmcounter18", MISCREG_HPMCOUNTER18, rvTypeFlags(RV64, RV32),
      |                                                            ^~~~
      |                                                            gem5::enums::RV64
In file included from src/arch/riscv/regs/misc.hh:60,
                 from src/cpu/base.cc:53:
build/RISCV/enums/RiscvType.hh:16:9: note: ‘gem5::enums::RV64’ declared here
   16 |         RV64 = 1,
      |         ^~~~
In file included from src/cpu/base.cc:53:
src/arch/riscv/regs/misc.hh:1136:66: error: ‘RV32’ was not declared in this scope; did you mean ‘gem5::enums::RV32’?
 1136 |         {"hpmcounter18", MISCREG_HPMCOUNTER18, rvTypeFlags(RV64, RV32),
      |                                                                  ^~~~
      |                                                                  gem5::enums::RV32
In file included from src/arch/riscv/regs/misc.hh:60,
                 from src/cpu/base.cc:53:
build/RISCV/enums/RiscvType.hh:15:9: note: ‘gem5::enums::RV32’ declared here
   15 |         RV32 = 0,
      |         ^~~~
In file included from src/cpu/base.cc:53:
src/arch/riscv/regs/misc.hh:1139:60: error: ‘RV64’ was not declared in this scope; did you mean ‘gem5::enums::RV64’?
 1139 |         {"hpmcounter19", MISCREG_HPMCOUNTER19, rvTypeFlags(RV64, RV32),
      |                                                            ^~~~
      |                                                            gem5::enums::RV64
In file included from src/arch/riscv/regs/misc.hh:60,
                 from src/cpu/base.cc:53:
build/RISCV/enums/RiscvType.hh:16:9: note: ‘gem5::enums::RV64’ declared here
   16 |         RV64 = 1,
      |         ^~~~
In file included from src/cpu/base.cc:53:
src/arch/riscv/regs/misc.hh:1139:66: error: ‘RV32’ was not declared in this scope; did you mean ‘gem5::enums::RV32’?
 1139 |         {"hpmcounter19", MISCREG_HPMCOUNTER19, rvTypeFlags(RV64, RV32),
      |                                                                  ^~~~
      |                                                                  gem5::enums::RV32
In file included from src/arch/riscv/regs/misc.hh:60,
                 from src/cpu/base.cc:53:
build/RISCV/enums/RiscvType.hh:15:9: note: ‘gem5::enums::RV32’ declared here
   15 |         RV32 = 0,
      |         ^~~~
In file included from src/cpu/base.cc:53:
src/arch/riscv/regs/misc.hh:1142:60: error: ‘RV64’ was not declared in this scope; did you mean ‘gem5::enums::RV64’?
 1142 |         {"hpmcounter20", MISCREG_HPMCOUNTER20, rvTypeFlags(RV64, RV32),
      |                                                            ^~~~
      |                                                            gem5::enums::RV64
In file included from src/arch/riscv/regs/misc.hh:60,
                 from src/cpu/base.cc:53:
build/RISCV/enums/RiscvType.hh:16:9: note: ‘gem5::enums::RV64’ declared here
   16 |         RV64 = 1,
      |         ^~~~
In file included from src/cpu/base.cc:53:
src/arch/riscv/regs/misc.hh:1142:66: error: ‘RV32’ was not declared in this scope; did you mean ‘gem5::enums::RV32’?
 1142 |         {"hpmcounter20", MISCREG_HPMCOUNTER20, rvTypeFlags(RV64, RV32),
      |                                                                  ^~~~
      |                                                                  gem5::enums::RV32
In file included from src/arch/riscv/regs/misc.hh:60,
                 from src/cpu/base.cc:53:
build/RISCV/enums/RiscvType.hh:15:9: note: ‘gem5::enums::RV32’ declared here
   15 |         RV32 = 0,
      |         ^~~~
In file included from src/cpu/base.cc:53:
src/arch/riscv/regs/misc.hh:1145:60: error: ‘RV64’ was not declared in this scope; did you mean ‘gem5::enums::RV64’?
 1145 |         {"hpmcounter21", MISCREG_HPMCOUNTER21, rvTypeFlags(RV64, RV32),
      |                                                            ^~~~
      |                                                            gem5::enums::RV64
In file included from src/arch/riscv/regs/misc.hh:60,
                 from src/cpu/base.cc:53:
build/RISCV/enums/RiscvType.hh:16:9: note: ‘gem5::enums::RV64’ declared here
   16 |         RV64 = 1,
      |         ^~~~
In file included from src/cpu/base.cc:53:
src/arch/riscv/regs/misc.hh:1145:66: error: ‘RV32’ was not declared in this scope; did you mean ‘gem5::enums::RV32’?
 1145 |         {"hpmcounter21", MISCREG_HPMCOUNTER21, rvTypeFlags(RV64, RV32),
      |                                                                  ^~~~
      |                                                                  gem5::enums::RV32
In file included from src/arch/riscv/regs/misc.hh:60,
                 from src/cpu/base.cc:53:
build/RISCV/enums/RiscvType.hh:15:9: note: ‘gem5::enums::RV32’ declared here
   15 |         RV32 = 0,
      |         ^~~~
In file included from src/cpu/base.cc:53:
src/arch/riscv/regs/misc.hh:1148:60: error: ‘RV64’ was not declared in this scope; did you mean ‘gem5::enums::RV64’?
 1148 |         {"hpmcounter22", MISCREG_HPMCOUNTER22, rvTypeFlags(RV64, RV32),
      |                                                            ^~~~
      |                                                            gem5::enums::RV64
In file included from src/arch/riscv/regs/misc.hh:60,
                 from src/cpu/base.cc:53:
build/RISCV/enums/RiscvType.hh:16:9: note: ‘gem5::enums::RV64’ declared here
   16 |         RV64 = 1,
      |         ^~~~
In file included from src/cpu/base.cc:53:
src/arch/riscv/regs/misc.hh:1148:66: error: ‘RV32’ was not declared in this scope; did you mean ‘gem5::enums::RV32’?
 1148 |         {"hpmcounter22", MISCREG_HPMCOUNTER22, rvTypeFlags(RV64, RV32),
      |                                                                  ^~~~
      |                                                                  gem5::enums::RV32
In file included from src/arch/riscv/regs/misc.hh:60,
                 from src/cpu/base.cc:53:
build/RISCV/enums/RiscvType.hh:15:9: note: ‘gem5::enums::RV32’ declared here
   15 |         RV32 = 0,
      |         ^~~~
In file included from src/cpu/base.cc:53:
src/arch/riscv/regs/misc.hh:1151:60: error: ‘RV64’ was not declared in this scope; did you mean ‘gem5::enums::RV64’?
 1151 |         {"hpmcounter23", MISCREG_HPMCOUNTER23, rvTypeFlags(RV64, RV32),
      |                                                            ^~~~
      |                                                            gem5::enums::RV64
In file included from src/arch/riscv/regs/misc.hh:60,
                 from src/cpu/base.cc:53:
build/RISCV/enums/RiscvType.hh:16:9: note: ‘gem5::enums::RV64’ declared here
   16 |         RV64 = 1,
      |         ^~~~
In file included from src/cpu/base.cc:53:
src/arch/riscv/regs/misc.hh:1151:66: error: ‘RV32’ was not declared in this scope; did you mean ‘gem5::enums::RV32’?
 1151 |         {"hpmcounter23", MISCREG_HPMCOUNTER23, rvTypeFlags(RV64, RV32),
      |                                                                  ^~~~
      |                                                                  gem5::enums::RV32
In file included from src/arch/riscv/regs/misc.hh:60,
                 from src/cpu/base.cc:53:
build/RISCV/enums/RiscvType.hh:15:9: note: ‘gem5::enums::RV32’ declared here
   15 |         RV32 = 0,
      |         ^~~~
In file included from src/cpu/base.cc:53:
src/arch/riscv/regs/misc.hh:1154:60: error: ‘RV64’ was not declared in this scope; did you mean ‘gem5::enums::RV64’?
 1154 |         {"hpmcounter24", MISCREG_HPMCOUNTER24, rvTypeFlags(RV64, RV32),
      |                                                            ^~~~
      |                                                            gem5::enums::RV64
In file included from src/arch/riscv/regs/misc.hh:60,
                 from src/cpu/base.cc:53:
build/RISCV/enums/RiscvType.hh:16:9: note: ‘gem5::enums::RV64’ declared here
   16 |         RV64 = 1,
      |         ^~~~
In file included from src/cpu/base.cc:53:
src/arch/riscv/regs/misc.hh:1154:66: error: ‘RV32’ was not declared in this scope; did you mean ‘gem5::enums::RV32’?
 1154 |         {"hpmcounter24", MISCREG_HPMCOUNTER24, rvTypeFlags(RV64, RV32),
      |                                                                  ^~~~
      |                                                                  gem5::enums::RV32
In file included from src/arch/riscv/regs/misc.hh:60,
                 from src/cpu/base.cc:53:
build/RISCV/enums/RiscvType.hh:15:9: note: ‘gem5::enums::RV32’ declared here
   15 |         RV32 = 0,
      |         ^~~~
In file included from src/cpu/base.cc:53:
src/arch/riscv/regs/misc.hh:1157:60: error: ‘RV64’ was not declared in this scope; did you mean ‘gem5::enums::RV64’?
 1157 |         {"hpmcounter25", MISCREG_HPMCOUNTER25, rvTypeFlags(RV64, RV32),
      |                                                            ^~~~
      |                                                            gem5::enums::RV64
In file included from src/arch/riscv/regs/misc.hh:60,
                 from src/cpu/base.cc:53:
build/RISCV/enums/RiscvType.hh:16:9: note: ‘gem5::enums::RV64’ declared here
   16 |         RV64 = 1,
      |         ^~~~
In file included from src/cpu/base.cc:53:
src/arch/riscv/regs/misc.hh:1157:66: error: ‘RV32’ was not declared in this scope; did you mean ‘gem5::enums::RV32’?
 1157 |         {"hpmcounter25", MISCREG_HPMCOUNTER25, rvTypeFlags(RV64, RV32),
      |                                                                  ^~~~
      |                                                                  gem5::enums::RV32
In file included from src/arch/riscv/regs/misc.hh:60,
                 from src/cpu/base.cc:53:
build/RISCV/enums/RiscvType.hh:15:9: note: ‘gem5::enums::RV32’ declared here
   15 |         RV32 = 0,
      |         ^~~~
In file included from src/cpu/base.cc:53:
src/arch/riscv/regs/misc.hh:1160:60: error: ‘RV64’ was not declared in this scope; did you mean ‘gem5::enums::RV64’?
 1160 |         {"hpmcounter26", MISCREG_HPMCOUNTER26, rvTypeFlags(RV64, RV32),
      |                                                            ^~~~
      |                                                            gem5::enums::RV64
In file included from src/arch/riscv/regs/misc.hh:60,
                 from src/cpu/base.cc:53:
build/RISCV/enums/RiscvType.hh:16:9: note: ‘gem5::enums::RV64’ declared here
   16 |         RV64 = 1,
      |         ^~~~
In file included from src/cpu/base.cc:53:
src/arch/riscv/regs/misc.hh:1160:66: error: ‘RV32’ was not declared in this scope; did you mean ‘gem5::enums::RV32’?
 1160 |         {"hpmcounter26", MISCREG_HPMCOUNTER26, rvTypeFlags(RV64, RV32),
      |                                                                  ^~~~
      |                                                                  gem5::enums::RV32
In file included from src/arch/riscv/regs/misc.hh:60,
                 from src/cpu/base.cc:53:
build/RISCV/enums/RiscvType.hh:15:9: note: ‘gem5::enums::RV32’ declared here
   15 |         RV32 = 0,
      |         ^~~~
In file included from src/cpu/base.cc:53:
src/arch/riscv/regs/misc.hh:1163:60: error: ‘RV64’ was not declared in this scope; did you mean ‘gem5::enums::RV64’?
 1163 |         {"hpmcounter27", MISCREG_HPMCOUNTER27, rvTypeFlags(RV64, RV32),
      |                                                            ^~~~
      |                                                            gem5::enums::RV64
In file included from src/arch/riscv/regs/misc.hh:60,
                 from src/cpu/base.cc:53:
build/RISCV/enums/RiscvType.hh:16:9: note: ‘gem5::enums::RV64’ declared here
   16 |         RV64 = 1,
      |         ^~~~
In file included from src/cpu/base.cc:53:
src/arch/riscv/regs/misc.hh:1163:66: error: ‘RV32’ was not declared in this scope; did you mean ‘gem5::enums::RV32’?
 1163 |         {"hpmcounter27", MISCREG_HPMCOUNTER27, rvTypeFlags(RV64, RV32),
      |                                                                  ^~~~
      |                                                                  gem5::enums::RV32
In file included from src/arch/riscv/regs/misc.hh:60,
                 from src/cpu/base.cc:53:
build/RISCV/enums/RiscvType.hh:15:9: note: ‘gem5::enums::RV32’ declared here
   15 |         RV32 = 0,
      |         ^~~~
In file included from src/cpu/base.cc:53:
src/arch/riscv/regs/misc.hh:1166:60: error: ‘RV64’ was not declared in this scope; did you mean ‘gem5::enums::RV64’?
 1166 |         {"hpmcounter28", MISCREG_HPMCOUNTER28, rvTypeFlags(RV64, RV32),
      |                                                            ^~~~
      |                                                            gem5::enums::RV64
In file included from src/arch/riscv/regs/misc.hh:60,
                 from src/cpu/base.cc:53:
build/RISCV/enums/RiscvType.hh:16:9: note: ‘gem5::enums::RV64’ declared here
   16 |         RV64 = 1,
      |         ^~~~
In file included from src/cpu/base.cc:53:
src/arch/riscv/regs/misc.hh:1166:66: error: ‘RV32’ was not declared in this scope; did you mean ‘gem5::enums::RV32’?
 1166 |         {"hpmcounter28", MISCREG_HPMCOUNTER28, rvTypeFlags(RV64, RV32),
      |                                                                  ^~~~
      |                                                                  gem5::enums::RV32
In file included from src/arch/riscv/regs/misc.hh:60,
                 from src/cpu/base.cc:53:
build/RISCV/enums/RiscvType.hh:15:9: note: ‘gem5::enums::RV32’ declared here
   15 |         RV32 = 0,
      |         ^~~~
In file included from src/cpu/base.cc:53:
src/arch/riscv/regs/misc.hh:1169:60: error: ‘RV64’ was not declared in this scope; did you mean ‘gem5::enums::RV64’?
 1169 |         {"hpmcounter29", MISCREG_HPMCOUNTER29, rvTypeFlags(RV64, RV32),
      |                                                            ^~~~
      |                                                            gem5::enums::RV64
In file included from src/arch/riscv/regs/misc.hh:60,
                 from src/cpu/base.cc:53:
build/RISCV/enums/RiscvType.hh:16:9: note: ‘gem5::enums::RV64’ declared here
   16 |         RV64 = 1,
      |         ^~~~
In file included from src/cpu/base.cc:53:
src/arch/riscv/regs/misc.hh:1169:66: error: ‘RV32’ was not declared in this scope; did you mean ‘gem5::enums::RV32’?
 1169 |         {"hpmcounter29", MISCREG_HPMCOUNTER29, rvTypeFlags(RV64, RV32),
      |                                                                  ^~~~
      |                                                                  gem5::enums::RV32
In file included from src/arch/riscv/regs/misc.hh:60,
                 from src/cpu/base.cc:53:
build/RISCV/enums/RiscvType.hh:15:9: note: ‘gem5::enums::RV32’ declared here
   15 |         RV32 = 0,
      |         ^~~~
In file included from src/cpu/base.cc:53:
src/arch/riscv/regs/misc.hh:1172:60: error: ‘RV64’ was not declared in this scope; did you mean ‘gem5::enums::RV64’?
 1172 |         {"hpmcounter30", MISCREG_HPMCOUNTER30, rvTypeFlags(RV64, RV32),
      |                                                            ^~~~
      |                                                            gem5::enums::RV64
In file included from src/arch/riscv/regs/misc.hh:60,
                 from src/cpu/base.cc:53:
build/RISCV/enums/RiscvType.hh:16:9: note: ‘gem5::enums::RV64’ declared here
   16 |         RV64 = 1,
      |         ^~~~
In file included from src/cpu/base.cc:53:
src/arch/riscv/regs/misc.hh:1172:66: error: ‘RV32’ was not declared in this scope; did you mean ‘gem5::enums::RV32’?
 1172 |         {"hpmcounter30", MISCREG_HPMCOUNTER30, rvTypeFlags(RV64, RV32),
      |                                                                  ^~~~
      |                                                                  gem5::enums::RV32
In file included from src/arch/riscv/regs/misc.hh:60,
                 from src/cpu/base.cc:53:
build/RISCV/enums/RiscvType.hh:15:9: note: ‘gem5::enums::RV32’ declared here
   15 |         RV32 = 0,
      |         ^~~~
In file included from src/cpu/base.cc:53:
src/arch/riscv/regs/misc.hh:1175:60: error: ‘RV64’ was not declared in this scope; did you mean ‘gem5::enums::RV64’?
 1175 |         {"hpmcounter31", MISCREG_HPMCOUNTER31, rvTypeFlags(RV64, RV32),
      |                                                            ^~~~
      |                                                            gem5::enums::RV64
In file included from src/arch/riscv/regs/misc.hh:60,
                 from src/cpu/base.cc:53:
build/RISCV/enums/RiscvType.hh:16:9: note: ‘gem5::enums::RV64’ declared here
   16 |         RV64 = 1,
      |         ^~~~
In file included from src/cpu/base.cc:53:
src/arch/riscv/regs/misc.hh:1175:66: error: ‘RV32’ was not declared in this scope; did you mean ‘gem5::enums::RV32’?
 1175 |         {"hpmcounter31", MISCREG_HPMCOUNTER31, rvTypeFlags(RV64, RV32),
      |                                                                  ^~~~
      |                                                                  gem5::enums::RV32
In file included from src/arch/riscv/regs/misc.hh:60,
                 from src/cpu/base.cc:53:
build/RISCV/enums/RiscvType.hh:15:9: note: ‘gem5::enums::RV32’ declared here
   15 |         RV32 = 0,
      |         ^~~~
In file included from src/cpu/base.cc:53:
src/arch/riscv/regs/misc.hh:1178:48: error: ‘RV32’ was not declared in this scope; did you mean ‘gem5::enums::RV32’?
 1178 |         {"cycleh", MISCREG_CYCLEH, rvTypeFlags(RV32), isaExtsFlags()}},
      |                                                ^~~~
      |                                                gem5::enums::RV32
In file included from src/arch/riscv/regs/misc.hh:60,
                 from src/cpu/base.cc:53:
build/RISCV/enums/RiscvType.hh:15:9: note: ‘gem5::enums::RV32’ declared here
   15 |         RV32 = 0,
      |         ^~~~
In file included from src/cpu/base.cc:53:
src/arch/riscv/regs/misc.hh:1180:46: error: ‘RV32’ was not declared in this scope; did you mean ‘gem5::enums::RV32’?
 1180 |         {"timeh", MISCREG_TIMEH, rvTypeFlags(RV32), isaExtsFlags()}},
      |                                              ^~~~
      |                                              gem5::enums::RV32
In file included from src/arch/riscv/regs/misc.hh:60,
                 from src/cpu/base.cc:53:
build/RISCV/enums/RiscvType.hh:15:9: note: ‘gem5::enums::RV32’ declared here
   15 |         RV32 = 0,
      |         ^~~~
In file included from src/cpu/base.cc:53:
src/arch/riscv/regs/misc.hh:1182:52: error: ‘RV32’ was not declared in this scope; did you mean ‘gem5::enums::RV32’?
 1182 |         {"instreth", MISCREG_INSTRETH, rvTypeFlags(RV32), isaExtsFlags()}},
      |                                                    ^~~~
      |                                                    gem5::enums::RV32
In file included from src/arch/riscv/regs/misc.hh:60,
                 from src/cpu/base.cc:53:
build/RISCV/enums/RiscvType.hh:15:9: note: ‘gem5::enums::RV32’ declared here
   15 |         RV32 = 0,
      |         ^~~~
In file included from src/cpu/base.cc:53:
src/arch/riscv/regs/misc.hh:1184:62: error: ‘RV32’ was not declared in this scope; did you mean ‘gem5::enums::RV32’?
 1184 |         {"hpmcounter03h", MISCREG_HPMCOUNTER03H, rvTypeFlags(RV32),
      |                                                              ^~~~
      |                                                              gem5::enums::RV32
In file included from src/arch/riscv/regs/misc.hh:60,
                 from src/cpu/base.cc:53:
build/RISCV/enums/RiscvType.hh:15:9: note: ‘gem5::enums::RV32’ declared here
   15 |         RV32 = 0,
      |         ^~~~
In file included from src/cpu/base.cc:53:
src/arch/riscv/regs/misc.hh:1187:62: error: ‘RV32’ was not declared in this scope; did you mean ‘gem5::enums::RV32’?
 1187 |         {"hpmcounter04h", MISCREG_HPMCOUNTER04H, rvTypeFlags(RV32),
      |                                                              ^~~~
      |                                                              gem5::enums::RV32
In file included from src/arch/riscv/regs/misc.hh:60,
                 from src/cpu/base.cc:53:
build/RISCV/enums/RiscvType.hh:15:9: note: ‘gem5::enums::RV32’ declared here
   15 |         RV32 = 0,
      |         ^~~~
In file included from src/cpu/base.cc:53:
src/arch/riscv/regs/misc.hh:1190:62: error: ‘RV32’ was not declared in this scope; did you mean ‘gem5::enums::RV32’?
 1190 |         {"hpmcounter05h", MISCREG_HPMCOUNTER05H, rvTypeFlags(RV32),
      |                                                              ^~~~
      |                                                              gem5::enums::RV32
In file included from src/arch/riscv/regs/misc.hh:60,
                 from src/cpu/base.cc:53:
build/RISCV/enums/RiscvType.hh:15:9: note: ‘gem5::enums::RV32’ declared here
   15 |         RV32 = 0,
      |         ^~~~
In file included from src/cpu/base.cc:53:
src/arch/riscv/regs/misc.hh:1193:62: error: ‘RV32’ was not declared in this scope; did you mean ‘gem5::enums::RV32’?
 1193 |         {"hpmcounter06h", MISCREG_HPMCOUNTER06H, rvTypeFlags(RV32),
      |                                                              ^~~~
      |                                                              gem5::enums::RV32
In file included from src/arch/riscv/regs/misc.hh:60,
                 from src/cpu/base.cc:53:
build/RISCV/enums/RiscvType.hh:15:9: note: ‘gem5::enums::RV32’ declared here
   15 |         RV32 = 0,
      |         ^~~~
In file included from src/cpu/base.cc:53:
src/arch/riscv/regs/misc.hh:1196:62: error: ‘RV32’ was not declared in this scope; did you mean ‘gem5::enums::RV32’?
 1196 |         {"hpmcounter07h", MISCREG_HPMCOUNTER07H, rvTypeFlags(RV32),
      |                                                              ^~~~
      |                                                              gem5::enums::RV32
In file included from src/arch/riscv/regs/misc.hh:60,
                 from src/cpu/base.cc:53:
build/RISCV/enums/RiscvType.hh:15:9: note: ‘gem5::enums::RV32’ declared here
   15 |         RV32 = 0,
      |         ^~~~
In file included from src/cpu/base.cc:53:
src/arch/riscv/regs/misc.hh:1199:62: error: ‘RV32’ was not declared in this scope; did you mean ‘gem5::enums::RV32’?
 1199 |         {"hpmcounter08h", MISCREG_HPMCOUNTER08H, rvTypeFlags(RV32),
      |                                                              ^~~~
      |                                                              gem5::enums::RV32
In file included from src/arch/riscv/regs/misc.hh:60,
                 from src/cpu/base.cc:53:
build/RISCV/enums/RiscvType.hh:15:9: note: ‘gem5::enums::RV32’ declared here
   15 |         RV32 = 0,
      |         ^~~~
In file included from src/cpu/base.cc:53:
src/arch/riscv/regs/misc.hh:1202:62: error: ‘RV32’ was not declared in this scope; did you mean ‘gem5::enums::RV32’?
 1202 |         {"hpmcounter09h", MISCREG_HPMCOUNTER09H, rvTypeFlags(RV32),
      |                                                              ^~~~
      |                                                              gem5::enums::RV32
In file included from src/arch/riscv/regs/misc.hh:60,
                 from src/cpu/base.cc:53:
build/RISCV/enums/RiscvType.hh:15:9: note: ‘gem5::enums::RV32’ declared here
   15 |         RV32 = 0,
      |         ^~~~
In file included from src/cpu/base.cc:53:
src/arch/riscv/regs/misc.hh:1205:62: error: ‘RV32’ was not declared in this scope; did you mean ‘gem5::enums::RV32’?
 1205 |         {"hpmcounter10h", MISCREG_HPMCOUNTER10H, rvTypeFlags(RV32),
      |                                                              ^~~~
      |                                                              gem5::enums::RV32
In file included from src/arch/riscv/regs/misc.hh:60,
                 from src/cpu/base.cc:53:
build/RISCV/enums/RiscvType.hh:15:9: note: ‘gem5::enums::RV32’ declared here
   15 |         RV32 = 0,
      |         ^~~~
In file included from src/cpu/base.cc:53:
src/arch/riscv/regs/misc.hh:1208:62: error: ‘RV32’ was not declared in this scope; did you mean ‘gem5::enums::RV32’?
 1208 |         {"hpmcounter11h", MISCREG_HPMCOUNTER11H, rvTypeFlags(RV32),
      |                                                              ^~~~
      |                                                              gem5::enums::RV32
In file included from src/arch/riscv/regs/misc.hh:60,
                 from src/cpu/base.cc:53:
build/RISCV/enums/RiscvType.hh:15:9: note: ‘gem5::enums::RV32’ declared here
   15 |         RV32 = 0,
      |         ^~~~
In file included from src/cpu/base.cc:53:
src/arch/riscv/regs/misc.hh:1211:62: error: ‘RV32’ was not declared in this scope; did you mean ‘gem5::enums::RV32’?
 1211 |         {"hpmcounter12h", MISCREG_HPMCOUNTER12H, rvTypeFlags(RV32),
      |                                                              ^~~~
      |                                                              gem5::enums::RV32
In file included from src/arch/riscv/regs/misc.hh:60,
                 from src/cpu/base.cc:53:
build/RISCV/enums/RiscvType.hh:15:9: note: ‘gem5::enums::RV32’ declared here
   15 |         RV32 = 0,
      |         ^~~~
In file included from src/cpu/base.cc:53:
src/arch/riscv/regs/misc.hh:1214:62: error: ‘RV32’ was not declared in this scope; did you mean ‘gem5::enums::RV32’?
 1214 |         {"hpmcounter13h", MISCREG_HPMCOUNTER13H, rvTypeFlags(RV32),
      |                                                              ^~~~
      |                                                              gem5::enums::RV32
In file included from src/arch/riscv/regs/misc.hh:60,
                 from src/cpu/base.cc:53:
build/RISCV/enums/RiscvType.hh:15:9: note: ‘gem5::enums::RV32’ declared here
   15 |         RV32 = 0,
      |         ^~~~
In file included from src/cpu/base.cc:53:
src/arch/riscv/regs/misc.hh:1217:62: error: ‘RV32’ was not declared in this scope; did you mean ‘gem5::enums::RV32’?
 1217 |         {"hpmcounter14h", MISCREG_HPMCOUNTER14H, rvTypeFlags(RV32),
      |                                                              ^~~~
      |                                                              gem5::enums::RV32
In file included from src/arch/riscv/regs/misc.hh:60,
                 from src/cpu/base.cc:53:
build/RISCV/enums/RiscvType.hh:15:9: note: ‘gem5::enums::RV32’ declared here
   15 |         RV32 = 0,
      |         ^~~~
In file included from src/cpu/base.cc:53:
src/arch/riscv/regs/misc.hh:1220:62: error: ‘RV32’ was not declared in this scope; did you mean ‘gem5::enums::RV32’?
 1220 |         {"hpmcounter15h", MISCREG_HPMCOUNTER15H, rvTypeFlags(RV32),
      |                                                              ^~~~
      |                                                              gem5::enums::RV32
In file included from src/arch/riscv/regs/misc.hh:60,
                 from src/cpu/base.cc:53:
build/RISCV/enums/RiscvType.hh:15:9: note: ‘gem5::enums::RV32’ declared here
   15 |         RV32 = 0,
      |         ^~~~
In file included from src/cpu/base.cc:53:
src/arch/riscv/regs/misc.hh:1223:62: error: ‘RV32’ was not declared in this scope; did you mean ‘gem5::enums::RV32’?
 1223 |         {"hpmcounter16h", MISCREG_HPMCOUNTER16H, rvTypeFlags(RV32),
      |                                                              ^~~~
      |                                                              gem5::enums::RV32
In file included from src/arch/riscv/regs/misc.hh:60,
                 from src/cpu/base.cc:53:
build/RISCV/enums/RiscvType.hh:15:9: note: ‘gem5::enums::RV32’ declared here
   15 |         RV32 = 0,
      |         ^~~~
In file included from src/cpu/base.cc:53:
src/arch/riscv/regs/misc.hh:1226:62: error: ‘RV32’ was not declared in this scope; did you mean ‘gem5::enums::RV32’?
 1226 |         {"hpmcounter17h", MISCREG_HPMCOUNTER17H, rvTypeFlags(RV32),
      |                                                              ^~~~
      |                                                              gem5::enums::RV32
In file included from src/arch/riscv/regs/misc.hh:60,
                 from src/cpu/base.cc:53:
build/RISCV/enums/RiscvType.hh:15:9: note: ‘gem5::enums::RV32’ declared here
   15 |         RV32 = 0,
      |         ^~~~
In file included from src/cpu/base.cc:53:
src/arch/riscv/regs/misc.hh:1229:62: error: ‘RV32’ was not declared in this scope; did you mean ‘gem5::enums::RV32’?
 1229 |         {"hpmcounter18h", MISCREG_HPMCOUNTER18H, rvTypeFlags(RV32),
      |                                                              ^~~~
      |                                                              gem5::enums::RV32
In file included from src/arch/riscv/regs/misc.hh:60,
                 from src/cpu/base.cc:53:
build/RISCV/enums/RiscvType.hh:15:9: note: ‘gem5::enums::RV32’ declared here
   15 |         RV32 = 0,
      |         ^~~~
In file included from src/cpu/base.cc:53:
src/arch/riscv/regs/misc.hh:1232:62: error: ‘RV32’ was not declared in this scope; did you mean ‘gem5::enums::RV32’?
 1232 |         {"hpmcounter19h", MISCREG_HPMCOUNTER19H, rvTypeFlags(RV32),
      |                                                              ^~~~
      |                                                              gem5::enums::RV32
In file included from src/arch/riscv/regs/misc.hh:60,
                 from src/cpu/base.cc:53:
build/RISCV/enums/RiscvType.hh:15:9: note: ‘gem5::enums::RV32’ declared here
   15 |         RV32 = 0,
      |         ^~~~
In file included from src/cpu/base.cc:53:
src/arch/riscv/regs/misc.hh:1235:62: error: ‘RV32’ was not declared in this scope; did you mean ‘gem5::enums::RV32’?
 1235 |         {"hpmcounter20h", MISCREG_HPMCOUNTER20H, rvTypeFlags(RV32),
      |                                                              ^~~~
      |                                                              gem5::enums::RV32
In file included from src/arch/riscv/regs/misc.hh:60,
                 from src/cpu/base.cc:53:
build/RISCV/enums/RiscvType.hh:15:9: note: ‘gem5::enums::RV32’ declared here
   15 |         RV32 = 0,
      |         ^~~~
In file included from src/cpu/base.cc:53:
src/arch/riscv/regs/misc.hh:1238:62: error: ‘RV32’ was not declared in this scope; did you mean ‘gem5::enums::RV32’?
 1238 |         {"hpmcounter21h", MISCREG_HPMCOUNTER21H, rvTypeFlags(RV32),
      |                                                              ^~~~
      |                                                              gem5::enums::RV32
In file included from src/arch/riscv/regs/misc.hh:60,
                 from src/cpu/base.cc:53:
build/RISCV/enums/RiscvType.hh:15:9: note: ‘gem5::enums::RV32’ declared here
   15 |         RV32 = 0,
      |         ^~~~
In file included from src/cpu/base.cc:53:
src/arch/riscv/regs/misc.hh:1241:62: error: ‘RV32’ was not declared in this scope; did you mean ‘gem5::enums::RV32’?
 1241 |         {"hpmcounter22h", MISCREG_HPMCOUNTER22H, rvTypeFlags(RV32),
      |                                                              ^~~~
      |                                                              gem5::enums::RV32
In file included from src/arch/riscv/regs/misc.hh:60,
                 from src/cpu/base.cc:53:
build/RISCV/enums/RiscvType.hh:15:9: note: ‘gem5::enums::RV32’ declared here
   15 |         RV32 = 0,
      |         ^~~~
In file included from src/cpu/base.cc:53:
src/arch/riscv/regs/misc.hh:1244:62: error: ‘RV32’ was not declared in this scope; did you mean ‘gem5::enums::RV32’?
 1244 |         {"hpmcounter23h", MISCREG_HPMCOUNTER23H, rvTypeFlags(RV32),
      |                                                              ^~~~
      |                                                              gem5::enums::RV32
In file included from src/arch/riscv/regs/misc.hh:60,
                 from src/cpu/base.cc:53:
build/RISCV/enums/RiscvType.hh:15:9: note: ‘gem5::enums::RV32’ declared here
   15 |         RV32 = 0,
      |         ^~~~
In file included from src/cpu/base.cc:53:
src/arch/riscv/regs/misc.hh:1247:62: error: ‘RV32’ was not declared in this scope; did you mean ‘gem5::enums::RV32’?
 1247 |         {"hpmcounter24h", MISCREG_HPMCOUNTER24H, rvTypeFlags(RV32),
      |                                                              ^~~~
      |                                                              gem5::enums::RV32
In file included from src/arch/riscv/regs/misc.hh:60,
                 from src/cpu/base.cc:53:
build/RISCV/enums/RiscvType.hh:15:9: note: ‘gem5::enums::RV32’ declared here
   15 |         RV32 = 0,
      |         ^~~~
In file included from src/cpu/base.cc:53:
src/arch/riscv/regs/misc.hh:1250:62: error: ‘RV32’ was not declared in this scope; did you mean ‘gem5::enums::RV32’?
 1250 |         {"hpmcounter25h", MISCREG_HPMCOUNTER25H, rvTypeFlags(RV32),
      |                                                              ^~~~
      |                                                              gem5::enums::RV32
In file included from src/arch/riscv/regs/misc.hh:60,
                 from src/cpu/base.cc:53:
build/RISCV/enums/RiscvType.hh:15:9: note: ‘gem5::enums::RV32’ declared here
   15 |         RV32 = 0,
      |         ^~~~
In file included from src/cpu/base.cc:53:
src/arch/riscv/regs/misc.hh:1253:62: error: ‘RV32’ was not declared in this scope; did you mean ‘gem5::enums::RV32’?
 1253 |         {"hpmcounter26h", MISCREG_HPMCOUNTER26H, rvTypeFlags(RV32),
      |                                                              ^~~~
      |                                                              gem5::enums::RV32
In file included from src/arch/riscv/regs/misc.hh:60,
                 from src/cpu/base.cc:53:
build/RISCV/enums/RiscvType.hh:15:9: note: ‘gem5::enums::RV32’ declared here
   15 |         RV32 = 0,
      |         ^~~~
In file included from src/cpu/base.cc:53:
src/arch/riscv/regs/misc.hh:1256:62: error: ‘RV32’ was not declared in this scope; did you mean ‘gem5::enums::RV32’?
 1256 |         {"hpmcounter27h", MISCREG_HPMCOUNTER27H, rvTypeFlags(RV32),
      |                                                              ^~~~
      |                                                              gem5::enums::RV32
In file included from src/arch/riscv/regs/misc.hh:60,
                 from src/cpu/base.cc:53:
build/RISCV/enums/RiscvType.hh:15:9: note: ‘gem5::enums::RV32’ declared here
   15 |         RV32 = 0,
      |         ^~~~
In file included from src/cpu/base.cc:53:
src/arch/riscv/regs/misc.hh:1259:62: error: ‘RV32’ was not declared in this scope; did you mean ‘gem5::enums::RV32’?
 1259 |         {"hpmcounter28h", MISCREG_HPMCOUNTER28H, rvTypeFlags(RV32),
      |                                                              ^~~~
      |                                                              gem5::enums::RV32
In file included from src/arch/riscv/regs/misc.hh:60,
                 from src/cpu/base.cc:53:
build/RISCV/enums/RiscvType.hh:15:9: note: ‘gem5::enums::RV32’ declared here
   15 |         RV32 = 0,
      |         ^~~~
In file included from src/cpu/base.cc:53:
src/arch/riscv/regs/misc.hh:1262:62: error: ‘RV32’ was not declared in this scope; did you mean ‘gem5::enums::RV32’?
 1262 |         {"hpmcounter29h", MISCREG_HPMCOUNTER29H, rvTypeFlags(RV32),
      |                                                              ^~~~
      |                                                              gem5::enums::RV32
In file included from src/arch/riscv/regs/misc.hh:60,
                 from src/cpu/base.cc:53:
build/RISCV/enums/RiscvType.hh:15:9: note: ‘gem5::enums::RV32’ declared here
   15 |         RV32 = 0,
      |         ^~~~
In file included from src/cpu/base.cc:53:
src/arch/riscv/regs/misc.hh:1265:62: error: ‘RV32’ was not declared in this scope; did you mean ‘gem5::enums::RV32’?
 1265 |         {"hpmcounter30h", MISCREG_HPMCOUNTER30H, rvTypeFlags(RV32),
      |                                                              ^~~~
      |                                                              gem5::enums::RV32
In file included from src/arch/riscv/regs/misc.hh:60,
                 from src/cpu/base.cc:53:
build/RISCV/enums/RiscvType.hh:15:9: note: ‘gem5::enums::RV32’ declared here
   15 |         RV32 = 0,
      |         ^~~~
In file included from src/cpu/base.cc:53:
src/arch/riscv/regs/misc.hh:1268:62: error: ‘RV32’ was not declared in this scope; did you mean ‘gem5::enums::RV32’?
 1268 |         {"hpmcounter31h", MISCREG_HPMCOUNTER31H, rvTypeFlags(RV32),
      |                                                              ^~~~
      |                                                              gem5::enums::RV32
In file included from src/arch/riscv/regs/misc.hh:60,
                 from src/cpu/base.cc:53:
build/RISCV/enums/RiscvType.hh:15:9: note: ‘gem5::enums::RV32’ declared here
   15 |         RV32 = 0,
      |         ^~~~
In file included from src/cpu/base.cc:53:
src/arch/riscv/regs/misc.hh:1272:50: error: ‘RV64’ was not declared in this scope; did you mean ‘gem5::enums::RV64’?
 1272 |         {"sstatus", MISCREG_SSTATUS, rvTypeFlags(RV64, RV32),
      |                                                  ^~~~
      |                                                  gem5::enums::RV64
In file included from src/arch/riscv/regs/misc.hh:60,
                 from src/cpu/base.cc:53:
build/RISCV/enums/RiscvType.hh:16:9: note: ‘gem5::enums::RV64’ declared here
   16 |         RV64 = 1,
      |         ^~~~
In file included from src/cpu/base.cc:53:
src/arch/riscv/regs/misc.hh:1272:56: error: ‘RV32’ was not declared in this scope; did you mean ‘gem5::enums::RV32’?
 1272 |         {"sstatus", MISCREG_SSTATUS, rvTypeFlags(RV64, RV32),
      |                                                        ^~~~
      |                                                        gem5::enums::RV32
In file included from src/arch/riscv/regs/misc.hh:60,
                 from src/cpu/base.cc:53:
build/RISCV/enums/RiscvType.hh:15:9: note: ‘gem5::enums::RV32’ declared here
   15 |         RV32 = 0,
      |         ^~~~
In file included from src/cpu/base.cc:53:
src/arch/riscv/regs/misc.hh:1275:50: error: ‘RV64’ was not declared in this scope; did you mean ‘gem5::enums::RV64’?
 1275 |         {"sedeleg", MISCREG_SEDELEG, rvTypeFlags(RV64, RV32),
      |                                                  ^~~~
      |                                                  gem5::enums::RV64
In file included from src/arch/riscv/regs/misc.hh:60,
                 from src/cpu/base.cc:53:
build/RISCV/enums/RiscvType.hh:16:9: note: ‘gem5::enums::RV64’ declared here
   16 |         RV64 = 1,
      |         ^~~~
In file included from src/cpu/base.cc:53:
src/arch/riscv/regs/misc.hh:1275:56: error: ‘RV32’ was not declared in this scope; did you mean ‘gem5::enums::RV32’?
 1275 |         {"sedeleg", MISCREG_SEDELEG, rvTypeFlags(RV64, RV32),
      |                                                        ^~~~
      |                                                        gem5::enums::RV32
In file included from src/arch/riscv/regs/misc.hh:60,
                 from src/cpu/base.cc:53:
build/RISCV/enums/RiscvType.hh:15:9: note: ‘gem5::enums::RV32’ declared here
   15 |         RV32 = 0,
      |         ^~~~
In file included from src/cpu/base.cc:53:
src/arch/riscv/regs/misc.hh:1278:50: error: ‘RV64’ was not declared in this scope; did you mean ‘gem5::enums::RV64’?
 1278 |         {"sideleg", MISCREG_SIDELEG, rvTypeFlags(RV64, RV32),
      |                                                  ^~~~
      |                                                  gem5::enums::RV64
In file included from src/arch/riscv/regs/misc.hh:60,
                 from src/cpu/base.cc:53:
build/RISCV/enums/RiscvType.hh:16:9: note: ‘gem5::enums::RV64’ declared here
   16 |         RV64 = 1,
      |         ^~~~
In file included from src/cpu/base.cc:53:
src/arch/riscv/regs/misc.hh:1278:56: error: ‘RV32’ was not declared in this scope; did you mean ‘gem5::enums::RV32’?
 1278 |         {"sideleg", MISCREG_SIDELEG, rvTypeFlags(RV64, RV32),
      |                                                        ^~~~
      |                                                        gem5::enums::RV32
In file included from src/arch/riscv/regs/misc.hh:60,
                 from src/cpu/base.cc:53:
build/RISCV/enums/RiscvType.hh:15:9: note: ‘gem5::enums::RV32’ declared here
   15 |         RV32 = 0,
      |         ^~~~
In file included from src/cpu/base.cc:53:
src/arch/riscv/regs/misc.hh:1281:42: error: ‘RV64’ was not declared in this scope; did you mean ‘gem5::enums::RV64’?
 1281 |         {"sie", MISCREG_SIE, rvTypeFlags(RV64, RV32), isaExtsFlags('s')}},
      |                                          ^~~~
      |                                          gem5::enums::RV64
In file included from src/arch/riscv/regs/misc.hh:60,
                 from src/cpu/base.cc:53:
build/RISCV/enums/RiscvType.hh:16:9: note: ‘gem5::enums::RV64’ declared here
   16 |         RV64 = 1,
      |         ^~~~
In file included from src/cpu/base.cc:53:
src/arch/riscv/regs/misc.hh:1281:48: error: ‘RV32’ was not declared in this scope; did you mean ‘gem5::enums::RV32’?
 1281 |         {"sie", MISCREG_SIE, rvTypeFlags(RV64, RV32), isaExtsFlags('s')}},
      |                                                ^~~~
      |                                                gem5::enums::RV32
In file included from src/arch/riscv/regs/misc.hh:60,
                 from src/cpu/base.cc:53:
build/RISCV/enums/RiscvType.hh:15:9: note: ‘gem5::enums::RV32’ declared here
   15 |         RV32 = 0,
      |         ^~~~
In file included from src/cpu/base.cc:53:
src/arch/riscv/regs/misc.hh:1283:46: error: ‘RV64’ was not declared in this scope; did you mean ‘gem5::enums::RV64’?
 1283 |         {"stvec", MISCREG_STVEC, rvTypeFlags(RV64, RV32), isaExtsFlags('s')}},
      |                                              ^~~~
      |                                              gem5::enums::RV64
In file included from src/arch/riscv/regs/misc.hh:60,
                 from src/cpu/base.cc:53:
build/RISCV/enums/RiscvType.hh:16:9: note: ‘gem5::enums::RV64’ declared here
   16 |         RV64 = 1,
      |         ^~~~
In file included from src/cpu/base.cc:53:
src/arch/riscv/regs/misc.hh:1283:52: error: ‘RV32’ was not declared in this scope; did you mean ‘gem5::enums::RV32’?
 1283 |         {"stvec", MISCREG_STVEC, rvTypeFlags(RV64, RV32), isaExtsFlags('s')}},
      |                                                    ^~~~
      |                                                    gem5::enums::RV32
In file included from src/arch/riscv/regs/misc.hh:60,
                 from src/cpu/base.cc:53:
build/RISCV/enums/RiscvType.hh:15:9: note: ‘gem5::enums::RV32’ declared here
   15 |         RV32 = 0,
      |         ^~~~
In file included from src/cpu/base.cc:53:
src/arch/riscv/regs/misc.hh:1285:56: error: ‘RV64’ was not declared in this scope; did you mean ‘gem5::enums::RV64’?
 1285 |         {"scounteren", MISCREG_SCOUNTEREN, rvTypeFlags(RV64, RV32),
      |                                                        ^~~~
      |                                                        gem5::enums::RV64
In file included from src/arch/riscv/regs/misc.hh:60,
                 from src/cpu/base.cc:53:
build/RISCV/enums/RiscvType.hh:16:9: note: ‘gem5::enums::RV64’ declared here
   16 |         RV64 = 1,
      |         ^~~~
In file included from src/cpu/base.cc:53:
src/arch/riscv/regs/misc.hh:1285:62: error: ‘RV32’ was not declared in this scope; did you mean ‘gem5::enums::RV32’?
 1285 |         {"scounteren", MISCREG_SCOUNTEREN, rvTypeFlags(RV64, RV32),
      |                                                              ^~~~
      |                                                              gem5::enums::RV32
In file included from src/arch/riscv/regs/misc.hh:60,
                 from src/cpu/base.cc:53:
build/RISCV/enums/RiscvType.hh:15:9: note: ‘gem5::enums::RV32’ declared here
   15 |         RV32 = 0,
      |         ^~~~
In file included from src/cpu/base.cc:53:
src/arch/riscv/regs/misc.hh:1288:52: error: ‘RV64’ was not declared in this scope; did you mean ‘gem5::enums::RV64’?
 1288 |         {"sscratch", MISCREG_SSCRATCH, rvTypeFlags(RV64, RV32),
      |                                                    ^~~~
      |                                                    gem5::enums::RV64
In file included from src/arch/riscv/regs/misc.hh:60,
                 from src/cpu/base.cc:53:
build/RISCV/enums/RiscvType.hh:16:9: note: ‘gem5::enums::RV64’ declared here
   16 |         RV64 = 1,
      |         ^~~~
In file included from src/cpu/base.cc:53:
src/arch/riscv/regs/misc.hh:1288:58: error: ‘RV32’ was not declared in this scope; did you mean ‘gem5::enums::RV32’?
 1288 |         {"sscratch", MISCREG_SSCRATCH, rvTypeFlags(RV64, RV32),
      |                                                          ^~~~
      |                                                          gem5::enums::RV32
In file included from src/arch/riscv/regs/misc.hh:60,
                 from src/cpu/base.cc:53:
build/RISCV/enums/RiscvType.hh:15:9: note: ‘gem5::enums::RV32’ declared here
   15 |         RV32 = 0,
      |         ^~~~
In file included from src/cpu/base.cc:53:
src/arch/riscv/regs/misc.hh:1291:44: error: ‘RV64’ was not declared in this scope; did you mean ‘gem5::enums::RV64’?
 1291 |         {"sepc", MISCREG_SEPC, rvTypeFlags(RV64, RV32), isaExtsFlags('s')}},
      |                                            ^~~~
      |                                            gem5::enums::RV64
In file included from src/arch/riscv/regs/misc.hh:60,
                 from src/cpu/base.cc:53:
build/RISCV/enums/RiscvType.hh:16:9: note: ‘gem5::enums::RV64’ declared here
   16 |         RV64 = 1,
      |         ^~~~
In file included from src/cpu/base.cc:53:
src/arch/riscv/regs/misc.hh:1291:50: error: ‘RV32’ was not declared in this scope; did you mean ‘gem5::enums::RV32’?
 1291 |         {"sepc", MISCREG_SEPC, rvTypeFlags(RV64, RV32), isaExtsFlags('s')}},
      |                                                  ^~~~
      |                                                  gem5::enums::RV32
In file included from src/arch/riscv/regs/misc.hh:60,
                 from src/cpu/base.cc:53:
build/RISCV/enums/RiscvType.hh:15:9: note: ‘gem5::enums::RV32’ declared here
   15 |         RV32 = 0,
      |         ^~~~
In file included from src/cpu/base.cc:53:
src/arch/riscv/regs/misc.hh:1293:48: error: ‘RV64’ was not declared in this scope; did you mean ‘gem5::enums::RV64’?
 1293 |         {"scause", MISCREG_SCAUSE, rvTypeFlags(RV64, RV32),
      |                                                ^~~~
      |                                                gem5::enums::RV64
In file included from src/arch/riscv/regs/misc.hh:60,
                 from src/cpu/base.cc:53:
build/RISCV/enums/RiscvType.hh:16:9: note: ‘gem5::enums::RV64’ declared here
   16 |         RV64 = 1,
      |         ^~~~
In file included from src/cpu/base.cc:53:
src/arch/riscv/regs/misc.hh:1293:54: error: ‘RV32’ was not declared in this scope; did you mean ‘gem5::enums::RV32’?
 1293 |         {"scause", MISCREG_SCAUSE, rvTypeFlags(RV64, RV32),
      |                                                      ^~~~
      |                                                      gem5::enums::RV32
In file included from src/arch/riscv/regs/misc.hh:60,
                 from src/cpu/base.cc:53:
build/RISCV/enums/RiscvType.hh:15:9: note: ‘gem5::enums::RV32’ declared here
   15 |         RV32 = 0,
      |         ^~~~
In file included from src/cpu/base.cc:53:
src/arch/riscv/regs/misc.hh:1296:46: error: ‘RV64’ was not declared in this scope; did you mean ‘gem5::enums::RV64’?
 1296 |         {"stval", MISCREG_STVAL, rvTypeFlags(RV64, RV32), isaExtsFlags('s')}},
      |                                              ^~~~
      |                                              gem5::enums::RV64
In file included from src/arch/riscv/regs/misc.hh:60,
                 from src/cpu/base.cc:53:
build/RISCV/enums/RiscvType.hh:16:9: note: ‘gem5::enums::RV64’ declared here
   16 |         RV64 = 1,
      |         ^~~~
In file included from src/cpu/base.cc:53:
src/arch/riscv/regs/misc.hh:1296:52: error: ‘RV32’ was not declared in this scope; did you mean ‘gem5::enums::RV32’?
 1296 |         {"stval", MISCREG_STVAL, rvTypeFlags(RV64, RV32), isaExtsFlags('s')}},
      |                                                    ^~~~
      |                                                    gem5::enums::RV32
In file included from src/arch/riscv/regs/misc.hh:60,
                 from src/cpu/base.cc:53:
build/RISCV/enums/RiscvType.hh:15:9: note: ‘gem5::enums::RV32’ declared here
   15 |         RV32 = 0,
      |         ^~~~
In file included from src/cpu/base.cc:53:
src/arch/riscv/regs/misc.hh:1298:42: error: ‘RV64’ was not declared in this scope; did you mean ‘gem5::enums::RV64’?
 1298 |         {"sip", MISCREG_SIP, rvTypeFlags(RV64, RV32), isaExtsFlags('s')}},
      |                                          ^~~~
      |                                          gem5::enums::RV64
In file included from src/arch/riscv/regs/misc.hh:60,
                 from src/cpu/base.cc:53:
build/RISCV/enums/RiscvType.hh:16:9: note: ‘gem5::enums::RV64’ declared here
   16 |         RV64 = 1,
      |         ^~~~
In file included from src/cpu/base.cc:53:
src/arch/riscv/regs/misc.hh:1298:48: error: ‘RV32’ was not declared in this scope; did you mean ‘gem5::enums::RV32’?
 1298 |         {"sip", MISCREG_SIP, rvTypeFlags(RV64, RV32), isaExtsFlags('s')}},
      |                                                ^~~~
      |                                                gem5::enums::RV32
In file included from src/arch/riscv/regs/misc.hh:60,
                 from src/cpu/base.cc:53:
build/RISCV/enums/RiscvType.hh:15:9: note: ‘gem5::enums::RV32’ declared here
   15 |         RV32 = 0,
      |         ^~~~
In file included from src/cpu/base.cc:53:
src/arch/riscv/regs/misc.hh:1300:44: error: ‘RV64’ was not declared in this scope; did you mean ‘gem5::enums::RV64’?
 1300 |         {"satp", MISCREG_SATP, rvTypeFlags(RV64, RV32), isaExtsFlags('s')}},
      |                                            ^~~~
      |                                            gem5::enums::RV64
In file included from src/arch/riscv/regs/misc.hh:60,
                 from src/cpu/base.cc:53:
build/RISCV/enums/RiscvType.hh:16:9: note: ‘gem5::enums::RV64’ declared here
   16 |         RV64 = 1,
      |         ^~~~
In file included from src/cpu/base.cc:53:
src/arch/riscv/regs/misc.hh:1300:50: error: ‘RV32’ was not declared in this scope; did you mean ‘gem5::enums::RV32’?
 1300 |         {"satp", MISCREG_SATP, rvTypeFlags(RV64, RV32), isaExtsFlags('s')}},
      |                                                  ^~~~
      |                                                  gem5::enums::RV32
In file included from src/arch/riscv/regs/misc.hh:60,
                 from src/cpu/base.cc:53:
build/RISCV/enums/RiscvType.hh:15:9: note: ‘gem5::enums::RV32’ declared here
   15 |         RV32 = 0,
      |         ^~~~
In file included from src/cpu/base.cc:53:
src/arch/riscv/regs/misc.hh:1303:53: error: ‘RV64’ was not declared in this scope; did you mean ‘gem5::enums::RV64’?
 1303 |         {"mvendorid", MISCREG_VENDORID, rvTypeFlags(RV64, RV32),
      |                                                     ^~~~
      |                                                     gem5::enums::RV64
In file included from src/arch/riscv/regs/misc.hh:60,
                 from src/cpu/base.cc:53:
build/RISCV/enums/RiscvType.hh:16:9: note: ‘gem5::enums::RV64’ declared here
   16 |         RV64 = 1,
      |         ^~~~
In file included from src/cpu/base.cc:53:
src/arch/riscv/regs/misc.hh:1303:59: error: ‘RV32’ was not declared in this scope; did you mean ‘gem5::enums::RV32’?
 1303 |         {"mvendorid", MISCREG_VENDORID, rvTypeFlags(RV64, RV32),
      |                                                           ^~~~
      |                                                           gem5::enums::RV32
In file included from src/arch/riscv/regs/misc.hh:60,
                 from src/cpu/base.cc:53:
build/RISCV/enums/RiscvType.hh:15:9: note: ‘gem5::enums::RV32’ declared here
   15 |         RV32 = 0,
      |         ^~~~
In file included from src/cpu/base.cc:53:
src/arch/riscv/regs/misc.hh:1306:49: error: ‘RV64’ was not declared in this scope; did you mean ‘gem5::enums::RV64’?
 1306 |         {"marchid", MISCREG_ARCHID, rvTypeFlags(RV64, RV32), isaExtsFlags()}},
      |                                                 ^~~~
      |                                                 gem5::enums::RV64
In file included from src/arch/riscv/regs/misc.hh:60,
                 from src/cpu/base.cc:53:
build/RISCV/enums/RiscvType.hh:16:9: note: ‘gem5::enums::RV64’ declared here
   16 |         RV64 = 1,
      |         ^~~~
In file included from src/cpu/base.cc:53:
src/arch/riscv/regs/misc.hh:1306:55: error: ‘RV32’ was not declared in this scope; did you mean ‘gem5::enums::RV32’?
 1306 |         {"marchid", MISCREG_ARCHID, rvTypeFlags(RV64, RV32), isaExtsFlags()}},
      |                                                       ^~~~
      |                                                       gem5::enums::RV32
In file included from src/arch/riscv/regs/misc.hh:60,
                 from src/cpu/base.cc:53:
build/RISCV/enums/RiscvType.hh:15:9: note: ‘gem5::enums::RV32’ declared here
   15 |         RV32 = 0,
      |         ^~~~
In file included from src/cpu/base.cc:53:
src/arch/riscv/regs/misc.hh:1308:47: error: ‘RV64’ was not declared in this scope; did you mean ‘gem5::enums::RV64’?
 1308 |         {"mimpid", MISCREG_IMPID, rvTypeFlags(RV64, RV32), isaExtsFlags()}},
      |                                               ^~~~
      |                                               gem5::enums::RV64
In file included from src/arch/riscv/regs/misc.hh:60,
                 from src/cpu/base.cc:53:
build/RISCV/enums/RiscvType.hh:16:9: note: ‘gem5::enums::RV64’ declared here
   16 |         RV64 = 1,
      |         ^~~~
In file included from src/cpu/base.cc:53:
src/arch/riscv/regs/misc.hh:1308:53: error: ‘RV32’ was not declared in this scope; did you mean ‘gem5::enums::RV32’?
 1308 |         {"mimpid", MISCREG_IMPID, rvTypeFlags(RV64, RV32), isaExtsFlags()}},
      |                                                     ^~~~
      |                                                     gem5::enums::RV32
In file included from src/arch/riscv/regs/misc.hh:60,
                 from src/cpu/base.cc:53:
build/RISCV/enums/RiscvType.hh:15:9: note: ‘gem5::enums::RV32’ declared here
   15 |         RV32 = 0,
      |         ^~~~
In file included from src/cpu/base.cc:53:
src/arch/riscv/regs/misc.hh:1310:49: error: ‘RV64’ was not declared in this scope; did you mean ‘gem5::enums::RV64’?
 1310 |         {"mhartid", MISCREG_HARTID, rvTypeFlags(RV64, RV32), isaExtsFlags()}},
      |                                                 ^~~~
      |                                                 gem5::enums::RV64
In file included from src/arch/riscv/regs/misc.hh:60,
                 from src/cpu/base.cc:53:
build/RISCV/enums/RiscvType.hh:16:9: note: ‘gem5::enums::RV64’ declared here
   16 |         RV64 = 1,
      |         ^~~~
In file included from src/cpu/base.cc:53:
src/arch/riscv/regs/misc.hh:1310:55: error: ‘RV32’ was not declared in this scope; did you mean ‘gem5::enums::RV32’?
 1310 |         {"mhartid", MISCREG_HARTID, rvTypeFlags(RV64, RV32), isaExtsFlags()}},
      |                                                       ^~~~
      |                                                       gem5::enums::RV32
In file included from src/arch/riscv/regs/misc.hh:60,
                 from src/cpu/base.cc:53:
build/RISCV/enums/RiscvType.hh:15:9: note: ‘gem5::enums::RV32’ declared here
   15 |         RV32 = 0,
      |         ^~~~
In file included from src/cpu/base.cc:53:
src/arch/riscv/regs/misc.hh:1312:50: error: ‘RV64’ was not declared in this scope; did you mean ‘gem5::enums::RV64’?
 1312 |         {"mstatus", MISCREG_MSTATUS, rvTypeFlags(RV64, RV32), isaExtsFlags()}},
      |                                                  ^~~~
      |                                                  gem5::enums::RV64
In file included from src/arch/riscv/regs/misc.hh:60,
                 from src/cpu/base.cc:53:
build/RISCV/enums/RiscvType.hh:16:9: note: ‘gem5::enums::RV64’ declared here
   16 |         RV64 = 1,
      |         ^~~~
In file included from src/cpu/base.cc:53:
src/arch/riscv/regs/misc.hh:1312:56: error: ‘RV32’ was not declared in this scope; did you mean ‘gem5::enums::RV32’?
 1312 |         {"mstatus", MISCREG_MSTATUS, rvTypeFlags(RV64, RV32), isaExtsFlags()}},
      |                                                        ^~~~
      |                                                        gem5::enums::RV32
In file included from src/arch/riscv/regs/misc.hh:60,
                 from src/cpu/base.cc:53:
build/RISCV/enums/RiscvType.hh:15:9: note: ‘gem5::enums::RV32’ declared here
   15 |         RV32 = 0,
      |         ^~~~
In file included from src/cpu/base.cc:53:
src/arch/riscv/regs/misc.hh:1314:43: error: ‘RV64’ was not declared in this scope; did you mean ‘gem5::enums::RV64’?
 1314 |         {"misa", MISCREG_ISA, rvTypeFlags(RV64, RV32), isaExtsFlags()}},
      |                                           ^~~~
      |                                           gem5::enums::RV64
In file included from src/arch/riscv/regs/misc.hh:60,
                 from src/cpu/base.cc:53:
build/RISCV/enums/RiscvType.hh:16:9: note: ‘gem5::enums::RV64’ declared here
   16 |         RV64 = 1,
      |         ^~~~
In file included from src/cpu/base.cc:53:
src/arch/riscv/regs/misc.hh:1314:49: error: ‘RV32’ was not declared in this scope; did you mean ‘gem5::enums::RV32’?
 1314 |         {"misa", MISCREG_ISA, rvTypeFlags(RV64, RV32), isaExtsFlags()}},
      |                                                 ^~~~
      |                                                 gem5::enums::RV32
In file included from src/arch/riscv/regs/misc.hh:60,
                 from src/cpu/base.cc:53:
build/RISCV/enums/RiscvType.hh:15:9: note: ‘gem5::enums::RV32’ declared here
   15 |         RV32 = 0,
      |         ^~~~
In file included from src/cpu/base.cc:53:
src/arch/riscv/regs/misc.hh:1316:50: error: ‘RV64’ was not declared in this scope; did you mean ‘gem5::enums::RV64’?
 1316 |         {"medeleg", MISCREG_MEDELEG, rvTypeFlags(RV64, RV32), isaExtsFlags()}},
      |                                                  ^~~~
      |                                                  gem5::enums::RV64
In file included from src/arch/riscv/regs/misc.hh:60,
                 from src/cpu/base.cc:53:
build/RISCV/enums/RiscvType.hh:16:9: note: ‘gem5::enums::RV64’ declared here
   16 |         RV64 = 1,
      |         ^~~~
In file included from src/cpu/base.cc:53:
src/arch/riscv/regs/misc.hh:1316:56: error: ‘RV32’ was not declared in this scope; did you mean ‘gem5::enums::RV32’?
 1316 |         {"medeleg", MISCREG_MEDELEG, rvTypeFlags(RV64, RV32), isaExtsFlags()}},
      |                                                        ^~~~
      |                                                        gem5::enums::RV32
In file included from src/arch/riscv/regs/misc.hh:60,
                 from src/cpu/base.cc:53:
build/RISCV/enums/RiscvType.hh:15:9: note: ‘gem5::enums::RV32’ declared here
   15 |         RV32 = 0,
      |         ^~~~
In file included from src/cpu/base.cc:53:
src/arch/riscv/regs/misc.hh:1318:50: error: ‘RV64’ was not declared in this scope; did you mean ‘gem5::enums::RV64’?
 1318 |         {"mideleg", MISCREG_MIDELEG, rvTypeFlags(RV64, RV32), isaExtsFlags()}},
      |                                                  ^~~~
      |                                                  gem5::enums::RV64
In file included from src/arch/riscv/regs/misc.hh:60,
                 from src/cpu/base.cc:53:
build/RISCV/enums/RiscvType.hh:16:9: note: ‘gem5::enums::RV64’ declared here
   16 |         RV64 = 1,
      |         ^~~~
In file included from src/cpu/base.cc:53:
src/arch/riscv/regs/misc.hh:1318:56: error: ‘RV32’ was not declared in this scope; did you mean ‘gem5::enums::RV32’?
 1318 |         {"mideleg", MISCREG_MIDELEG, rvTypeFlags(RV64, RV32), isaExtsFlags()}},
      |                                                        ^~~~
      |                                                        gem5::enums::RV32
In file included from src/arch/riscv/regs/misc.hh:60,
                 from src/cpu/base.cc:53:
build/RISCV/enums/RiscvType.hh:15:9: note: ‘gem5::enums::RV32’ declared here
   15 |         RV32 = 0,
      |         ^~~~
In file included from src/cpu/base.cc:53:
src/arch/riscv/regs/misc.hh:1320:42: error: ‘RV64’ was not declared in this scope; did you mean ‘gem5::enums::RV64’?
 1320 |         {"mie", MISCREG_MIE, rvTypeFlags(RV64, RV32), isaExtsFlags()}},
      |                                          ^~~~
      |                                          gem5::enums::RV64
In file included from src/arch/riscv/regs/misc.hh:60,
                 from src/cpu/base.cc:53:
build/RISCV/enums/RiscvType.hh:16:9: note: ‘gem5::enums::RV64’ declared here
   16 |         RV64 = 1,
      |         ^~~~
In file included from src/cpu/base.cc:53:
src/arch/riscv/regs/misc.hh:1320:48: error: ‘RV32’ was not declared in this scope; did you mean ‘gem5::enums::RV32’?
 1320 |         {"mie", MISCREG_MIE, rvTypeFlags(RV64, RV32), isaExtsFlags()}},
      |                                                ^~~~
      |                                                gem5::enums::RV32
In file included from src/arch/riscv/regs/misc.hh:60,
                 from src/cpu/base.cc:53:
build/RISCV/enums/RiscvType.hh:15:9: note: ‘gem5::enums::RV32’ declared here
   15 |         RV32 = 0,
      |         ^~~~
In file included from src/cpu/base.cc:53:
src/arch/riscv/regs/misc.hh:1322:46: error: ‘RV64’ was not declared in this scope; did you mean ‘gem5::enums::RV64’?
 1322 |         {"mtvec", MISCREG_MTVEC, rvTypeFlags(RV64, RV32), isaExtsFlags()}},
      |                                              ^~~~
      |                                              gem5::enums::RV64
In file included from src/arch/riscv/regs/misc.hh:60,
                 from src/cpu/base.cc:53:
build/RISCV/enums/RiscvType.hh:16:9: note: ‘gem5::enums::RV64’ declared here
   16 |         RV64 = 1,
      |         ^~~~
In file included from src/cpu/base.cc:53:
src/arch/riscv/regs/misc.hh:1322:52: error: ‘RV32’ was not declared in this scope; did you mean ‘gem5::enums::RV32’?
 1322 |         {"mtvec", MISCREG_MTVEC, rvTypeFlags(RV64, RV32), isaExtsFlags()}},
      |                                                    ^~~~
      |                                                    gem5::enums::RV32
In file included from src/arch/riscv/regs/misc.hh:60,
                 from src/cpu/base.cc:53:
build/RISCV/enums/RiscvType.hh:15:9: note: ‘gem5::enums::RV32’ declared here
   15 |         RV32 = 0,
      |         ^~~~
In file included from src/cpu/base.cc:53:
src/arch/riscv/regs/misc.hh:1324:56: error: ‘RV64’ was not declared in this scope; did you mean ‘gem5::enums::RV64’?
 1324 |         {"mcounteren", MISCREG_MCOUNTEREN, rvTypeFlags(RV64, RV32),
      |                                                        ^~~~
      |                                                        gem5::enums::RV64
In file included from src/arch/riscv/regs/misc.hh:60,
                 from src/cpu/base.cc:53:
build/RISCV/enums/RiscvType.hh:16:9: note: ‘gem5::enums::RV64’ declared here
   16 |         RV64 = 1,
      |         ^~~~
In file included from src/cpu/base.cc:53:
src/arch/riscv/regs/misc.hh:1324:62: error: ‘RV32’ was not declared in this scope; did you mean ‘gem5::enums::RV32’?
 1324 |         {"mcounteren", MISCREG_MCOUNTEREN, rvTypeFlags(RV64, RV32),
      |                                                              ^~~~
      |                                                              gem5::enums::RV32
In file included from src/arch/riscv/regs/misc.hh:60,
                 from src/cpu/base.cc:53:
build/RISCV/enums/RiscvType.hh:15:9: note: ‘gem5::enums::RV32’ declared here
   15 |         RV32 = 0,
      |         ^~~~
In file included from src/cpu/base.cc:53:
src/arch/riscv/regs/misc.hh:1327:52: error: ‘RV32’ was not declared in this scope; did you mean ‘gem5::enums::RV32’?
 1327 |         {"mstatush", MISCREG_MSTATUSH, rvTypeFlags(RV32), isaExtsFlags()}},
      |                                                    ^~~~
      |                                                    gem5::enums::RV32
In file included from src/arch/riscv/regs/misc.hh:60,
                 from src/cpu/base.cc:53:
build/RISCV/enums/RiscvType.hh:15:9: note: ‘gem5::enums::RV32’ declared here
   15 |         RV32 = 0,
      |         ^~~~
In file included from src/cpu/base.cc:53:
src/arch/riscv/regs/misc.hh:1329:52: error: ‘RV64’ was not declared in this scope; did you mean ‘gem5::enums::RV64’?
 1329 |         {"mscratch", MISCREG_MSCRATCH, rvTypeFlags(RV64, RV32),
      |                                                    ^~~~
      |                                                    gem5::enums::RV64
In file included from src/arch/riscv/regs/misc.hh:60,
                 from src/cpu/base.cc:53:
build/RISCV/enums/RiscvType.hh:16:9: note: ‘gem5::enums::RV64’ declared here
   16 |         RV64 = 1,
      |         ^~~~
In file included from src/cpu/base.cc:53:
src/arch/riscv/regs/misc.hh:1329:58: error: ‘RV32’ was not declared in this scope; did you mean ‘gem5::enums::RV32’?
 1329 |         {"mscratch", MISCREG_MSCRATCH, rvTypeFlags(RV64, RV32),
      |                                                          ^~~~
      |                                                          gem5::enums::RV32
In file included from src/arch/riscv/regs/misc.hh:60,
                 from src/cpu/base.cc:53:
build/RISCV/enums/RiscvType.hh:15:9: note: ‘gem5::enums::RV32’ declared here
   15 |         RV32 = 0,
      |         ^~~~
In file included from src/cpu/base.cc:53:
src/arch/riscv/regs/misc.hh:1332:44: error: ‘RV64’ was not declared in this scope; did you mean ‘gem5::enums::RV64’?
 1332 |         {"mepc", MISCREG_MEPC, rvTypeFlags(RV64, RV32), isaExtsFlags()}},
      |                                            ^~~~
      |                                            gem5::enums::RV64
In file included from src/arch/riscv/regs/misc.hh:60,
                 from src/cpu/base.cc:53:
build/RISCV/enums/RiscvType.hh:16:9: note: ‘gem5::enums::RV64’ declared here
   16 |         RV64 = 1,
      |         ^~~~
In file included from src/cpu/base.cc:53:
src/arch/riscv/regs/misc.hh:1332:50: error: ‘RV32’ was not declared in this scope; did you mean ‘gem5::enums::RV32’?
 1332 |         {"mepc", MISCREG_MEPC, rvTypeFlags(RV64, RV32), isaExtsFlags()}},
      |                                                  ^~~~
      |                                                  gem5::enums::RV32
In file included from src/arch/riscv/regs/misc.hh:60,
                 from src/cpu/base.cc:53:
build/RISCV/enums/RiscvType.hh:15:9: note: ‘gem5::enums::RV32’ declared here
   15 |         RV32 = 0,
      |         ^~~~
In file included from src/cpu/base.cc:53:
src/arch/riscv/regs/misc.hh:1334:48: error: ‘RV64’ was not declared in this scope; did you mean ‘gem5::enums::RV64’?
 1334 |         {"mcause", MISCREG_MCAUSE, rvTypeFlags(RV64, RV32), isaExtsFlags()}},
      |                                                ^~~~
      |                                                gem5::enums::RV64
In file included from src/arch/riscv/regs/misc.hh:60,
                 from src/cpu/base.cc:53:
build/RISCV/enums/RiscvType.hh:16:9: note: ‘gem5::enums::RV64’ declared here
   16 |         RV64 = 1,
      |         ^~~~
In file included from src/cpu/base.cc:53:
src/arch/riscv/regs/misc.hh:1334:54: error: ‘RV32’ was not declared in this scope; did you mean ‘gem5::enums::RV32’?
 1334 |         {"mcause", MISCREG_MCAUSE, rvTypeFlags(RV64, RV32), isaExtsFlags()}},
      |                                                      ^~~~
      |                                                      gem5::enums::RV32
In file included from src/arch/riscv/regs/misc.hh:60,
                 from src/cpu/base.cc:53:
build/RISCV/enums/RiscvType.hh:15:9: note: ‘gem5::enums::RV32’ declared here
   15 |         RV32 = 0,
      |         ^~~~
In file included from src/cpu/base.cc:53:
src/arch/riscv/regs/misc.hh:1336:46: error: ‘RV64’ was not declared in this scope; did you mean ‘gem5::enums::RV64’?
 1336 |         {"mtval", MISCREG_MTVAL, rvTypeFlags(RV64, RV32), isaExtsFlags()}},
      |                                              ^~~~
      |                                              gem5::enums::RV64
In file included from src/arch/riscv/regs/misc.hh:60,
                 from src/cpu/base.cc:53:
build/RISCV/enums/RiscvType.hh:16:9: note: ‘gem5::enums::RV64’ declared here
   16 |         RV64 = 1,
      |         ^~~~
In file included from src/cpu/base.cc:53:
src/arch/riscv/regs/misc.hh:1336:52: error: ‘RV32’ was not declared in this scope; did you mean ‘gem5::enums::RV32’?
 1336 |         {"mtval", MISCREG_MTVAL, rvTypeFlags(RV64, RV32), isaExtsFlags()}},
      |                                                    ^~~~
      |                                                    gem5::enums::RV32
In file included from src/arch/riscv/regs/misc.hh:60,
                 from src/cpu/base.cc:53:
build/RISCV/enums/RiscvType.hh:15:9: note: ‘gem5::enums::RV32’ declared here
   15 |         RV32 = 0,
      |         ^~~~
In file included from src/cpu/base.cc:53:
src/arch/riscv/regs/misc.hh:1338:42: error: ‘RV64’ was not declared in this scope; did you mean ‘gem5::enums::RV64’?
 1338 |         {"mip", MISCREG_MIP, rvTypeFlags(RV64, RV32), isaExtsFlags()}},
      |                                          ^~~~
      |                                          gem5::enums::RV64
In file included from src/arch/riscv/regs/misc.hh:60,
                 from src/cpu/base.cc:53:
build/RISCV/enums/RiscvType.hh:16:9: note: ‘gem5::enums::RV64’ declared here
   16 |         RV64 = 1,
      |         ^~~~
In file included from src/cpu/base.cc:53:
src/arch/riscv/regs/misc.hh:1338:48: error: ‘RV32’ was not declared in this scope; did you mean ‘gem5::enums::RV32’?
 1338 |         {"mip", MISCREG_MIP, rvTypeFlags(RV64, RV32), isaExtsFlags()}},
      |                                                ^~~~
      |                                                gem5::enums::RV32
In file included from src/arch/riscv/regs/misc.hh:60,
                 from src/cpu/base.cc:53:
build/RISCV/enums/RiscvType.hh:15:9: note: ‘gem5::enums::RV32’ declared here
   15 |         RV32 = 0,
      |         ^~~~
In file included from src/cpu/base.cc:53:
src/arch/riscv/regs/misc.hh:1340:50: error: ‘RV64’ was not declared in this scope; did you mean ‘gem5::enums::RV64’?
 1340 |         {"pmpcfg0", MISCREG_PMPCFG0, rvTypeFlags(RV64, RV32), isaExtsFlags()}},
      |                                                  ^~~~
      |                                                  gem5::enums::RV64
In file included from src/arch/riscv/regs/misc.hh:60,
                 from src/cpu/base.cc:53:
build/RISCV/enums/RiscvType.hh:16:9: note: ‘gem5::enums::RV64’ declared here
   16 |         RV64 = 1,
      |         ^~~~
In file included from src/cpu/base.cc:53:
src/arch/riscv/regs/misc.hh:1340:56: error: ‘RV32’ was not declared in this scope; did you mean ‘gem5::enums::RV32’?
 1340 |         {"pmpcfg0", MISCREG_PMPCFG0, rvTypeFlags(RV64, RV32), isaExtsFlags()}},
      |                                                        ^~~~
      |                                                        gem5::enums::RV32
In file included from src/arch/riscv/regs/misc.hh:60,
                 from src/cpu/base.cc:53:
build/RISCV/enums/RiscvType.hh:15:9: note: ‘gem5::enums::RV32’ declared here
   15 |         RV32 = 0,
      |         ^~~~
In file included from src/cpu/base.cc:53:
src/arch/riscv/regs/misc.hh:1343:50: error: ‘RV32’ was not declared in this scope; did you mean ‘gem5::enums::RV32’?
 1343 |         {"pmpcfg1", MISCREG_PMPCFG1, rvTypeFlags(RV32), isaExtsFlags()}},
      |                                                  ^~~~
      |                                                  gem5::enums::RV32
In file included from src/arch/riscv/regs/misc.hh:60,
                 from src/cpu/base.cc:53:
build/RISCV/enums/RiscvType.hh:15:9: note: ‘gem5::enums::RV32’ declared here
   15 |         RV32 = 0,
      |         ^~~~
In file included from src/cpu/base.cc:53:
src/arch/riscv/regs/misc.hh:1345:50: error: ‘RV64’ was not declared in this scope; did you mean ‘gem5::enums::RV64’?
 1345 |         {"pmpcfg2", MISCREG_PMPCFG2, rvTypeFlags(RV64, RV32), isaExtsFlags()}},
      |                                                  ^~~~
      |                                                  gem5::enums::RV64
In file included from src/arch/riscv/regs/misc.hh:60,
                 from src/cpu/base.cc:53:
build/RISCV/enums/RiscvType.hh:16:9: note: ‘gem5::enums::RV64’ declared here
   16 |         RV64 = 1,
      |         ^~~~
In file included from src/cpu/base.cc:53:
src/arch/riscv/regs/misc.hh:1345:56: error: ‘RV32’ was not declared in this scope; did you mean ‘gem5::enums::RV32’?
 1345 |         {"pmpcfg2", MISCREG_PMPCFG2, rvTypeFlags(RV64, RV32), isaExtsFlags()}},
      |                                                        ^~~~
      |                                                        gem5::enums::RV32
In file included from src/arch/riscv/regs/misc.hh:60,
                 from src/cpu/base.cc:53:
build/RISCV/enums/RiscvType.hh:15:9: note: ‘gem5::enums::RV32’ declared here
   15 |         RV32 = 0,
      |         ^~~~
In file included from src/cpu/base.cc:53:
src/arch/riscv/regs/misc.hh:1348:50: error: ‘RV32’ was not declared in this scope; did you mean ‘gem5::enums::RV32’?
 1348 |         {"pmpcfg3", MISCREG_PMPCFG3, rvTypeFlags(RV32), isaExtsFlags()}},
      |                                                  ^~~~
      |                                                  gem5::enums::RV32
In file included from src/arch/riscv/regs/misc.hh:60,
                 from src/cpu/base.cc:53:
build/RISCV/enums/RiscvType.hh:15:9: note: ‘gem5::enums::RV32’ declared here
   15 |         RV32 = 0,
      |         ^~~~
In file included from src/cpu/base.cc:53:
src/arch/riscv/regs/misc.hh:1350:53: error: ‘RV64’ was not declared in this scope; did you mean ‘gem5::enums::RV64’?
 1350 |         {"pmpaddr0", MISCREG_PMPADDR00, rvTypeFlags(RV64, RV32),
      |                                                     ^~~~
      |                                                     gem5::enums::RV64
In file included from src/arch/riscv/regs/misc.hh:60,
                 from src/cpu/base.cc:53:
build/RISCV/enums/RiscvType.hh:16:9: note: ‘gem5::enums::RV64’ declared here
   16 |         RV64 = 1,
      |         ^~~~
In file included from src/cpu/base.cc:53:
src/arch/riscv/regs/misc.hh:1350:59: error: ‘RV32’ was not declared in this scope; did you mean ‘gem5::enums::RV32’?
 1350 |         {"pmpaddr0", MISCREG_PMPADDR00, rvTypeFlags(RV64, RV32),
      |                                                           ^~~~
      |                                                           gem5::enums::RV32
In file included from src/arch/riscv/regs/misc.hh:60,
                 from src/cpu/base.cc:53:
build/RISCV/enums/RiscvType.hh:15:9: note: ‘gem5::enums::RV32’ declared here
   15 |         RV32 = 0,
      |         ^~~~
In file included from src/cpu/base.cc:53:
src/arch/riscv/regs/misc.hh:1353:53: error: ‘RV64’ was not declared in this scope; did you mean ‘gem5::enums::RV64’?
 1353 |         {"pmpaddr1", MISCREG_PMPADDR01, rvTypeFlags(RV64, RV32),
      |                                                     ^~~~
      |                                                     gem5::enums::RV64
In file included from src/arch/riscv/regs/misc.hh:60,
                 from src/cpu/base.cc:53:
build/RISCV/enums/RiscvType.hh:16:9: note: ‘gem5::enums::RV64’ declared here
   16 |         RV64 = 1,
      |         ^~~~
In file included from src/cpu/base.cc:53:
src/arch/riscv/regs/misc.hh:1353:59: error: ‘RV32’ was not declared in this scope; did you mean ‘gem5::enums::RV32’?
 1353 |         {"pmpaddr1", MISCREG_PMPADDR01, rvTypeFlags(RV64, RV32),
      |                                                           ^~~~
      |                                                           gem5::enums::RV32
In file included from src/arch/riscv/regs/misc.hh:60,
                 from src/cpu/base.cc:53:
build/RISCV/enums/RiscvType.hh:15:9: note: ‘gem5::enums::RV32’ declared here
   15 |         RV32 = 0,
      |         ^~~~
In file included from src/cpu/base.cc:53:
src/arch/riscv/regs/misc.hh:1356:53: error: ‘RV64’ was not declared in this scope; did you mean ‘gem5::enums::RV64’?
 1356 |         {"pmpaddr2", MISCREG_PMPADDR02, rvTypeFlags(RV64, RV32),
      |                                                     ^~~~
      |                                                     gem5::enums::RV64
In file included from src/arch/riscv/regs/misc.hh:60,
                 from src/cpu/base.cc:53:
build/RISCV/enums/RiscvType.hh:16:9: note: ‘gem5::enums::RV64’ declared here
   16 |         RV64 = 1,
      |         ^~~~
In file included from src/cpu/base.cc:53:
src/arch/riscv/regs/misc.hh:1356:59: error: ‘RV32’ was not declared in this scope; did you mean ‘gem5::enums::RV32’?
 1356 |         {"pmpaddr2", MISCREG_PMPADDR02, rvTypeFlags(RV64, RV32),
      |                                                           ^~~~
      |                                                           gem5::enums::RV32
In file included from src/arch/riscv/regs/misc.hh:60,
                 from src/cpu/base.cc:53:
build/RISCV/enums/RiscvType.hh:15:9: note: ‘gem5::enums::RV32’ declared here
   15 |         RV32 = 0,
      |         ^~~~
In file included from src/cpu/base.cc:53:
src/arch/riscv/regs/misc.hh:1359:53: error: ‘RV64’ was not declared in this scope; did you mean ‘gem5::enums::RV64’?
 1359 |         {"pmpaddr3", MISCREG_PMPADDR03, rvTypeFlags(RV64, RV32),
      |                                                     ^~~~
      |                                                     gem5::enums::RV64
In file included from src/arch/riscv/regs/misc.hh:60,
                 from src/cpu/base.cc:53:
build/RISCV/enums/RiscvType.hh:16:9: note: ‘gem5::enums::RV64’ declared here
   16 |         RV64 = 1,
      |         ^~~~
In file included from src/cpu/base.cc:53:
src/arch/riscv/regs/misc.hh:1359:59: error: ‘RV32’ was not declared in this scope; did you mean ‘gem5::enums::RV32’?
 1359 |         {"pmpaddr3", MISCREG_PMPADDR03, rvTypeFlags(RV64, RV32),
      |                                                           ^~~~
      |                                                           gem5::enums::RV32
In file included from src/arch/riscv/regs/misc.hh:60,
                 from src/cpu/base.cc:53:
build/RISCV/enums/RiscvType.hh:15:9: note: ‘gem5::enums::RV32’ declared here
   15 |         RV32 = 0,
      |         ^~~~
In file included from src/cpu/base.cc:53:
src/arch/riscv/regs/misc.hh:1362:53: error: ‘RV64’ was not declared in this scope; did you mean ‘gem5::enums::RV64’?
 1362 |         {"pmpaddr4", MISCREG_PMPADDR04, rvTypeFlags(RV64, RV32),
      |                                                     ^~~~
      |                                                     gem5::enums::RV64
In file included from src/arch/riscv/regs/misc.hh:60,
                 from src/cpu/base.cc:53:
build/RISCV/enums/RiscvType.hh:16:9: note: ‘gem5::enums::RV64’ declared here
   16 |         RV64 = 1,
      |         ^~~~
In file included from src/cpu/base.cc:53:
src/arch/riscv/regs/misc.hh:1362:59: error: ‘RV32’ was not declared in this scope; did you mean ‘gem5::enums::RV32’?
 1362 |         {"pmpaddr4", MISCREG_PMPADDR04, rvTypeFlags(RV64, RV32),
      |                                                           ^~~~
      |                                                           gem5::enums::RV32
In file included from src/arch/riscv/regs/misc.hh:60,
                 from src/cpu/base.cc:53:
build/RISCV/enums/RiscvType.hh:15:9: note: ‘gem5::enums::RV32’ declared here
   15 |         RV32 = 0,
      |         ^~~~
In file included from src/cpu/base.cc:53:
src/arch/riscv/regs/misc.hh:1365:53: error: ‘RV64’ was not declared in this scope; did you mean ‘gem5::enums::RV64’?
 1365 |         {"pmpaddr5", MISCREG_PMPADDR05, rvTypeFlags(RV64, RV32),
      |                                                     ^~~~
      |                                                     gem5::enums::RV64
In file included from src/arch/riscv/regs/misc.hh:60,
                 from src/cpu/base.cc:53:
build/RISCV/enums/RiscvType.hh:16:9: note: ‘gem5::enums::RV64’ declared here
   16 |         RV64 = 1,
      |         ^~~~
In file included from src/cpu/base.cc:53:
src/arch/riscv/regs/misc.hh:1365:59: error: ‘RV32’ was not declared in this scope; did you mean ‘gem5::enums::RV32’?
 1365 |         {"pmpaddr5", MISCREG_PMPADDR05, rvTypeFlags(RV64, RV32),
      |                                                           ^~~~
      |                                                           gem5::enums::RV32
In file included from src/arch/riscv/regs/misc.hh:60,
                 from src/cpu/base.cc:53:
build/RISCV/enums/RiscvType.hh:15:9: note: ‘gem5::enums::RV32’ declared here
   15 |         RV32 = 0,
      |         ^~~~
In file included from src/cpu/base.cc:53:
src/arch/riscv/regs/misc.hh:1368:53: error: ‘RV64’ was not declared in this scope; did you mean ‘gem5::enums::RV64’?
 1368 |         {"pmpaddr6", MISCREG_PMPADDR06, rvTypeFlags(RV64, RV32),
      |                                                     ^~~~
      |                                                     gem5::enums::RV64
In file included from src/arch/riscv/regs/misc.hh:60,
                 from src/cpu/base.cc:53:
build/RISCV/enums/RiscvType.hh:16:9: note: ‘gem5::enums::RV64’ declared here
   16 |         RV64 = 1,
      |         ^~~~
In file included from src/cpu/base.cc:53:
src/arch/riscv/regs/misc.hh:1368:59: error: ‘RV32’ was not declared in this scope; did you mean ‘gem5::enums::RV32’?
 1368 |         {"pmpaddr6", MISCREG_PMPADDR06, rvTypeFlags(RV64, RV32),
      |                                                           ^~~~
      |                                                           gem5::enums::RV32
In file included from src/arch/riscv/regs/misc.hh:60,
                 from src/cpu/base.cc:53:
build/RISCV/enums/RiscvType.hh:15:9: note: ‘gem5::enums::RV32’ declared here
   15 |         RV32 = 0,
      |         ^~~~
In file included from src/cpu/base.cc:53:
src/arch/riscv/regs/misc.hh:1371:53: error: ‘RV64’ was not declared in this scope; did you mean ‘gem5::enums::RV64’?
 1371 |         {"pmpaddr7", MISCREG_PMPADDR07, rvTypeFlags(RV64, RV32),
      |                                                     ^~~~
      |                                                     gem5::enums::RV64
In file included from src/arch/riscv/regs/misc.hh:60,
                 from src/cpu/base.cc:53:
build/RISCV/enums/RiscvType.hh:16:9: note: ‘gem5::enums::RV64’ declared here
   16 |         RV64 = 1,
      |         ^~~~
In file included from src/cpu/base.cc:53:
src/arch/riscv/regs/misc.hh:1371:59: error: ‘RV32’ was not declared in this scope; did you mean ‘gem5::enums::RV32’?
 1371 |         {"pmpaddr7", MISCREG_PMPADDR07, rvTypeFlags(RV64, RV32),
      |                                                           ^~~~
      |                                                           gem5::enums::RV32
In file included from src/arch/riscv/regs/misc.hh:60,
                 from src/cpu/base.cc:53:
build/RISCV/enums/RiscvType.hh:15:9: note: ‘gem5::enums::RV32’ declared here
   15 |         RV32 = 0,
      |         ^~~~
In file included from src/cpu/base.cc:53:
src/arch/riscv/regs/misc.hh:1374:53: error: ‘RV64’ was not declared in this scope; did you mean ‘gem5::enums::RV64’?
 1374 |         {"pmpaddr8", MISCREG_PMPADDR08, rvTypeFlags(RV64, RV32),
      |                                                     ^~~~
      |                                                     gem5::enums::RV64
In file included from src/arch/riscv/regs/misc.hh:60,
                 from src/cpu/base.cc:53:
build/RISCV/enums/RiscvType.hh:16:9: note: ‘gem5::enums::RV64’ declared here
   16 |         RV64 = 1,
      |         ^~~~
In file included from src/cpu/base.cc:53:
src/arch/riscv/regs/misc.hh:1374:59: error: ‘RV32’ was not declared in this scope; did you mean ‘gem5::enums::RV32’?
 1374 |         {"pmpaddr8", MISCREG_PMPADDR08, rvTypeFlags(RV64, RV32),
      |                                                           ^~~~
      |                                                           gem5::enums::RV32
In file included from src/arch/riscv/regs/misc.hh:60,
                 from src/cpu/base.cc:53:
build/RISCV/enums/RiscvType.hh:15:9: note: ‘gem5::enums::RV32’ declared here
   15 |         RV32 = 0,
      |         ^~~~
In file included from src/cpu/base.cc:53:
src/arch/riscv/regs/misc.hh:1377:53: error: ‘RV64’ was not declared in this scope; did you mean ‘gem5::enums::RV64’?
 1377 |         {"pmpaddr9", MISCREG_PMPADDR09, rvTypeFlags(RV64, RV32),
      |                                                     ^~~~
      |                                                     gem5::enums::RV64
In file included from src/arch/riscv/regs/misc.hh:60,
                 from src/cpu/base.cc:53:
build/RISCV/enums/RiscvType.hh:16:9: note: ‘gem5::enums::RV64’ declared here
   16 |         RV64 = 1,
      |         ^~~~
In file included from src/cpu/base.cc:53:
src/arch/riscv/regs/misc.hh:1377:59: error: ‘RV32’ was not declared in this scope; did you mean ‘gem5::enums::RV32’?
 1377 |         {"pmpaddr9", MISCREG_PMPADDR09, rvTypeFlags(RV64, RV32),
      |                                                           ^~~~
      |                                                           gem5::enums::RV32
In file included from src/arch/riscv/regs/misc.hh:60,
                 from src/cpu/base.cc:53:
build/RISCV/enums/RiscvType.hh:15:9: note: ‘gem5::enums::RV32’ declared here
   15 |         RV32 = 0,
      |         ^~~~
In file included from src/cpu/base.cc:53:
src/arch/riscv/regs/misc.hh:1380:54: error: ‘RV64’ was not declared in this scope; did you mean ‘gem5::enums::RV64’?
 1380 |         {"pmpaddr10", MISCREG_PMPADDR10, rvTypeFlags(RV64, RV32),
      |                                                      ^~~~
      |                                                      gem5::enums::RV64
In file included from src/arch/riscv/regs/misc.hh:60,
                 from src/cpu/base.cc:53:
build/RISCV/enums/RiscvType.hh:16:9: note: ‘gem5::enums::RV64’ declared here
   16 |         RV64 = 1,
      |         ^~~~
In file included from src/cpu/base.cc:53:
src/arch/riscv/regs/misc.hh:1380:60: error: ‘RV32’ was not declared in this scope; did you mean ‘gem5::enums::RV32’?
 1380 |         {"pmpaddr10", MISCREG_PMPADDR10, rvTypeFlags(RV64, RV32),
      |                                                            ^~~~
      |                                                            gem5::enums::RV32
In file included from src/arch/riscv/regs/misc.hh:60,
                 from src/cpu/base.cc:53:
build/RISCV/enums/RiscvType.hh:15:9: note: ‘gem5::enums::RV32’ declared here
   15 |         RV32 = 0,
      |         ^~~~
In file included from src/cpu/base.cc:53:
src/arch/riscv/regs/misc.hh:1383:54: error: ‘RV64’ was not declared in this scope; did you mean ‘gem5::enums::RV64’?
 1383 |         {"pmpaddr11", MISCREG_PMPADDR11, rvTypeFlags(RV64, RV32),
      |                                                      ^~~~
      |                                                      gem5::enums::RV64
In file included from src/arch/riscv/regs/misc.hh:60,
                 from src/cpu/base.cc:53:
build/RISCV/enums/RiscvType.hh:16:9: note: ‘gem5::enums::RV64’ declared here
   16 |         RV64 = 1,
      |         ^~~~
In file included from src/cpu/base.cc:53:
src/arch/riscv/regs/misc.hh:1383:60: error: ‘RV32’ was not declared in this scope; did you mean ‘gem5::enums::RV32’?
 1383 |         {"pmpaddr11", MISCREG_PMPADDR11, rvTypeFlags(RV64, RV32),
      |                                                            ^~~~
      |                                                            gem5::enums::RV32
In file included from src/arch/riscv/regs/misc.hh:60,
                 from src/cpu/base.cc:53:
build/RISCV/enums/RiscvType.hh:15:9: note: ‘gem5::enums::RV32’ declared here
   15 |         RV32 = 0,
      |         ^~~~
In file included from src/cpu/base.cc:53:
src/arch/riscv/regs/misc.hh:1386:54: error: ‘RV64’ was not declared in this scope; did you mean ‘gem5::enums::RV64’?
 1386 |         {"pmpaddr12", MISCREG_PMPADDR12, rvTypeFlags(RV64, RV32),
      |                                                      ^~~~
      |                                                      gem5::enums::RV64
In file included from src/arch/riscv/regs/misc.hh:60,
                 from src/cpu/base.cc:53:
build/RISCV/enums/RiscvType.hh:16:9: note: ‘gem5::enums::RV64’ declared here
   16 |         RV64 = 1,
      |         ^~~~
In file included from src/cpu/base.cc:53:
src/arch/riscv/regs/misc.hh:1386:60: error: ‘RV32’ was not declared in this scope; did you mean ‘gem5::enums::RV32’?
 1386 |         {"pmpaddr12", MISCREG_PMPADDR12, rvTypeFlags(RV64, RV32),
      |                                                            ^~~~
      |                                                            gem5::enums::RV32
In file included from src/arch/riscv/regs/misc.hh:60,
                 from src/cpu/base.cc:53:
build/RISCV/enums/RiscvType.hh:15:9: note: ‘gem5::enums::RV32’ declared here
   15 |         RV32 = 0,
      |         ^~~~
In file included from src/cpu/base.cc:53:
src/arch/riscv/regs/misc.hh:1389:54: error: ‘RV64’ was not declared in this scope; did you mean ‘gem5::enums::RV64’?
 1389 |         {"pmpaddr13", MISCREG_PMPADDR13, rvTypeFlags(RV64, RV32),
      |                                                      ^~~~
      |                                                      gem5::enums::RV64
In file included from src/arch/riscv/regs/misc.hh:60,
                 from src/cpu/base.cc:53:
build/RISCV/enums/RiscvType.hh:16:9: note: ‘gem5::enums::RV64’ declared here
   16 |         RV64 = 1,
      |         ^~~~
In file included from src/cpu/base.cc:53:
src/arch/riscv/regs/misc.hh:1389:60: error: ‘RV32’ was not declared in this scope; did you mean ‘gem5::enums::RV32’?
 1389 |         {"pmpaddr13", MISCREG_PMPADDR13, rvTypeFlags(RV64, RV32),
      |                                                            ^~~~
      |                                                            gem5::enums::RV32
In file included from src/arch/riscv/regs/misc.hh:60,
                 from src/cpu/base.cc:53:
build/RISCV/enums/RiscvType.hh:15:9: note: ‘gem5::enums::RV32’ declared here
   15 |         RV32 = 0,
      |         ^~~~
In file included from src/cpu/base.cc:53:
src/arch/riscv/regs/misc.hh:1392:54: error: ‘RV64’ was not declared in this scope; did you mean ‘gem5::enums::RV64’?
 1392 |         {"pmpaddr14", MISCREG_PMPADDR14, rvTypeFlags(RV64, RV32),
      |                                                      ^~~~
      |                                                      gem5::enums::RV64
In file included from src/arch/riscv/regs/misc.hh:60,
                 from src/cpu/base.cc:53:
build/RISCV/enums/RiscvType.hh:16:9: note: ‘gem5::enums::RV64’ declared here
   16 |         RV64 = 1,
      |         ^~~~
In file included from src/cpu/base.cc:53:
src/arch/riscv/regs/misc.hh:1392:60: error: ‘RV32’ was not declared in this scope; did you mean ‘gem5::enums::RV32’?
 1392 |         {"pmpaddr14", MISCREG_PMPADDR14, rvTypeFlags(RV64, RV32),
      |                                                            ^~~~
      |                                                            gem5::enums::RV32
In file included from src/arch/riscv/regs/misc.hh:60,
                 from src/cpu/base.cc:53:
build/RISCV/enums/RiscvType.hh:15:9: note: ‘gem5::enums::RV32’ declared here
   15 |         RV32 = 0,
      |         ^~~~
In file included from src/cpu/base.cc:53:
src/arch/riscv/regs/misc.hh:1395:54: error: ‘RV64’ was not declared in this scope; did you mean ‘gem5::enums::RV64’?
 1395 |         {"pmpaddr15", MISCREG_PMPADDR15, rvTypeFlags(RV64, RV32),
      |                                                      ^~~~
      |                                                      gem5::enums::RV64
In file included from src/arch/riscv/regs/misc.hh:60,
                 from src/cpu/base.cc:53:
build/RISCV/enums/RiscvType.hh:16:9: note: ‘gem5::enums::RV64’ declared here
   16 |         RV64 = 1,
      |         ^~~~
In file included from src/cpu/base.cc:53:
src/arch/riscv/regs/misc.hh:1395:60: error: ‘RV32’ was not declared in this scope; did you mean ‘gem5::enums::RV32’?
 1395 |         {"pmpaddr15", MISCREG_PMPADDR15, rvTypeFlags(RV64, RV32),
      |                                                            ^~~~
      |                                                            gem5::enums::RV32
In file included from src/arch/riscv/regs/misc.hh:60,
                 from src/cpu/base.cc:53:
build/RISCV/enums/RiscvType.hh:15:9: note: ‘gem5::enums::RV32’ declared here
   15 |         RV32 = 0,
      |         ^~~~
In file included from src/cpu/base.cc:53:
src/arch/riscv/regs/misc.hh:1398:47: error: ‘RV64’ was not declared in this scope; did you mean ‘gem5::enums::RV64’?
 1398 |         {"mcycle", MISCREG_CYCLE, rvTypeFlags(RV64, RV32), isaExtsFlags()}},
      |                                               ^~~~
      |                                               gem5::enums::RV64
In file included from src/arch/riscv/regs/misc.hh:60,
                 from src/cpu/base.cc:53:
build/RISCV/enums/RiscvType.hh:16:9: note: ‘gem5::enums::RV64’ declared here
   16 |         RV64 = 1,
      |         ^~~~
In file included from src/cpu/base.cc:53:
src/arch/riscv/regs/misc.hh:1398:53: error: ‘RV32’ was not declared in this scope; did you mean ‘gem5::enums::RV32’?
 1398 |         {"mcycle", MISCREG_CYCLE, rvTypeFlags(RV64, RV32), isaExtsFlags()}},
      |                                                     ^~~~
      |                                                     gem5::enums::RV32
In file included from src/arch/riscv/regs/misc.hh:60,
                 from src/cpu/base.cc:53:
build/RISCV/enums/RiscvType.hh:15:9: note: ‘gem5::enums::RV32’ declared here
   15 |         RV32 = 0,
      |         ^~~~
In file included from src/cpu/base.cc:53:
src/arch/riscv/regs/misc.hh:1400:51: error: ‘RV64’ was not declared in this scope; did you mean ‘gem5::enums::RV64’?
 1400 |         {"minstret", MISCREG_INSTRET, rvTypeFlags(RV64, RV32),
      |                                                   ^~~~
      |                                                   gem5::enums::RV64
In file included from src/arch/riscv/regs/misc.hh:60,
                 from src/cpu/base.cc:53:
build/RISCV/enums/RiscvType.hh:16:9: note: ‘gem5::enums::RV64’ declared here
   16 |         RV64 = 1,
      |         ^~~~
In file included from src/cpu/base.cc:53:
src/arch/riscv/regs/misc.hh:1400:57: error: ‘RV32’ was not declared in this scope; did you mean ‘gem5::enums::RV32’?
 1400 |         {"minstret", MISCREG_INSTRET, rvTypeFlags(RV64, RV32),
      |                                                         ^~~~
      |                                                         gem5::enums::RV32
In file included from src/arch/riscv/regs/misc.hh:60,
                 from src/cpu/base.cc:53:
build/RISCV/enums/RiscvType.hh:15:9: note: ‘gem5::enums::RV32’ declared here
   15 |         RV32 = 0,
      |         ^~~~
In file included from src/cpu/base.cc:53:
src/arch/riscv/regs/misc.hh:1403:61: error: ‘RV64’ was not declared in this scope; did you mean ‘gem5::enums::RV64’?
 1403 |         {"mhpmcounter03", MISCREG_HPMCOUNTER03, rvTypeFlags(RV64, RV32),
      |                                                             ^~~~
      |                                                             gem5::enums::RV64
In file included from src/arch/riscv/regs/misc.hh:60,
                 from src/cpu/base.cc:53:
build/RISCV/enums/RiscvType.hh:16:9: note: ‘gem5::enums::RV64’ declared here
   16 |         RV64 = 1,
      |         ^~~~
In file included from src/cpu/base.cc:53:
src/arch/riscv/regs/misc.hh:1403:67: error: ‘RV32’ was not declared in this scope; did you mean ‘gem5::enums::RV32’?
 1403 |         {"mhpmcounter03", MISCREG_HPMCOUNTER03, rvTypeFlags(RV64, RV32),
      |                                                                   ^~~~
      |                                                                   gem5::enums::RV32
In file included from src/arch/riscv/regs/misc.hh:60,
                 from src/cpu/base.cc:53:
build/RISCV/enums/RiscvType.hh:15:9: note: ‘gem5::enums::RV32’ declared here
   15 |         RV32 = 0,
      |         ^~~~
In file included from src/cpu/base.cc:53:
src/arch/riscv/regs/misc.hh:1406:61: error: ‘RV64’ was not declared in this scope; did you mean ‘gem5::enums::RV64’?
 1406 |         {"mhpmcounter04", MISCREG_HPMCOUNTER04, rvTypeFlags(RV64, RV32),
      |                                                             ^~~~
      |                                                             gem5::enums::RV64
In file included from src/arch/riscv/regs/misc.hh:60,
                 from src/cpu/base.cc:53:
build/RISCV/enums/RiscvType.hh:16:9: note: ‘gem5::enums::RV64’ declared here
   16 |         RV64 = 1,
      |         ^~~~
In file included from src/cpu/base.cc:53:
src/arch/riscv/regs/misc.hh:1406:67: error: ‘RV32’ was not declared in this scope; did you mean ‘gem5::enums::RV32’?
 1406 |         {"mhpmcounter04", MISCREG_HPMCOUNTER04, rvTypeFlags(RV64, RV32),
      |                                                                   ^~~~
      |                                                                   gem5::enums::RV32
In file included from src/arch/riscv/regs/misc.hh:60,
                 from src/cpu/base.cc:53:
build/RISCV/enums/RiscvType.hh:15:9: note: ‘gem5::enums::RV32’ declared here
   15 |         RV32 = 0,
      |         ^~~~
In file included from src/cpu/base.cc:53:
src/arch/riscv/regs/misc.hh:1409:61: error: ‘RV64’ was not declared in this scope; did you mean ‘gem5::enums::RV64’?
 1409 |         {"mhpmcounter05", MISCREG_HPMCOUNTER05, rvTypeFlags(RV64, RV32),
      |                                                             ^~~~
      |                                                             gem5::enums::RV64
In file included from src/arch/riscv/regs/misc.hh:60,
                 from src/cpu/base.cc:53:
build/RISCV/enums/RiscvType.hh:16:9: note: ‘gem5::enums::RV64’ declared here
   16 |         RV64 = 1,
      |         ^~~~
In file included from src/cpu/base.cc:53:
src/arch/riscv/regs/misc.hh:1409:67: error: ‘RV32’ was not declared in this scope; did you mean ‘gem5::enums::RV32’?
 1409 |         {"mhpmcounter05", MISCREG_HPMCOUNTER05, rvTypeFlags(RV64, RV32),
      |                                                                   ^~~~
      |                                                                   gem5::enums::RV32
In file included from src/arch/riscv/regs/misc.hh:60,
                 from src/cpu/base.cc:53:
build/RISCV/enums/RiscvType.hh:15:9: note: ‘gem5::enums::RV32’ declared here
   15 |         RV32 = 0,
      |         ^~~~
In file included from src/cpu/base.cc:53:
src/arch/riscv/regs/misc.hh:1412:61: error: ‘RV64’ was not declared in this scope; did you mean ‘gem5::enums::RV64’?
 1412 |         {"mhpmcounter06", MISCREG_HPMCOUNTER06, rvTypeFlags(RV64, RV32),
      |                                                             ^~~~
      |                                                             gem5::enums::RV64
In file included from src/arch/riscv/regs/misc.hh:60,
                 from src/cpu/base.cc:53:
build/RISCV/enums/RiscvType.hh:16:9: note: ‘gem5::enums::RV64’ declared here
   16 |         RV64 = 1,
      |         ^~~~
In file included from src/cpu/base.cc:53:
src/arch/riscv/regs/misc.hh:1412:67: error: ‘RV32’ was not declared in this scope; did you mean ‘gem5::enums::RV32’?
 1412 |         {"mhpmcounter06", MISCREG_HPMCOUNTER06, rvTypeFlags(RV64, RV32),
      |                                                                   ^~~~
      |                                                                   gem5::enums::RV32
In file included from src/arch/riscv/regs/misc.hh:60,
                 from src/cpu/base.cc:53:
build/RISCV/enums/RiscvType.hh:15:9: note: ‘gem5::enums::RV32’ declared here
   15 |         RV32 = 0,
      |         ^~~~
In file included from src/cpu/base.cc:53:
src/arch/riscv/regs/misc.hh:1415:61: error: ‘RV64’ was not declared in this scope; did you mean ‘gem5::enums::RV64’?
 1415 |         {"mhpmcounter07", MISCREG_HPMCOUNTER07, rvTypeFlags(RV64, RV32),
      |                                                             ^~~~
      |                                                             gem5::enums::RV64
In file included from src/arch/riscv/regs/misc.hh:60,
                 from src/cpu/base.cc:53:
build/RISCV/enums/RiscvType.hh:16:9: note: ‘gem5::enums::RV64’ declared here
   16 |         RV64 = 1,
      |         ^~~~
In file included from src/cpu/base.cc:53:
src/arch/riscv/regs/misc.hh:1415:67: error: ‘RV32’ was not declared in this scope; did you mean ‘gem5::enums::RV32’?
 1415 |         {"mhpmcounter07", MISCREG_HPMCOUNTER07, rvTypeFlags(RV64, RV32),
      |                                                                   ^~~~
      |                                                                   gem5::enums::RV32
In file included from src/arch/riscv/regs/misc.hh:60,
                 from src/cpu/base.cc:53:
build/RISCV/enums/RiscvType.hh:15:9: note: ‘gem5::enums::RV32’ declared here
   15 |         RV32 = 0,
      |         ^~~~
In file included from src/cpu/base.cc:53:
src/arch/riscv/regs/misc.hh:1418:61: error: ‘RV64’ was not declared in this scope; did you mean ‘gem5::enums::RV64’?
 1418 |         {"mhpmcounter08", MISCREG_HPMCOUNTER08, rvTypeFlags(RV64, RV32),
      |                                                             ^~~~
      |                                                             gem5::enums::RV64
In file included from src/arch/riscv/regs/misc.hh:60,
                 from src/cpu/base.cc:53:
build/RISCV/enums/RiscvType.hh:16:9: note: ‘gem5::enums::RV64’ declared here
   16 |         RV64 = 1,
      |         ^~~~
In file included from src/cpu/base.cc:53:
src/arch/riscv/regs/misc.hh:1418:67: error: ‘RV32’ was not declared in this scope; did you mean ‘gem5::enums::RV32’?
 1418 |         {"mhpmcounter08", MISCREG_HPMCOUNTER08, rvTypeFlags(RV64, RV32),
      |                                                                   ^~~~
      |                                                                   gem5::enums::RV32
In file included from src/arch/riscv/regs/misc.hh:60,
                 from src/cpu/base.cc:53:
build/RISCV/enums/RiscvType.hh:15:9: note: ‘gem5::enums::RV32’ declared here
   15 |         RV32 = 0,
      |         ^~~~
In file included from src/cpu/base.cc:53:
src/arch/riscv/regs/misc.hh:1421:61: error: ‘RV64’ was not declared in this scope; did you mean ‘gem5::enums::RV64’?
 1421 |         {"mhpmcounter09", MISCREG_HPMCOUNTER09, rvTypeFlags(RV64, RV32),
      |                                                             ^~~~
      |                                                             gem5::enums::RV64
In file included from src/arch/riscv/regs/misc.hh:60,
                 from src/cpu/base.cc:53:
build/RISCV/enums/RiscvType.hh:16:9: note: ‘gem5::enums::RV64’ declared here
   16 |         RV64 = 1,
      |         ^~~~
In file included from src/cpu/base.cc:53:
src/arch/riscv/regs/misc.hh:1421:67: error: ‘RV32’ was not declared in this scope; did you mean ‘gem5::enums::RV32’?
 1421 |         {"mhpmcounter09", MISCREG_HPMCOUNTER09, rvTypeFlags(RV64, RV32),
      |                                                                   ^~~~
      |                                                                   gem5::enums::RV32
In file included from src/arch/riscv/regs/misc.hh:60,
                 from src/cpu/base.cc:53:
build/RISCV/enums/RiscvType.hh:15:9: note: ‘gem5::enums::RV32’ declared here
   15 |         RV32 = 0,
      |         ^~~~
In file included from src/cpu/base.cc:53:
src/arch/riscv/regs/misc.hh:1424:61: error: ‘RV64’ was not declared in this scope; did you mean ‘gem5::enums::RV64’?
 1424 |         {"mhpmcounter10", MISCREG_HPMCOUNTER10, rvTypeFlags(RV64, RV32),
      |                                                             ^~~~
      |                                                             gem5::enums::RV64
In file included from src/arch/riscv/regs/misc.hh:60,
                 from src/cpu/base.cc:53:
build/RISCV/enums/RiscvType.hh:16:9: note: ‘gem5::enums::RV64’ declared here
   16 |         RV64 = 1,
      |         ^~~~
In file included from src/cpu/base.cc:53:
src/arch/riscv/regs/misc.hh:1424:67: error: ‘RV32’ was not declared in this scope; did you mean ‘gem5::enums::RV32’?
 1424 |         {"mhpmcounter10", MISCREG_HPMCOUNTER10, rvTypeFlags(RV64, RV32),
      |                                                                   ^~~~
      |                                                                   gem5::enums::RV32
In file included from src/arch/riscv/regs/misc.hh:60,
                 from src/cpu/base.cc:53:
build/RISCV/enums/RiscvType.hh:15:9: note: ‘gem5::enums::RV32’ declared here
   15 |         RV32 = 0,
      |         ^~~~
In file included from src/cpu/base.cc:53:
src/arch/riscv/regs/misc.hh:1427:61: error: ‘RV64’ was not declared in this scope; did you mean ‘gem5::enums::RV64’?
 1427 |         {"mhpmcounter11", MISCREG_HPMCOUNTER11, rvTypeFlags(RV64, RV32),
      |                                                             ^~~~
      |                                                             gem5::enums::RV64
In file included from src/arch/riscv/regs/misc.hh:60,
                 from src/cpu/base.cc:53:
build/RISCV/enums/RiscvType.hh:16:9: note: ‘gem5::enums::RV64’ declared here
   16 |         RV64 = 1,
      |         ^~~~
In file included from src/cpu/base.cc:53:
src/arch/riscv/regs/misc.hh:1427:67: error: ‘RV32’ was not declared in this scope; did you mean ‘gem5::enums::RV32’?
 1427 |         {"mhpmcounter11", MISCREG_HPMCOUNTER11, rvTypeFlags(RV64, RV32),
      |                                                                   ^~~~
      |                                                                   gem5::enums::RV32
In file included from src/arch/riscv/regs/misc.hh:60,
                 from src/cpu/base.cc:53:
build/RISCV/enums/RiscvType.hh:15:9: note: ‘gem5::enums::RV32’ declared here
   15 |         RV32 = 0,
      |         ^~~~
In file included from src/cpu/base.cc:53:
src/arch/riscv/regs/misc.hh:1430:61: error: ‘RV64’ was not declared in this scope; did you mean ‘gem5::enums::RV64’?
 1430 |         {"mhpmcounter12", MISCREG_HPMCOUNTER12, rvTypeFlags(RV64, RV32),
      |                                                             ^~~~
      |                                                             gem5::enums::RV64
In file included from src/arch/riscv/regs/misc.hh:60,
                 from src/cpu/base.cc:53:
build/RISCV/enums/RiscvType.hh:16:9: note: ‘gem5::enums::RV64’ declared here
   16 |         RV64 = 1,
      |         ^~~~
In file included from src/cpu/base.cc:53:
src/arch/riscv/regs/misc.hh:1430:67: error: ‘RV32’ was not declared in this scope; did you mean ‘gem5::enums::RV32’?
 1430 |         {"mhpmcounter12", MISCREG_HPMCOUNTER12, rvTypeFlags(RV64, RV32),
      |                                                                   ^~~~
      |                                                                   gem5::enums::RV32
In file included from src/arch/riscv/regs/misc.hh:60,
                 from src/cpu/base.cc:53:
build/RISCV/enums/RiscvType.hh:15:9: note: ‘gem5::enums::RV32’ declared here
   15 |         RV32 = 0,
      |         ^~~~
In file included from src/cpu/base.cc:53:
src/arch/riscv/regs/misc.hh:1433:61: error: ‘RV64’ was not declared in this scope; did you mean ‘gem5::enums::RV64’?
 1433 |         {"mhpmcounter13", MISCREG_HPMCOUNTER13, rvTypeFlags(RV64, RV32),
      |                                                             ^~~~
      |                                                             gem5::enums::RV64
In file included from src/arch/riscv/regs/misc.hh:60,
                 from src/cpu/base.cc:53:
build/RISCV/enums/RiscvType.hh:16:9: note: ‘gem5::enums::RV64’ declared here
   16 |         RV64 = 1,
      |         ^~~~
In file included from src/cpu/base.cc:53:
src/arch/riscv/regs/misc.hh:1433:67: error: ‘RV32’ was not declared in this scope; did you mean ‘gem5::enums::RV32’?
 1433 |         {"mhpmcounter13", MISCREG_HPMCOUNTER13, rvTypeFlags(RV64, RV32),
      |                                                                   ^~~~
      |                                                                   gem5::enums::RV32
In file included from src/arch/riscv/regs/misc.hh:60,
                 from src/cpu/base.cc:53:
build/RISCV/enums/RiscvType.hh:15:9: note: ‘gem5::enums::RV32’ declared here
   15 |         RV32 = 0,
      |         ^~~~
In file included from src/cpu/base.cc:53:
src/arch/riscv/regs/misc.hh:1436:61: error: ‘RV64’ was not declared in this scope; did you mean ‘gem5::enums::RV64’?
 1436 |         {"mhpmcounter14", MISCREG_HPMCOUNTER14, rvTypeFlags(RV64, RV32),
      |                                                             ^~~~
      |                                                             gem5::enums::RV64
In file included from src/arch/riscv/regs/misc.hh:60,
                 from src/cpu/base.cc:53:
build/RISCV/enums/RiscvType.hh:16:9: note: ‘gem5::enums::RV64’ declared here
   16 |         RV64 = 1,
      |         ^~~~
In file included from src/cpu/base.cc:53:
src/arch/riscv/regs/misc.hh:1436:67: error: ‘RV32’ was not declared in this scope; did you mean ‘gem5::enums::RV32’?
 1436 |         {"mhpmcounter14", MISCREG_HPMCOUNTER14, rvTypeFlags(RV64, RV32),
      |                                                                   ^~~~
      |                                                                   gem5::enums::RV32
In file included from src/arch/riscv/regs/misc.hh:60,
                 from src/cpu/base.cc:53:
build/RISCV/enums/RiscvType.hh:15:9: note: ‘gem5::enums::RV32’ declared here
   15 |         RV32 = 0,
      |         ^~~~
In file included from src/cpu/base.cc:53:
src/arch/riscv/regs/misc.hh:1439:61: error: ‘RV64’ was not declared in this scope; did you mean ‘gem5::enums::RV64’?
 1439 |         {"mhpmcounter15", MISCREG_HPMCOUNTER15, rvTypeFlags(RV64, RV32),
      |                                                             ^~~~
      |                                                             gem5::enums::RV64
In file included from src/arch/riscv/regs/misc.hh:60,
                 from src/cpu/base.cc:53:
build/RISCV/enums/RiscvType.hh:16:9: note: ‘gem5::enums::RV64’ declared here
   16 |         RV64 = 1,
      |         ^~~~
In file included from src/cpu/base.cc:53:
src/arch/riscv/regs/misc.hh:1439:67: error: ‘RV32’ was not declared in this scope; did you mean ‘gem5::enums::RV32’?
 1439 |         {"mhpmcounter15", MISCREG_HPMCOUNTER15, rvTypeFlags(RV64, RV32),
      |                                                                   ^~~~
      |                                                                   gem5::enums::RV32
In file included from src/arch/riscv/regs/misc.hh:60,
                 from src/cpu/base.cc:53:
build/RISCV/enums/RiscvType.hh:15:9: note: ‘gem5::enums::RV32’ declared here
   15 |         RV32 = 0,
      |         ^~~~
In file included from src/cpu/base.cc:53:
src/arch/riscv/regs/misc.hh:1442:61: error: ‘RV64’ was not declared in this scope; did you mean ‘gem5::enums::RV64’?
 1442 |         {"mhpmcounter16", MISCREG_HPMCOUNTER16, rvTypeFlags(RV64, RV32),
      |                                                             ^~~~
      |                                                             gem5::enums::RV64
In file included from src/arch/riscv/regs/misc.hh:60,
                 from src/cpu/base.cc:53:
build/RISCV/enums/RiscvType.hh:16:9: note: ‘gem5::enums::RV64’ declared here
   16 |         RV64 = 1,
      |         ^~~~
In file included from src/cpu/base.cc:53:
src/arch/riscv/regs/misc.hh:1442:67: error: ‘RV32’ was not declared in this scope; did you mean ‘gem5::enums::RV32’?
 1442 |         {"mhpmcounter16", MISCREG_HPMCOUNTER16, rvTypeFlags(RV64, RV32),
      |                                                                   ^~~~
      |                                                                   gem5::enums::RV32
In file included from src/arch/riscv/regs/misc.hh:60,
                 from src/cpu/base.cc:53:
build/RISCV/enums/RiscvType.hh:15:9: note: ‘gem5::enums::RV32’ declared here
   15 |         RV32 = 0,
      |         ^~~~
In file included from src/cpu/base.cc:53:
src/arch/riscv/regs/misc.hh:1445:61: error: ‘RV64’ was not declared in this scope; did you mean ‘gem5::enums::RV64’?
 1445 |         {"mhpmcounter17", MISCREG_HPMCOUNTER17, rvTypeFlags(RV64, RV32),
      |                                                             ^~~~
      |                                                             gem5::enums::RV64
In file included from src/arch/riscv/regs/misc.hh:60,
                 from src/cpu/base.cc:53:
build/RISCV/enums/RiscvType.hh:16:9: note: ‘gem5::enums::RV64’ declared here
   16 |         RV64 = 1,
      |         ^~~~
In file included from src/cpu/base.cc:53:
src/arch/riscv/regs/misc.hh:1445:67: error: ‘RV32’ was not declared in this scope; did you mean ‘gem5::enums::RV32’?
 1445 |         {"mhpmcounter17", MISCREG_HPMCOUNTER17, rvTypeFlags(RV64, RV32),
      |                                                                   ^~~~
      |                                                                   gem5::enums::RV32
In file included from src/arch/riscv/regs/misc.hh:60,
                 from src/cpu/base.cc:53:
build/RISCV/enums/RiscvType.hh:15:9: note: ‘gem5::enums::RV32’ declared here
   15 |         RV32 = 0,
      |         ^~~~
In file included from src/cpu/base.cc:53:
src/arch/riscv/regs/misc.hh:1448:61: error: ‘RV64’ was not declared in this scope; did you mean ‘gem5::enums::RV64’?
 1448 |         {"mhpmcounter18", MISCREG_HPMCOUNTER18, rvTypeFlags(RV64, RV32),
      |                                                             ^~~~
      |                                                             gem5::enums::RV64
In file included from src/arch/riscv/regs/misc.hh:60,
                 from src/cpu/base.cc:53:
build/RISCV/enums/RiscvType.hh:16:9: note: ‘gem5::enums::RV64’ declared here
   16 |         RV64 = 1,
      |         ^~~~
In file included from src/cpu/base.cc:53:
src/arch/riscv/regs/misc.hh:1448:67: error: ‘RV32’ was not declared in this scope; did you mean ‘gem5::enums::RV32’?
 1448 |         {"mhpmcounter18", MISCREG_HPMCOUNTER18, rvTypeFlags(RV64, RV32),
      |                                                                   ^~~~
      |                                                                   gem5::enums::RV32
In file included from src/arch/riscv/regs/misc.hh:60,
                 from src/cpu/base.cc:53:
build/RISCV/enums/RiscvType.hh:15:9: note: ‘gem5::enums::RV32’ declared here
   15 |         RV32 = 0,
      |         ^~~~
In file included from src/cpu/base.cc:53:
src/arch/riscv/regs/misc.hh:1451:61: error: ‘RV64’ was not declared in this scope; did you mean ‘gem5::enums::RV64’?
 1451 |         {"mhpmcounter19", MISCREG_HPMCOUNTER19, rvTypeFlags(RV64, RV32),
      |                                                             ^~~~
      |                                                             gem5::enums::RV64
In file included from src/arch/riscv/regs/misc.hh:60,
                 from src/cpu/base.cc:53:
build/RISCV/enums/RiscvType.hh:16:9: note: ‘gem5::enums::RV64’ declared here
   16 |         RV64 = 1,
      |         ^~~~
In file included from src/cpu/base.cc:53:
src/arch/riscv/regs/misc.hh:1451:67: error: ‘RV32’ was not declared in this scope; did you mean ‘gem5::enums::RV32’?
 1451 |         {"mhpmcounter19", MISCREG_HPMCOUNTER19, rvTypeFlags(RV64, RV32),
      |                                                                   ^~~~
      |                                                                   gem5::enums::RV32
In file included from src/arch/riscv/regs/misc.hh:60,
                 from src/cpu/base.cc:53:
build/RISCV/enums/RiscvType.hh:15:9: note: ‘gem5::enums::RV32’ declared here
   15 |         RV32 = 0,
      |         ^~~~
In file included from src/cpu/base.cc:53:
src/arch/riscv/regs/misc.hh:1454:61: error: ‘RV64’ was not declared in this scope; did you mean ‘gem5::enums::RV64’?
 1454 |         {"mhpmcounter20", MISCREG_HPMCOUNTER20, rvTypeFlags(RV64, RV32),
      |                                                             ^~~~
      |                                                             gem5::enums::RV64
In file included from src/arch/riscv/regs/misc.hh:60,
                 from src/cpu/base.cc:53:
build/RISCV/enums/RiscvType.hh:16:9: note: ‘gem5::enums::RV64’ declared here
   16 |         RV64 = 1,
      |         ^~~~
In file included from src/cpu/base.cc:53:
src/arch/riscv/regs/misc.hh:1454:67: error: ‘RV32’ was not declared in this scope; did you mean ‘gem5::enums::RV32’?
 1454 |         {"mhpmcounter20", MISCREG_HPMCOUNTER20, rvTypeFlags(RV64, RV32),
      |                                                                   ^~~~
      |                                                                   gem5::enums::RV32
In file included from src/arch/riscv/regs/misc.hh:60,
                 from src/cpu/base.cc:53:
build/RISCV/enums/RiscvType.hh:15:9: note: ‘gem5::enums::RV32’ declared here
   15 |         RV32 = 0,
      |         ^~~~
In file included from src/cpu/base.cc:53:
src/arch/riscv/regs/misc.hh:1457:61: error: ‘RV64’ was not declared in this scope; did you mean ‘gem5::enums::RV64’?
 1457 |         {"mhpmcounter21", MISCREG_HPMCOUNTER21, rvTypeFlags(RV64, RV32),
      |                                                             ^~~~
      |                                                             gem5::enums::RV64
In file included from src/arch/riscv/regs/misc.hh:60,
                 from src/cpu/base.cc:53:
build/RISCV/enums/RiscvType.hh:16:9: note: ‘gem5::enums::RV64’ declared here
   16 |         RV64 = 1,
      |         ^~~~
In file included from src/cpu/base.cc:53:
src/arch/riscv/regs/misc.hh:1457:67: error: ‘RV32’ was not declared in this scope; did you mean ‘gem5::enums::RV32’?
 1457 |         {"mhpmcounter21", MISCREG_HPMCOUNTER21, rvTypeFlags(RV64, RV32),
      |                                                                   ^~~~
      |                                                                   gem5::enums::RV32
In file included from src/arch/riscv/regs/misc.hh:60,
                 from src/cpu/base.cc:53:
build/RISCV/enums/RiscvType.hh:15:9: note: ‘gem5::enums::RV32’ declared here
   15 |         RV32 = 0,
      |         ^~~~
In file included from src/cpu/base.cc:53:
src/arch/riscv/regs/misc.hh:1460:61: error: ‘RV64’ was not declared in this scope; did you mean ‘gem5::enums::RV64’?
 1460 |         {"mhpmcounter22", MISCREG_HPMCOUNTER22, rvTypeFlags(RV64, RV32),
      |                                                             ^~~~
      |                                                             gem5::enums::RV64
In file included from src/arch/riscv/regs/misc.hh:60,
                 from src/cpu/base.cc:53:
build/RISCV/enums/RiscvType.hh:16:9: note: ‘gem5::enums::RV64’ declared here
   16 |         RV64 = 1,
      |         ^~~~
In file included from src/cpu/base.cc:53:
src/arch/riscv/regs/misc.hh:1460:67: error: ‘RV32’ was not declared in this scope; did you mean ‘gem5::enums::RV32’?
 1460 |         {"mhpmcounter22", MISCREG_HPMCOUNTER22, rvTypeFlags(RV64, RV32),
      |                                                                   ^~~~
      |                                                                   gem5::enums::RV32
In file included from src/arch/riscv/regs/misc.hh:60,
                 from src/cpu/base.cc:53:
build/RISCV/enums/RiscvType.hh:15:9: note: ‘gem5::enums::RV32’ declared here
   15 |         RV32 = 0,
      |         ^~~~
In file included from src/cpu/base.cc:53:
src/arch/riscv/regs/misc.hh:1463:61: error: ‘RV64’ was not declared in this scope; did you mean ‘gem5::enums::RV64’?
 1463 |         {"mhpmcounter23", MISCREG_HPMCOUNTER23, rvTypeFlags(RV64, RV32),
      |                                                             ^~~~
      |                                                             gem5::enums::RV64
In file included from src/arch/riscv/regs/misc.hh:60,
                 from src/cpu/base.cc:53:
build/RISCV/enums/RiscvType.hh:16:9: note: ‘gem5::enums::RV64’ declared here
   16 |         RV64 = 1,
      |         ^~~~
In file included from src/cpu/base.cc:53:
src/arch/riscv/regs/misc.hh:1463:67: error: ‘RV32’ was not declared in this scope; did you mean ‘gem5::enums::RV32’?
 1463 |         {"mhpmcounter23", MISCREG_HPMCOUNTER23, rvTypeFlags(RV64, RV32),
      |                                                                   ^~~~
      |                                                                   gem5::enums::RV32
In file included from src/arch/riscv/regs/misc.hh:60,
                 from src/cpu/base.cc:53:
build/RISCV/enums/RiscvType.hh:15:9: note: ‘gem5::enums::RV32’ declared here
   15 |         RV32 = 0,
      |         ^~~~
In file included from src/cpu/base.cc:53:
src/arch/riscv/regs/misc.hh:1466:61: error: ‘RV64’ was not declared in this scope; did you mean ‘gem5::enums::RV64’?
 1466 |         {"mhpmcounter24", MISCREG_HPMCOUNTER24, rvTypeFlags(RV64, RV32),
      |                                                             ^~~~
      |                                                             gem5::enums::RV64
In file included from src/arch/riscv/regs/misc.hh:60,
                 from src/cpu/base.cc:53:
build/RISCV/enums/RiscvType.hh:16:9: note: ‘gem5::enums::RV64’ declared here
   16 |         RV64 = 1,
      |         ^~~~
In file included from src/cpu/base.cc:53:
src/arch/riscv/regs/misc.hh:1466:67: error: ‘RV32’ was not declared in this scope; did you mean ‘gem5::enums::RV32’?
 1466 |         {"mhpmcounter24", MISCREG_HPMCOUNTER24, rvTypeFlags(RV64, RV32),
      |                                                                   ^~~~
      |                                                                   gem5::enums::RV32
In file included from src/arch/riscv/regs/misc.hh:60,
                 from src/cpu/base.cc:53:
build/RISCV/enums/RiscvType.hh:15:9: note: ‘gem5::enums::RV32’ declared here
   15 |         RV32 = 0,
      |         ^~~~
In file included from src/cpu/base.cc:53:
src/arch/riscv/regs/misc.hh:1469:61: error: ‘RV64’ was not declared in this scope; did you mean ‘gem5::enums::RV64’?
 1469 |         {"mhpmcounter25", MISCREG_HPMCOUNTER25, rvTypeFlags(RV64, RV32),
      |                                                             ^~~~
      |                                                             gem5::enums::RV64
In file included from src/arch/riscv/regs/misc.hh:60,
                 from src/cpu/base.cc:53:
build/RISCV/enums/RiscvType.hh:16:9: note: ‘gem5::enums::RV64’ declared here
   16 |         RV64 = 1,
      |         ^~~~
In file included from src/cpu/base.cc:53:
src/arch/riscv/regs/misc.hh:1469:67: error: ‘RV32’ was not declared in this scope; did you mean ‘gem5::enums::RV32’?
 1469 |         {"mhpmcounter25", MISCREG_HPMCOUNTER25, rvTypeFlags(RV64, RV32),
      |                                                                   ^~~~
      |                                                                   gem5::enums::RV32
In file included from src/arch/riscv/regs/misc.hh:60,
                 from src/cpu/base.cc:53:
build/RISCV/enums/RiscvType.hh:15:9: note: ‘gem5::enums::RV32’ declared here
   15 |         RV32 = 0,
      |         ^~~~
In file included from src/cpu/base.cc:53:
src/arch/riscv/regs/misc.hh:1472:61: error: ‘RV64’ was not declared in this scope; did you mean ‘gem5::enums::RV64’?
 1472 |         {"mhpmcounter26", MISCREG_HPMCOUNTER26, rvTypeFlags(RV64, RV32),
      |                                                             ^~~~
      |                                                             gem5::enums::RV64
In file included from src/arch/riscv/regs/misc.hh:60,
                 from src/cpu/base.cc:53:
build/RISCV/enums/RiscvType.hh:16:9: note: ‘gem5::enums::RV64’ declared here
   16 |         RV64 = 1,
      |         ^~~~
In file included from src/cpu/base.cc:53:
src/arch/riscv/regs/misc.hh:1472:67: error: ‘RV32’ was not declared in this scope; did you mean ‘gem5::enums::RV32’?
 1472 |         {"mhpmcounter26", MISCREG_HPMCOUNTER26, rvTypeFlags(RV64, RV32),
      |                                                                   ^~~~
      |                                                                   gem5::enums::RV32
In file included from src/arch/riscv/regs/misc.hh:60,
                 from src/cpu/base.cc:53:
build/RISCV/enums/RiscvType.hh:15:9: note: ‘gem5::enums::RV32’ declared here
   15 |         RV32 = 0,
      |         ^~~~
In file included from src/cpu/base.cc:53:
src/arch/riscv/regs/misc.hh:1475:61: error: ‘RV64’ was not declared in this scope; did you mean ‘gem5::enums::RV64’?
 1475 |         {"mhpmcounter27", MISCREG_HPMCOUNTER27, rvTypeFlags(RV64, RV32),
      |                                                             ^~~~
      |                                                             gem5::enums::RV64
In file included from src/arch/riscv/regs/misc.hh:60,
                 from src/cpu/base.cc:53:
build/RISCV/enums/RiscvType.hh:16:9: note: ‘gem5::enums::RV64’ declared here
   16 |         RV64 = 1,
      |         ^~~~
In file included from src/cpu/base.cc:53:
src/arch/riscv/regs/misc.hh:1475:67: error: ‘RV32’ was not declared in this scope; did you mean ‘gem5::enums::RV32’?
 1475 |         {"mhpmcounter27", MISCREG_HPMCOUNTER27, rvTypeFlags(RV64, RV32),
      |                                                                   ^~~~
      |                                                                   gem5::enums::RV32
In file included from src/arch/riscv/regs/misc.hh:60,
                 from src/cpu/base.cc:53:
build/RISCV/enums/RiscvType.hh:15:9: note: ‘gem5::enums::RV32’ declared here
   15 |         RV32 = 0,
      |         ^~~~
In file included from src/cpu/base.cc:53:
src/arch/riscv/regs/misc.hh:1478:61: error: ‘RV64’ was not declared in this scope; did you mean ‘gem5::enums::RV64’?
 1478 |         {"mhpmcounter28", MISCREG_HPMCOUNTER28, rvTypeFlags(RV64, RV32),
      |                                                             ^~~~
      |                                                             gem5::enums::RV64
In file included from src/arch/riscv/regs/misc.hh:60,
                 from src/cpu/base.cc:53:
build/RISCV/enums/RiscvType.hh:16:9: note: ‘gem5::enums::RV64’ declared here
   16 |         RV64 = 1,
      |         ^~~~
In file included from src/cpu/base.cc:53:
src/arch/riscv/regs/misc.hh:1478:67: error: ‘RV32’ was not declared in this scope; did you mean ‘gem5::enums::RV32’?
 1478 |         {"mhpmcounter28", MISCREG_HPMCOUNTER28, rvTypeFlags(RV64, RV32),
      |                                                                   ^~~~
      |                                                                   gem5::enums::RV32
In file included from src/arch/riscv/regs/misc.hh:60,
                 from src/cpu/base.cc:53:
build/RISCV/enums/RiscvType.hh:15:9: note: ‘gem5::enums::RV32’ declared here
   15 |         RV32 = 0,
      |         ^~~~
In file included from src/cpu/base.cc:53:
src/arch/riscv/regs/misc.hh:1481:61: error: ‘RV64’ was not declared in this scope; did you mean ‘gem5::enums::RV64’?
 1481 |         {"mhpmcounter29", MISCREG_HPMCOUNTER29, rvTypeFlags(RV64, RV32),
      |                                                             ^~~~
      |                                                             gem5::enums::RV64
In file included from src/arch/riscv/regs/misc.hh:60,
                 from src/cpu/base.cc:53:
build/RISCV/enums/RiscvType.hh:16:9: note: ‘gem5::enums::RV64’ declared here
   16 |         RV64 = 1,
      |         ^~~~
In file included from src/cpu/base.cc:53:
src/arch/riscv/regs/misc.hh:1481:67: error: ‘RV32’ was not declared in this scope; did you mean ‘gem5::enums::RV32’?
 1481 |         {"mhpmcounter29", MISCREG_HPMCOUNTER29, rvTypeFlags(RV64, RV32),
      |                                                                   ^~~~
      |                                                                   gem5::enums::RV32
In file included from src/arch/riscv/regs/misc.hh:60,
                 from src/cpu/base.cc:53:
build/RISCV/enums/RiscvType.hh:15:9: note: ‘gem5::enums::RV32’ declared here
   15 |         RV32 = 0,
      |         ^~~~
In file included from src/cpu/base.cc:53:
src/arch/riscv/regs/misc.hh:1484:61: error: ‘RV64’ was not declared in this scope; did you mean ‘gem5::enums::RV64’?
 1484 |         {"mhpmcounter30", MISCREG_HPMCOUNTER30, rvTypeFlags(RV64, RV32),
      |                                                             ^~~~
      |                                                             gem5::enums::RV64
In file included from src/arch/riscv/regs/misc.hh:60,
                 from src/cpu/base.cc:53:
build/RISCV/enums/RiscvType.hh:16:9: note: ‘gem5::enums::RV64’ declared here
   16 |         RV64 = 1,
      |         ^~~~
In file included from src/cpu/base.cc:53:
src/arch/riscv/regs/misc.hh:1484:67: error: ‘RV32’ was not declared in this scope; did you mean ‘gem5::enums::RV32’?
 1484 |         {"mhpmcounter30", MISCREG_HPMCOUNTER30, rvTypeFlags(RV64, RV32),
      |                                                                   ^~~~
      |                                                                   gem5::enums::RV32
In file included from src/arch/riscv/regs/misc.hh:60,
                 from src/cpu/base.cc:53:
build/RISCV/enums/RiscvType.hh:15:9: note: ‘gem5::enums::RV32’ declared here
   15 |         RV32 = 0,
      |         ^~~~
In file included from src/cpu/base.cc:53:
src/arch/riscv/regs/misc.hh:1487:61: error: ‘RV64’ was not declared in this scope; did you mean ‘gem5::enums::RV64’?
 1487 |         {"mhpmcounter31", MISCREG_HPMCOUNTER31, rvTypeFlags(RV64, RV32),
      |                                                             ^~~~
      |                                                             gem5::enums::RV64
In file included from src/arch/riscv/regs/misc.hh:60,
                 from src/cpu/base.cc:53:
build/RISCV/enums/RiscvType.hh:16:9: note: ‘gem5::enums::RV64’ declared here
   16 |         RV64 = 1,
      |         ^~~~
In file included from src/cpu/base.cc:53:
src/arch/riscv/regs/misc.hh:1487:67: error: ‘RV32’ was not declared in this scope; did you mean ‘gem5::enums::RV32’?
 1487 |         {"mhpmcounter31", MISCREG_HPMCOUNTER31, rvTypeFlags(RV64, RV32),
      |                                                                   ^~~~
      |                                                                   gem5::enums::RV32
In file included from src/arch/riscv/regs/misc.hh:60,
                 from src/cpu/base.cc:53:
build/RISCV/enums/RiscvType.hh:15:9: note: ‘gem5::enums::RV32’ declared here
   15 |         RV32 = 0,
      |         ^~~~
In file included from src/cpu/base.cc:53:
src/arch/riscv/regs/misc.hh:1491:49: error: ‘RV32’ was not declared in this scope; did you mean ‘gem5::enums::RV32’?
 1491 |         {"mcycleh", MISCREG_CYCLEH, rvTypeFlags(RV32), isaExtsFlags()}},
      |                                                 ^~~~
      |                                                 gem5::enums::RV32
In file included from src/arch/riscv/regs/misc.hh:60,
                 from src/cpu/base.cc:53:
build/RISCV/enums/RiscvType.hh:15:9: note: ‘gem5::enums::RV32’ declared here
   15 |         RV32 = 0,
      |         ^~~~
In file included from src/cpu/base.cc:53:
src/arch/riscv/regs/misc.hh:1493:53: error: ‘RV32’ was not declared in this scope; did you mean ‘gem5::enums::RV32’?
 1493 |         {"minstreth", MISCREG_INSTRETH, rvTypeFlags(RV32), isaExtsFlags()}},
      |                                                     ^~~~
      |                                                     gem5::enums::RV32
In file included from src/arch/riscv/regs/misc.hh:60,
                 from src/cpu/base.cc:53:
build/RISCV/enums/RiscvType.hh:15:9: note: ‘gem5::enums::RV32’ declared here
   15 |         RV32 = 0,
      |         ^~~~
In file included from src/cpu/base.cc:53:
src/arch/riscv/regs/misc.hh:1495:63: error: ‘RV32’ was not declared in this scope; did you mean ‘gem5::enums::RV32’?
 1495 |         {"mhpmcounter03h", MISCREG_HPMCOUNTER03H, rvTypeFlags(RV32),
      |                                                               ^~~~
      |                                                               gem5::enums::RV32
In file included from src/arch/riscv/regs/misc.hh:60,
                 from src/cpu/base.cc:53:
build/RISCV/enums/RiscvType.hh:15:9: note: ‘gem5::enums::RV32’ declared here
   15 |         RV32 = 0,
      |         ^~~~
In file included from src/cpu/base.cc:53:
src/arch/riscv/regs/misc.hh:1498:63: error: ‘RV32’ was not declared in this scope; did you mean ‘gem5::enums::RV32’?
 1498 |         {"mhpmcounter04h", MISCREG_HPMCOUNTER04H, rvTypeFlags(RV32),
      |                                                               ^~~~
      |                                                               gem5::enums::RV32
In file included from src/arch/riscv/regs/misc.hh:60,
                 from src/cpu/base.cc:53:
build/RISCV/enums/RiscvType.hh:15:9: note: ‘gem5::enums::RV32’ declared here
   15 |         RV32 = 0,
      |         ^~~~
In file included from src/cpu/base.cc:53:
src/arch/riscv/regs/misc.hh:1501:63: error: ‘RV32’ was not declared in this scope; did you mean ‘gem5::enums::RV32’?
 1501 |         {"mhpmcounter05h", MISCREG_HPMCOUNTER05H, rvTypeFlags(RV32),
      |                                                               ^~~~
      |                                                               gem5::enums::RV32
In file included from src/arch/riscv/regs/misc.hh:60,
                 from src/cpu/base.cc:53:
build/RISCV/enums/RiscvType.hh:15:9: note: ‘gem5::enums::RV32’ declared here
   15 |         RV32 = 0,
      |         ^~~~
In file included from src/cpu/base.cc:53:
src/arch/riscv/regs/misc.hh:1504:63: error: ‘RV32’ was not declared in this scope; did you mean ‘gem5::enums::RV32’?
 1504 |         {"mhpmcounter06h", MISCREG_HPMCOUNTER06H, rvTypeFlags(RV32),
      |                                                               ^~~~
      |                                                               gem5::enums::RV32
In file included from src/arch/riscv/regs/misc.hh:60,
                 from src/cpu/base.cc:53:
build/RISCV/enums/RiscvType.hh:15:9: note: ‘gem5::enums::RV32’ declared here
   15 |         RV32 = 0,
      |         ^~~~
In file included from src/cpu/base.cc:53:
src/arch/riscv/regs/misc.hh:1507:63: error: ‘RV32’ was not declared in this scope; did you mean ‘gem5::enums::RV32’?
 1507 |         {"mhpmcounter07h", MISCREG_HPMCOUNTER07H, rvTypeFlags(RV32),
      |                                                               ^~~~
      |                                                               gem5::enums::RV32
In file included from src/arch/riscv/regs/misc.hh:60,
                 from src/cpu/base.cc:53:
build/RISCV/enums/RiscvType.hh:15:9: note: ‘gem5::enums::RV32’ declared here
   15 |         RV32 = 0,
      |         ^~~~
In file included from src/cpu/base.cc:53:
src/arch/riscv/regs/misc.hh:1510:63: error: ‘RV32’ was not declared in this scope; did you mean ‘gem5::enums::RV32’?
 1510 |         {"mhpmcounter08h", MISCREG_HPMCOUNTER08H, rvTypeFlags(RV32),
      |                                                               ^~~~
      |                                                               gem5::enums::RV32
In file included from src/arch/riscv/regs/misc.hh:60,
                 from src/cpu/base.cc:53:
build/RISCV/enums/RiscvType.hh:15:9: note: ‘gem5::enums::RV32’ declared here
   15 |         RV32 = 0,
      |         ^~~~
In file included from src/cpu/base.cc:53:
src/arch/riscv/regs/misc.hh:1513:63: error: ‘RV32’ was not declared in this scope; did you mean ‘gem5::enums::RV32’?
 1513 |         {"mhpmcounter09h", MISCREG_HPMCOUNTER09H, rvTypeFlags(RV32),
      |                                                               ^~~~
      |                                                               gem5::enums::RV32
In file included from src/arch/riscv/regs/misc.hh:60,
                 from src/cpu/base.cc:53:
build/RISCV/enums/RiscvType.hh:15:9: note: ‘gem5::enums::RV32’ declared here
   15 |         RV32 = 0,
      |         ^~~~
In file included from src/cpu/base.cc:53:
src/arch/riscv/regs/misc.hh:1516:63: error: ‘RV32’ was not declared in this scope; did you mean ‘gem5::enums::RV32’?
 1516 |         {"mhpmcounter10h", MISCREG_HPMCOUNTER10H, rvTypeFlags(RV32),
      |                                                               ^~~~
      |                                                               gem5::enums::RV32
In file included from src/arch/riscv/regs/misc.hh:60,
                 from src/cpu/base.cc:53:
build/RISCV/enums/RiscvType.hh:15:9: note: ‘gem5::enums::RV32’ declared here
   15 |         RV32 = 0,
      |         ^~~~
In file included from src/cpu/base.cc:53:
src/arch/riscv/regs/misc.hh:1519:63: error: ‘RV32’ was not declared in this scope; did you mean ‘gem5::enums::RV32’?
 1519 |         {"mhpmcounter11h", MISCREG_HPMCOUNTER11H, rvTypeFlags(RV32),
      |                                                               ^~~~
      |                                                               gem5::enums::RV32
In file included from src/arch/riscv/regs/misc.hh:60,
                 from src/cpu/base.cc:53:
build/RISCV/enums/RiscvType.hh:15:9: note: ‘gem5::enums::RV32’ declared here
   15 |         RV32 = 0,
      |         ^~~~
In file included from src/cpu/base.cc:53:
src/arch/riscv/regs/misc.hh:1522:63: error: ‘RV32’ was not declared in this scope; did you mean ‘gem5::enums::RV32’?
 1522 |         {"mhpmcounter12h", MISCREG_HPMCOUNTER12H, rvTypeFlags(RV32),
      |                                                               ^~~~
      |                                                               gem5::enums::RV32
In file included from src/arch/riscv/regs/misc.hh:60,
                 from src/cpu/base.cc:53:
build/RISCV/enums/RiscvType.hh:15:9: note: ‘gem5::enums::RV32’ declared here
   15 |         RV32 = 0,
      |         ^~~~
In file included from src/cpu/base.cc:53:
src/arch/riscv/regs/misc.hh:1525:63: error: ‘RV32’ was not declared in this scope; did you mean ‘gem5::enums::RV32’?
 1525 |         {"mhpmcounter13h", MISCREG_HPMCOUNTER13H, rvTypeFlags(RV32),
      |                                                               ^~~~
      |                                                               gem5::enums::RV32
In file included from src/arch/riscv/regs/misc.hh:60,
                 from src/cpu/base.cc:53:
build/RISCV/enums/RiscvType.hh:15:9: note: ‘gem5::enums::RV32’ declared here
   15 |         RV32 = 0,
      |         ^~~~
In file included from src/cpu/base.cc:53:
src/arch/riscv/regs/misc.hh:1528:63: error: ‘RV32’ was not declared in this scope; did you mean ‘gem5::enums::RV32’?
 1528 |         {"mhpmcounter14h", MISCREG_HPMCOUNTER14H, rvTypeFlags(RV32),
      |                                                               ^~~~
      |                                                               gem5::enums::RV32
In file included from src/arch/riscv/regs/misc.hh:60,
                 from src/cpu/base.cc:53:
build/RISCV/enums/RiscvType.hh:15:9: note: ‘gem5::enums::RV32’ declared here
   15 |         RV32 = 0,
      |         ^~~~
In file included from src/cpu/base.cc:53:
src/arch/riscv/regs/misc.hh:1531:63: error: ‘RV32’ was not declared in this scope; did you mean ‘gem5::enums::RV32’?
 1531 |         {"mhpmcounter15h", MISCREG_HPMCOUNTER15H, rvTypeFlags(RV32),
      |                                                               ^~~~
      |                                                               gem5::enums::RV32
In file included from src/arch/riscv/regs/misc.hh:60,
                 from src/cpu/base.cc:53:
build/RISCV/enums/RiscvType.hh:15:9: note: ‘gem5::enums::RV32’ declared here
   15 |         RV32 = 0,
      |         ^~~~
In file included from src/cpu/base.cc:53:
src/arch/riscv/regs/misc.hh:1534:63: error: ‘RV32’ was not declared in this scope; did you mean ‘gem5::enums::RV32’?
 1534 |         {"mhpmcounter16h", MISCREG_HPMCOUNTER16H, rvTypeFlags(RV32),
      |                                                               ^~~~
      |                                                               gem5::enums::RV32
In file included from src/arch/riscv/regs/misc.hh:60,
                 from src/cpu/base.cc:53:
build/RISCV/enums/RiscvType.hh:15:9: note: ‘gem5::enums::RV32’ declared here
   15 |         RV32 = 0,
      |         ^~~~
In file included from src/cpu/base.cc:53:
src/arch/riscv/regs/misc.hh:1537:63: error: ‘RV32’ was not declared in this scope; did you mean ‘gem5::enums::RV32’?
 1537 |         {"mhpmcounter17h", MISCREG_HPMCOUNTER17H, rvTypeFlags(RV32),
      |                                                               ^~~~
      |                                                               gem5::enums::RV32
In file included from src/arch/riscv/regs/misc.hh:60,
                 from src/cpu/base.cc:53:
build/RISCV/enums/RiscvType.hh:15:9: note: ‘gem5::enums::RV32’ declared here
   15 |         RV32 = 0,
      |         ^~~~
In file included from src/cpu/base.cc:53:
src/arch/riscv/regs/misc.hh:1540:63: error: ‘RV32’ was not declared in this scope; did you mean ‘gem5::enums::RV32’?
 1540 |         {"mhpmcounter18h", MISCREG_HPMCOUNTER18H, rvTypeFlags(RV32),
      |                                                               ^~~~
      |                                                               gem5::enums::RV32
In file included from src/arch/riscv/regs/misc.hh:60,
                 from src/cpu/base.cc:53:
build/RISCV/enums/RiscvType.hh:15:9: note: ‘gem5::enums::RV32’ declared here
   15 |         RV32 = 0,
      |         ^~~~
In file included from src/cpu/base.cc:53:
src/arch/riscv/regs/misc.hh:1543:63: error: ‘RV32’ was not declared in this scope; did you mean ‘gem5::enums::RV32’?
 1543 |         {"mhpmcounter19h", MISCREG_HPMCOUNTER19H, rvTypeFlags(RV32),
      |                                                               ^~~~
      |                                                               gem5::enums::RV32
In file included from src/arch/riscv/regs/misc.hh:60,
                 from src/cpu/base.cc:53:
build/RISCV/enums/RiscvType.hh:15:9: note: ‘gem5::enums::RV32’ declared here
   15 |         RV32 = 0,
      |         ^~~~
In file included from src/cpu/base.cc:53:
src/arch/riscv/regs/misc.hh:1546:63: error: ‘RV32’ was not declared in this scope; did you mean ‘gem5::enums::RV32’?
 1546 |         {"mhpmcounter20h", MISCREG_HPMCOUNTER20H, rvTypeFlags(RV32),
      |                                                               ^~~~
      |                                                               gem5::enums::RV32
In file included from src/arch/riscv/regs/misc.hh:60,
                 from src/cpu/base.cc:53:
build/RISCV/enums/RiscvType.hh:15:9: note: ‘gem5::enums::RV32’ declared here
   15 |         RV32 = 0,
      |         ^~~~
In file included from src/cpu/base.cc:53:
src/arch/riscv/regs/misc.hh:1549:63: error: ‘RV32’ was not declared in this scope; did you mean ‘gem5::enums::RV32’?
 1549 |         {"mhpmcounter21h", MISCREG_HPMCOUNTER21H, rvTypeFlags(RV32),
      |                                                               ^~~~
      |                                                               gem5::enums::RV32
In file included from src/arch/riscv/regs/misc.hh:60,
                 from src/cpu/base.cc:53:
build/RISCV/enums/RiscvType.hh:15:9: note: ‘gem5::enums::RV32’ declared here
   15 |         RV32 = 0,
      |         ^~~~
In file included from src/cpu/base.cc:53:
src/arch/riscv/regs/misc.hh:1552:63: error: ‘RV32’ was not declared in this scope; did you mean ‘gem5::enums::RV32’?
 1552 |         {"mhpmcounter22h", MISCREG_HPMCOUNTER22H, rvTypeFlags(RV32),
      |                                                               ^~~~
      |                                                               gem5::enums::RV32
In file included from src/arch/riscv/regs/misc.hh:60,
                 from src/cpu/base.cc:53:
build/RISCV/enums/RiscvType.hh:15:9: note: ‘gem5::enums::RV32’ declared here
   15 |         RV32 = 0,
      |         ^~~~
In file included from src/cpu/base.cc:53:
src/arch/riscv/regs/misc.hh:1555:63: error: ‘RV32’ was not declared in this scope; did you mean ‘gem5::enums::RV32’?
 1555 |         {"mhpmcounter23h", MISCREG_HPMCOUNTER23H, rvTypeFlags(RV32),
      |                                                               ^~~~
      |                                                               gem5::enums::RV32
In file included from src/arch/riscv/regs/misc.hh:60,
                 from src/cpu/base.cc:53:
build/RISCV/enums/RiscvType.hh:15:9: note: ‘gem5::enums::RV32’ declared here
   15 |         RV32 = 0,
      |         ^~~~
In file included from src/cpu/base.cc:53:
src/arch/riscv/regs/misc.hh:1558:63: error: ‘RV32’ was not declared in this scope; did you mean ‘gem5::enums::RV32’?
 1558 |         {"mhpmcounter24h", MISCREG_HPMCOUNTER24H, rvTypeFlags(RV32),
      |                                                               ^~~~
      |                                                               gem5::enums::RV32
In file included from src/arch/riscv/regs/misc.hh:60,
                 from src/cpu/base.cc:53:
build/RISCV/enums/RiscvType.hh:15:9: note: ‘gem5::enums::RV32’ declared here
   15 |         RV32 = 0,
      |         ^~~~
In file included from src/cpu/base.cc:53:
src/arch/riscv/regs/misc.hh:1561:63: error: ‘RV32’ was not declared in this scope; did you mean ‘gem5::enums::RV32’?
 1561 |         {"mhpmcounter25h", MISCREG_HPMCOUNTER25H, rvTypeFlags(RV32),
      |                                                               ^~~~
      |                                                               gem5::enums::RV32
In file included from src/arch/riscv/regs/misc.hh:60,
                 from src/cpu/base.cc:53:
build/RISCV/enums/RiscvType.hh:15:9: note: ‘gem5::enums::RV32’ declared here
   15 |         RV32 = 0,
      |         ^~~~
In file included from src/cpu/base.cc:53:
src/arch/riscv/regs/misc.hh:1564:63: error: ‘RV32’ was not declared in this scope; did you mean ‘gem5::enums::RV32’?
 1564 |         {"mhpmcounter26h", MISCREG_HPMCOUNTER26H, rvTypeFlags(RV32),
      |                                                               ^~~~
      |                                                               gem5::enums::RV32
In file included from src/arch/riscv/regs/misc.hh:60,
                 from src/cpu/base.cc:53:
build/RISCV/enums/RiscvType.hh:15:9: note: ‘gem5::enums::RV32’ declared here
   15 |         RV32 = 0,
      |         ^~~~
In file included from src/cpu/base.cc:53:
src/arch/riscv/regs/misc.hh:1567:63: error: ‘RV32’ was not declared in this scope; did you mean ‘gem5::enums::RV32’?
 1567 |         {"mhpmcounter27h", MISCREG_HPMCOUNTER27H, rvTypeFlags(RV32),
      |                                                               ^~~~
      |                                                               gem5::enums::RV32
In file included from src/arch/riscv/regs/misc.hh:60,
                 from src/cpu/base.cc:53:
build/RISCV/enums/RiscvType.hh:15:9: note: ‘gem5::enums::RV32’ declared here
   15 |         RV32 = 0,
      |         ^~~~
In file included from src/cpu/base.cc:53:
src/arch/riscv/regs/misc.hh:1570:63: error: ‘RV32’ was not declared in this scope; did you mean ‘gem5::enums::RV32’?
 1570 |         {"mhpmcounter28h", MISCREG_HPMCOUNTER28H, rvTypeFlags(RV32),
      |                                                               ^~~~
      |                                                               gem5::enums::RV32
In file included from src/arch/riscv/regs/misc.hh:60,
                 from src/cpu/base.cc:53:
build/RISCV/enums/RiscvType.hh:15:9: note: ‘gem5::enums::RV32’ declared here
   15 |         RV32 = 0,
      |         ^~~~
In file included from src/cpu/base.cc:53:
src/arch/riscv/regs/misc.hh:1573:63: error: ‘RV32’ was not declared in this scope; did you mean ‘gem5::enums::RV32’?
 1573 |         {"mhpmcounter29h", MISCREG_HPMCOUNTER29H, rvTypeFlags(RV32),
      |                                                               ^~~~
      |                                                               gem5::enums::RV32
In file included from src/arch/riscv/regs/misc.hh:60,
                 from src/cpu/base.cc:53:
build/RISCV/enums/RiscvType.hh:15:9: note: ‘gem5::enums::RV32’ declared here
   15 |         RV32 = 0,
      |         ^~~~
In file included from src/cpu/base.cc:53:
src/arch/riscv/regs/misc.hh:1576:63: error: ‘RV32’ was not declared in this scope; did you mean ‘gem5::enums::RV32’?
 1576 |         {"mhpmcounter30h", MISCREG_HPMCOUNTER30H, rvTypeFlags(RV32),
      |                                                               ^~~~
      |                                                               gem5::enums::RV32
In file included from src/arch/riscv/regs/misc.hh:60,
                 from src/cpu/base.cc:53:
build/RISCV/enums/RiscvType.hh:15:9: note: ‘gem5::enums::RV32’ declared here
   15 |         RV32 = 0,
      |         ^~~~
In file included from src/cpu/base.cc:53:
src/arch/riscv/regs/misc.hh:1579:63: error: ‘RV32’ was not declared in this scope; did you mean ‘gem5::enums::RV32’?
 1579 |         {"mhpmcounter31h", MISCREG_HPMCOUNTER31H, rvTypeFlags(RV32),
      |                                                               ^~~~
      |                                                               gem5::enums::RV32
In file included from src/arch/riscv/regs/misc.hh:60,
                 from src/cpu/base.cc:53:
build/RISCV/enums/RiscvType.hh:15:9: note: ‘gem5::enums::RV32’ declared here
   15 |         RV32 = 0,
      |         ^~~~
In file included from src/cpu/base.cc:53:
src/arch/riscv/regs/misc.hh:1583:57: error: ‘RV64’ was not declared in this scope; did you mean ‘gem5::enums::RV64’?
 1583 |         {"mhpmevent03", MISCREG_HPMEVENT03, rvTypeFlags(RV64, RV32),
      |                                                         ^~~~
      |                                                         gem5::enums::RV64
In file included from src/arch/riscv/regs/misc.hh:60,
                 from src/cpu/base.cc:53:
build/RISCV/enums/RiscvType.hh:16:9: note: ‘gem5::enums::RV64’ declared here
   16 |         RV64 = 1,
      |         ^~~~
In file included from src/cpu/base.cc:53:
src/arch/riscv/regs/misc.hh:1583:63: error: ‘RV32’ was not declared in this scope; did you mean ‘gem5::enums::RV32’?
 1583 |         {"mhpmevent03", MISCREG_HPMEVENT03, rvTypeFlags(RV64, RV32),
      |                                                               ^~~~
      |                                                               gem5::enums::RV32
In file included from src/arch/riscv/regs/misc.hh:60,
                 from src/cpu/base.cc:53:
build/RISCV/enums/RiscvType.hh:15:9: note: ‘gem5::enums::RV32’ declared here
   15 |         RV32 = 0,
      |         ^~~~
In file included from src/cpu/base.cc:53:
src/arch/riscv/regs/misc.hh:1586:57: error: ‘RV64’ was not declared in this scope; did you mean ‘gem5::enums::RV64’?
 1586 |         {"mhpmevent04", MISCREG_HPMEVENT04, rvTypeFlags(RV64, RV32),
      |                                                         ^~~~
      |                                                         gem5::enums::RV64
In file included from src/arch/riscv/regs/misc.hh:60,
                 from src/cpu/base.cc:53:
build/RISCV/enums/RiscvType.hh:16:9: note: ‘gem5::enums::RV64’ declared here
   16 |         RV64 = 1,
      |         ^~~~
In file included from src/cpu/base.cc:53:
src/arch/riscv/regs/misc.hh:1586:63: error: ‘RV32’ was not declared in this scope; did you mean ‘gem5::enums::RV32’?
 1586 |         {"mhpmevent04", MISCREG_HPMEVENT04, rvTypeFlags(RV64, RV32),
      |                                                               ^~~~
      |                                                               gem5::enums::RV32
In file included from src/arch/riscv/regs/misc.hh:60,
                 from src/cpu/base.cc:53:
build/RISCV/enums/RiscvType.hh:15:9: note: ‘gem5::enums::RV32’ declared here
   15 |         RV32 = 0,
      |         ^~~~
In file included from src/cpu/base.cc:53:
src/arch/riscv/regs/misc.hh:1589:57: error: ‘RV64’ was not declared in this scope; did you mean ‘gem5::enums::RV64’?
 1589 |         {"mhpmevent05", MISCREG_HPMEVENT05, rvTypeFlags(RV64, RV32),
      |                                                         ^~~~
      |                                                         gem5::enums::RV64
In file included from src/arch/riscv/regs/misc.hh:60,
                 from src/cpu/base.cc:53:
build/RISCV/enums/RiscvType.hh:16:9: note: ‘gem5::enums::RV64’ declared here
   16 |         RV64 = 1,
      |         ^~~~
In file included from src/cpu/base.cc:53:
src/arch/riscv/regs/misc.hh:1589:63: error: ‘RV32’ was not declared in this scope; did you mean ‘gem5::enums::RV32’?
 1589 |         {"mhpmevent05", MISCREG_HPMEVENT05, rvTypeFlags(RV64, RV32),
      |                                                               ^~~~
      |                                                               gem5::enums::RV32
In file included from src/arch/riscv/regs/misc.hh:60,
                 from src/cpu/base.cc:53:
build/RISCV/enums/RiscvType.hh:15:9: note: ‘gem5::enums::RV32’ declared here
   15 |         RV32 = 0,
      |         ^~~~
In file included from src/cpu/base.cc:53:
src/arch/riscv/regs/misc.hh:1592:57: error: ‘RV64’ was not declared in this scope; did you mean ‘gem5::enums::RV64’?
 1592 |         {"mhpmevent06", MISCREG_HPMEVENT06, rvTypeFlags(RV64, RV32),
      |                                                         ^~~~
      |                                                         gem5::enums::RV64
In file included from src/arch/riscv/regs/misc.hh:60,
                 from src/cpu/base.cc:53:
build/RISCV/enums/RiscvType.hh:16:9: note: ‘gem5::enums::RV64’ declared here
   16 |         RV64 = 1,
      |         ^~~~
In file included from src/cpu/base.cc:53:
src/arch/riscv/regs/misc.hh:1592:63: error: ‘RV32’ was not declared in this scope; did you mean ‘gem5::enums::RV32’?
 1592 |         {"mhpmevent06", MISCREG_HPMEVENT06, rvTypeFlags(RV64, RV32),
      |                                                               ^~~~
      |                                                               gem5::enums::RV32
In file included from src/arch/riscv/regs/misc.hh:60,
                 from src/cpu/base.cc:53:
build/RISCV/enums/RiscvType.hh:15:9: note: ‘gem5::enums::RV32’ declared here
   15 |         RV32 = 0,
      |         ^~~~
In file included from src/cpu/base.cc:53:
src/arch/riscv/regs/misc.hh:1595:57: error: ‘RV64’ was not declared in this scope; did you mean ‘gem5::enums::RV64’?
 1595 |         {"mhpmevent07", MISCREG_HPMEVENT07, rvTypeFlags(RV64, RV32),
      |                                                         ^~~~
      |                                                         gem5::enums::RV64
In file included from src/arch/riscv/regs/misc.hh:60,
                 from src/cpu/base.cc:53:
build/RISCV/enums/RiscvType.hh:16:9: note: ‘gem5::enums::RV64’ declared here
   16 |         RV64 = 1,
      |         ^~~~
In file included from src/cpu/base.cc:53:
src/arch/riscv/regs/misc.hh:1595:63: error: ‘RV32’ was not declared in this scope; did you mean ‘gem5::enums::RV32’?
 1595 |         {"mhpmevent07", MISCREG_HPMEVENT07, rvTypeFlags(RV64, RV32),
      |                                                               ^~~~
      |                                                               gem5::enums::RV32
In file included from src/arch/riscv/regs/misc.hh:60,
                 from src/cpu/base.cc:53:
build/RISCV/enums/RiscvType.hh:15:9: note: ‘gem5::enums::RV32’ declared here
   15 |         RV32 = 0,
      |         ^~~~
In file included from src/cpu/base.cc:53:
src/arch/riscv/regs/misc.hh:1598:57: error: ‘RV64’ was not declared in this scope; did you mean ‘gem5::enums::RV64’?
 1598 |         {"mhpmevent08", MISCREG_HPMEVENT08, rvTypeFlags(RV64, RV32),
      |                                                         ^~~~
      |                                                         gem5::enums::RV64
In file included from src/arch/riscv/regs/misc.hh:60,
                 from src/cpu/base.cc:53:
build/RISCV/enums/RiscvType.hh:16:9: note: ‘gem5::enums::RV64’ declared here
   16 |         RV64 = 1,
      |         ^~~~
In file included from src/cpu/base.cc:53:
src/arch/riscv/regs/misc.hh:1598:63: error: ‘RV32’ was not declared in this scope; did you mean ‘gem5::enums::RV32’?
 1598 |         {"mhpmevent08", MISCREG_HPMEVENT08, rvTypeFlags(RV64, RV32),
      |                                                               ^~~~
      |                                                               gem5::enums::RV32
In file included from src/arch/riscv/regs/misc.hh:60,
                 from src/cpu/base.cc:53:
build/RISCV/enums/RiscvType.hh:15:9: note: ‘gem5::enums::RV32’ declared here
   15 |         RV32 = 0,
      |         ^~~~
In file included from src/cpu/base.cc:53:
src/arch/riscv/regs/misc.hh:1601:57: error: ‘RV64’ was not declared in this scope; did you mean ‘gem5::enums::RV64’?
 1601 |         {"mhpmevent09", MISCREG_HPMEVENT09, rvTypeFlags(RV64, RV32),
      |                                                         ^~~~
      |                                                         gem5::enums::RV64
In file included from src/arch/riscv/regs/misc.hh:60,
                 from src/cpu/base.cc:53:
build/RISCV/enums/RiscvType.hh:16:9: note: ‘gem5::enums::RV64’ declared here
   16 |         RV64 = 1,
      |         ^~~~
In file included from src/cpu/base.cc:53:
src/arch/riscv/regs/misc.hh:1601:63: error: ‘RV32’ was not declared in this scope; did you mean ‘gem5::enums::RV32’?
 1601 |         {"mhpmevent09", MISCREG_HPMEVENT09, rvTypeFlags(RV64, RV32),
      |                                                               ^~~~
      |                                                               gem5::enums::RV32
In file included from src/arch/riscv/regs/misc.hh:60,
                 from src/cpu/base.cc:53:
build/RISCV/enums/RiscvType.hh:15:9: note: ‘gem5::enums::RV32’ declared here
   15 |         RV32 = 0,
      |         ^~~~
In file included from src/cpu/base.cc:53:
src/arch/riscv/regs/misc.hh:1604:57: error: ‘RV64’ was not declared in this scope; did you mean ‘gem5::enums::RV64’?
 1604 |         {"mhpmevent10", MISCREG_HPMEVENT10, rvTypeFlags(RV64, RV32),
      |                                                         ^~~~
      |                                                         gem5::enums::RV64
In file included from src/arch/riscv/regs/misc.hh:60,
                 from src/cpu/base.cc:53:
build/RISCV/enums/RiscvType.hh:16:9: note: ‘gem5::enums::RV64’ declared here
   16 |         RV64 = 1,
      |         ^~~~
In file included from src/cpu/base.cc:53:
src/arch/riscv/regs/misc.hh:1604:63: error: ‘RV32’ was not declared in this scope; did you mean ‘gem5::enums::RV32’?
 1604 |         {"mhpmevent10", MISCREG_HPMEVENT10, rvTypeFlags(RV64, RV32),
      |                                                               ^~~~
      |                                                               gem5::enums::RV32
In file included from src/arch/riscv/regs/misc.hh:60,
                 from src/cpu/base.cc:53:
build/RISCV/enums/RiscvType.hh:15:9: note: ‘gem5::enums::RV32’ declared here
   15 |         RV32 = 0,
      |         ^~~~
In file included from src/cpu/base.cc:53:
src/arch/riscv/regs/misc.hh:1607:57: error: ‘RV64’ was not declared in this scope; did you mean ‘gem5::enums::RV64’?
 1607 |         {"mhpmevent11", MISCREG_HPMEVENT11, rvTypeFlags(RV64, RV32),
      |                                                         ^~~~
      |                                                         gem5::enums::RV64
In file included from src/arch/riscv/regs/misc.hh:60,
                 from src/cpu/base.cc:53:
build/RISCV/enums/RiscvType.hh:16:9: note: ‘gem5::enums::RV64’ declared here
   16 |         RV64 = 1,
      |         ^~~~
In file included from src/cpu/base.cc:53:
src/arch/riscv/regs/misc.hh:1607:63: error: ‘RV32’ was not declared in this scope; did you mean ‘gem5::enums::RV32’?
 1607 |         {"mhpmevent11", MISCREG_HPMEVENT11, rvTypeFlags(RV64, RV32),
      |                                                               ^~~~
      |                                                               gem5::enums::RV32
In file included from src/arch/riscv/regs/misc.hh:60,
                 from src/cpu/base.cc:53:
build/RISCV/enums/RiscvType.hh:15:9: note: ‘gem5::enums::RV32’ declared here
   15 |         RV32 = 0,
      |         ^~~~
In file included from src/cpu/base.cc:53:
src/arch/riscv/regs/misc.hh:1610:57: error: ‘RV64’ was not declared in this scope; did you mean ‘gem5::enums::RV64’?
 1610 |         {"mhpmevent12", MISCREG_HPMEVENT12, rvTypeFlags(RV64, RV32),
      |                                                         ^~~~
      |                                                         gem5::enums::RV64
In file included from src/arch/riscv/regs/misc.hh:60,
                 from src/cpu/base.cc:53:
build/RISCV/enums/RiscvType.hh:16:9: note: ‘gem5::enums::RV64’ declared here
   16 |         RV64 = 1,
      |         ^~~~
In file included from src/cpu/base.cc:53:
src/arch/riscv/regs/misc.hh:1610:63: error: ‘RV32’ was not declared in this scope; did you mean ‘gem5::enums::RV32’?
 1610 |         {"mhpmevent12", MISCREG_HPMEVENT12, rvTypeFlags(RV64, RV32),
      |                                                               ^~~~
      |                                                               gem5::enums::RV32
In file included from src/arch/riscv/regs/misc.hh:60,
                 from src/cpu/base.cc:53:
build/RISCV/enums/RiscvType.hh:15:9: note: ‘gem5::enums::RV32’ declared here
   15 |         RV32 = 0,
      |         ^~~~
In file included from src/cpu/base.cc:53:
src/arch/riscv/regs/misc.hh:1613:57: error: ‘RV64’ was not declared in this scope; did you mean ‘gem5::enums::RV64’?
 1613 |         {"mhpmevent13", MISCREG_HPMEVENT13, rvTypeFlags(RV64, RV32),
      |                                                         ^~~~
      |                                                         gem5::enums::RV64
In file included from src/arch/riscv/regs/misc.hh:60,
                 from src/cpu/base.cc:53:
build/RISCV/enums/RiscvType.hh:16:9: note: ‘gem5::enums::RV64’ declared here
   16 |         RV64 = 1,
      |         ^~~~
In file included from src/cpu/base.cc:53:
src/arch/riscv/regs/misc.hh:1613:63: error: ‘RV32’ was not declared in this scope; did you mean ‘gem5::enums::RV32’?
 1613 |         {"mhpmevent13", MISCREG_HPMEVENT13, rvTypeFlags(RV64, RV32),
      |                                                               ^~~~
      |                                                               gem5::enums::RV32
In file included from src/arch/riscv/regs/misc.hh:60,
                 from src/cpu/base.cc:53:
build/RISCV/enums/RiscvType.hh:15:9: note: ‘gem5::enums::RV32’ declared here
   15 |         RV32 = 0,
      |         ^~~~
In file included from src/cpu/base.cc:53:
src/arch/riscv/regs/misc.hh:1616:57: error: ‘RV64’ was not declared in this scope; did you mean ‘gem5::enums::RV64’?
 1616 |         {"mhpmevent14", MISCREG_HPMEVENT14, rvTypeFlags(RV64, RV32),
      |                                                         ^~~~
      |                                                         gem5::enums::RV64
In file included from src/arch/riscv/regs/misc.hh:60,
                 from src/cpu/base.cc:53:
build/RISCV/enums/RiscvType.hh:16:9: note: ‘gem5::enums::RV64’ declared here
   16 |         RV64 = 1,
      |         ^~~~
In file included from src/cpu/base.cc:53:
src/arch/riscv/regs/misc.hh:1616:63: error: ‘RV32’ was not declared in this scope; did you mean ‘gem5::enums::RV32’?
 1616 |         {"mhpmevent14", MISCREG_HPMEVENT14, rvTypeFlags(RV64, RV32),
      |                                                               ^~~~
      |                                                               gem5::enums::RV32
In file included from src/arch/riscv/regs/misc.hh:60,
                 from src/cpu/base.cc:53:
build/RISCV/enums/RiscvType.hh:15:9: note: ‘gem5::enums::RV32’ declared here
   15 |         RV32 = 0,
      |         ^~~~
In file included from src/cpu/base.cc:53:
src/arch/riscv/regs/misc.hh:1619:57: error: ‘RV64’ was not declared in this scope; did you mean ‘gem5::enums::RV64’?
 1619 |         {"mhpmevent15", MISCREG_HPMEVENT15, rvTypeFlags(RV64, RV32),
      |                                                         ^~~~
      |                                                         gem5::enums::RV64
In file included from src/arch/riscv/regs/misc.hh:60,
                 from src/cpu/base.cc:53:
build/RISCV/enums/RiscvType.hh:16:9: note: ‘gem5::enums::RV64’ declared here
   16 |         RV64 = 1,
      |         ^~~~
In file included from src/cpu/base.cc:53:
src/arch/riscv/regs/misc.hh:1619:63: error: ‘RV32’ was not declared in this scope; did you mean ‘gem5::enums::RV32’?
 1619 |         {"mhpmevent15", MISCREG_HPMEVENT15, rvTypeFlags(RV64, RV32),
      |                                                               ^~~~
      |                                                               gem5::enums::RV32
In file included from src/arch/riscv/regs/misc.hh:60,
                 from src/cpu/base.cc:53:
build/RISCV/enums/RiscvType.hh:15:9: note: ‘gem5::enums::RV32’ declared here
   15 |         RV32 = 0,
      |         ^~~~
In file included from src/cpu/base.cc:53:
src/arch/riscv/regs/misc.hh:1622:57: error: ‘RV64’ was not declared in this scope; did you mean ‘gem5::enums::RV64’?
 1622 |         {"mhpmevent16", MISCREG_HPMEVENT16, rvTypeFlags(RV64, RV32),
      |                                                         ^~~~
      |                                                         gem5::enums::RV64
In file included from src/arch/riscv/regs/misc.hh:60,
                 from src/cpu/base.cc:53:
build/RISCV/enums/RiscvType.hh:16:9: note: ‘gem5::enums::RV64’ declared here
   16 |         RV64 = 1,
      |         ^~~~
In file included from src/cpu/base.cc:53:
src/arch/riscv/regs/misc.hh:1622:63: error: ‘RV32’ was not declared in this scope; did you mean ‘gem5::enums::RV32’?
 1622 |         {"mhpmevent16", MISCREG_HPMEVENT16, rvTypeFlags(RV64, RV32),
      |                                                               ^~~~
      |                                                               gem5::enums::RV32
In file included from src/arch/riscv/regs/misc.hh:60,
                 from src/cpu/base.cc:53:
build/RISCV/enums/RiscvType.hh:15:9: note: ‘gem5::enums::RV32’ declared here
   15 |         RV32 = 0,
      |         ^~~~
In file included from src/cpu/base.cc:53:
src/arch/riscv/regs/misc.hh:1625:57: error: ‘RV64’ was not declared in this scope; did you mean ‘gem5::enums::RV64’?
 1625 |         {"mhpmevent17", MISCREG_HPMEVENT17, rvTypeFlags(RV64, RV32),
      |                                                         ^~~~
      |                                                         gem5::enums::RV64
In file included from src/arch/riscv/regs/misc.hh:60,
                 from src/cpu/base.cc:53:
build/RISCV/enums/RiscvType.hh:16:9: note: ‘gem5::enums::RV64’ declared here
   16 |         RV64 = 1,
      |         ^~~~
In file included from src/cpu/base.cc:53:
src/arch/riscv/regs/misc.hh:1625:63: error: ‘RV32’ was not declared in this scope; did you mean ‘gem5::enums::RV32’?
 1625 |         {"mhpmevent17", MISCREG_HPMEVENT17, rvTypeFlags(RV64, RV32),
      |                                                               ^~~~
      |                                                               gem5::enums::RV32
In file included from src/arch/riscv/regs/misc.hh:60,
                 from src/cpu/base.cc:53:
build/RISCV/enums/RiscvType.hh:15:9: note: ‘gem5::enums::RV32’ declared here
   15 |         RV32 = 0,
      |         ^~~~
In file included from src/cpu/base.cc:53:
src/arch/riscv/regs/misc.hh:1628:57: error: ‘RV64’ was not declared in this scope; did you mean ‘gem5::enums::RV64’?
 1628 |         {"mhpmevent18", MISCREG_HPMEVENT18, rvTypeFlags(RV64, RV32),
      |                                                         ^~~~
      |                                                         gem5::enums::RV64
In file included from src/arch/riscv/regs/misc.hh:60,
                 from src/cpu/base.cc:53:
build/RISCV/enums/RiscvType.hh:16:9: note: ‘gem5::enums::RV64’ declared here
   16 |         RV64 = 1,
      |         ^~~~
In file included from src/cpu/base.cc:53:
src/arch/riscv/regs/misc.hh:1628:63: error: ‘RV32’ was not declared in this scope; did you mean ‘gem5::enums::RV32’?
 1628 |         {"mhpmevent18", MISCREG_HPMEVENT18, rvTypeFlags(RV64, RV32),
      |                                                               ^~~~
      |                                                               gem5::enums::RV32
In file included from src/arch/riscv/regs/misc.hh:60,
                 from src/cpu/base.cc:53:
build/RISCV/enums/RiscvType.hh:15:9: note: ‘gem5::enums::RV32’ declared here
   15 |         RV32 = 0,
      |         ^~~~
In file included from src/cpu/base.cc:53:
src/arch/riscv/regs/misc.hh:1631:57: error: ‘RV64’ was not declared in this scope; did you mean ‘gem5::enums::RV64’?
 1631 |         {"mhpmevent19", MISCREG_HPMEVENT19, rvTypeFlags(RV64, RV32),
      |                                                         ^~~~
      |                                                         gem5::enums::RV64
In file included from src/arch/riscv/regs/misc.hh:60,
                 from src/cpu/base.cc:53:
build/RISCV/enums/RiscvType.hh:16:9: note: ‘gem5::enums::RV64’ declared here
   16 |         RV64 = 1,
      |         ^~~~
In file included from src/cpu/base.cc:53:
src/arch/riscv/regs/misc.hh:1631:63: error: ‘RV32’ was not declared in this scope; did you mean ‘gem5::enums::RV32’?
 1631 |         {"mhpmevent19", MISCREG_HPMEVENT19, rvTypeFlags(RV64, RV32),
      |                                                               ^~~~
      |                                                               gem5::enums::RV32
In file included from src/arch/riscv/regs/misc.hh:60,
                 from src/cpu/base.cc:53:
build/RISCV/enums/RiscvType.hh:15:9: note: ‘gem5::enums::RV32’ declared here
   15 |         RV32 = 0,
      |         ^~~~
In file included from src/cpu/base.cc:53:
src/arch/riscv/regs/misc.hh:1634:57: error: ‘RV64’ was not declared in this scope; did you mean ‘gem5::enums::RV64’?
 1634 |         {"mhpmevent20", MISCREG_HPMEVENT20, rvTypeFlags(RV64, RV32),
      |                                                         ^~~~
      |                                                         gem5::enums::RV64
In file included from src/arch/riscv/regs/misc.hh:60,
                 from src/cpu/base.cc:53:
build/RISCV/enums/RiscvType.hh:16:9: note: ‘gem5::enums::RV64’ declared here
   16 |         RV64 = 1,
      |         ^~~~
In file included from src/cpu/base.cc:53:
src/arch/riscv/regs/misc.hh:1634:63: error: ‘RV32’ was not declared in this scope; did you mean ‘gem5::enums::RV32’?
 1634 |         {"mhpmevent20", MISCREG_HPMEVENT20, rvTypeFlags(RV64, RV32),
      |                                                               ^~~~
      |                                                               gem5::enums::RV32
In file included from src/arch/riscv/regs/misc.hh:60,
                 from src/cpu/base.cc:53:
build/RISCV/enums/RiscvType.hh:15:9: note: ‘gem5::enums::RV32’ declared here
   15 |         RV32 = 0,
      |         ^~~~
In file included from src/cpu/base.cc:53:
src/arch/riscv/regs/misc.hh:1637:57: error: ‘RV64’ was not declared in this scope; did you mean ‘gem5::enums::RV64’?
 1637 |         {"mhpmevent21", MISCREG_HPMEVENT21, rvTypeFlags(RV64, RV32),
      |                                                         ^~~~
      |                                                         gem5::enums::RV64
In file included from src/arch/riscv/regs/misc.hh:60,
                 from src/cpu/base.cc:53:
build/RISCV/enums/RiscvType.hh:16:9: note: ‘gem5::enums::RV64’ declared here
   16 |         RV64 = 1,
      |         ^~~~
In file included from src/cpu/base.cc:53:
src/arch/riscv/regs/misc.hh:1637:63: error: ‘RV32’ was not declared in this scope; did you mean ‘gem5::enums::RV32’?
 1637 |         {"mhpmevent21", MISCREG_HPMEVENT21, rvTypeFlags(RV64, RV32),
      |                                                               ^~~~
      |                                                               gem5::enums::RV32
In file included from src/arch/riscv/regs/misc.hh:60,
                 from src/cpu/base.cc:53:
build/RISCV/enums/RiscvType.hh:15:9: note: ‘gem5::enums::RV32’ declared here
   15 |         RV32 = 0,
      |         ^~~~
In file included from src/cpu/base.cc:53:
src/arch/riscv/regs/misc.hh:1640:57: error: ‘RV64’ was not declared in this scope; did you mean ‘gem5::enums::RV64’?
 1640 |         {"mhpmevent22", MISCREG_HPMEVENT22, rvTypeFlags(RV64, RV32),
      |                                                         ^~~~
      |                                                         gem5::enums::RV64
In file included from src/arch/riscv/regs/misc.hh:60,
                 from src/cpu/base.cc:53:
build/RISCV/enums/RiscvType.hh:16:9: note: ‘gem5::enums::RV64’ declared here
   16 |         RV64 = 1,
      |         ^~~~
In file included from src/cpu/base.cc:53:
src/arch/riscv/regs/misc.hh:1640:63: error: ‘RV32’ was not declared in this scope; did you mean ‘gem5::enums::RV32’?
 1640 |         {"mhpmevent22", MISCREG_HPMEVENT22, rvTypeFlags(RV64, RV32),
      |                                                               ^~~~
      |                                                               gem5::enums::RV32
In file included from src/arch/riscv/regs/misc.hh:60,
                 from src/cpu/base.cc:53:
build/RISCV/enums/RiscvType.hh:15:9: note: ‘gem5::enums::RV32’ declared here
   15 |         RV32 = 0,
      |         ^~~~
In file included from src/cpu/base.cc:53:
src/arch/riscv/regs/misc.hh:1643:57: error: ‘RV64’ was not declared in this scope; did you mean ‘gem5::enums::RV64’?
 1643 |         {"mhpmevent23", MISCREG_HPMEVENT23, rvTypeFlags(RV64, RV32),
      |                                                         ^~~~
      |                                                         gem5::enums::RV64
In file included from src/arch/riscv/regs/misc.hh:60,
                 from src/cpu/base.cc:53:
build/RISCV/enums/RiscvType.hh:16:9: note: ‘gem5::enums::RV64’ declared here
   16 |         RV64 = 1,
      |         ^~~~
In file included from src/cpu/base.cc:53:
src/arch/riscv/regs/misc.hh:1643:63: error: ‘RV32’ was not declared in this scope; did you mean ‘gem5::enums::RV32’?
 1643 |         {"mhpmevent23", MISCREG_HPMEVENT23, rvTypeFlags(RV64, RV32),
      |                                                               ^~~~
      |                                                               gem5::enums::RV32
In file included from src/arch/riscv/regs/misc.hh:60,
                 from src/cpu/base.cc:53:
build/RISCV/enums/RiscvType.hh:15:9: note: ‘gem5::enums::RV32’ declared here
   15 |         RV32 = 0,
      |         ^~~~
In file included from src/cpu/base.cc:53:
src/arch/riscv/regs/misc.hh:1646:57: error: ‘RV64’ was not declared in this scope; did you mean ‘gem5::enums::RV64’?
 1646 |         {"mhpmevent24", MISCREG_HPMEVENT24, rvTypeFlags(RV64, RV32),
      |                                                         ^~~~
      |                                                         gem5::enums::RV64
In file included from src/arch/riscv/regs/misc.hh:60,
                 from src/cpu/base.cc:53:
build/RISCV/enums/RiscvType.hh:16:9: note: ‘gem5::enums::RV64’ declared here
   16 |         RV64 = 1,
      |         ^~~~
In file included from src/cpu/base.cc:53:
src/arch/riscv/regs/misc.hh:1646:63: error: ‘RV32’ was not declared in this scope; did you mean ‘gem5::enums::RV32’?
 1646 |         {"mhpmevent24", MISCREG_HPMEVENT24, rvTypeFlags(RV64, RV32),
      |                                                               ^~~~
      |                                                               gem5::enums::RV32
In file included from src/arch/riscv/regs/misc.hh:60,
                 from src/cpu/base.cc:53:
build/RISCV/enums/RiscvType.hh:15:9: note: ‘gem5::enums::RV32’ declared here
   15 |         RV32 = 0,
      |         ^~~~
In file included from src/cpu/base.cc:53:
src/arch/riscv/regs/misc.hh:1649:57: error: ‘RV64’ was not declared in this scope; did you mean ‘gem5::enums::RV64’?
 1649 |         {"mhpmevent25", MISCREG_HPMEVENT25, rvTypeFlags(RV64, RV32),
      |                                                         ^~~~
      |                                                         gem5::enums::RV64
In file included from src/arch/riscv/regs/misc.hh:60,
                 from src/cpu/base.cc:53:
build/RISCV/enums/RiscvType.hh:16:9: note: ‘gem5::enums::RV64’ declared here
   16 |         RV64 = 1,
      |         ^~~~
In file included from src/cpu/base.cc:53:
src/arch/riscv/regs/misc.hh:1649:63: error: ‘RV32’ was not declared in this scope; did you mean ‘gem5::enums::RV32’?
 1649 |         {"mhpmevent25", MISCREG_HPMEVENT25, rvTypeFlags(RV64, RV32),
      |                                                               ^~~~
      |                                                               gem5::enums::RV32
In file included from src/arch/riscv/regs/misc.hh:60,
                 from src/cpu/base.cc:53:
build/RISCV/enums/RiscvType.hh:15:9: note: ‘gem5::enums::RV32’ declared here
   15 |         RV32 = 0,
      |         ^~~~
In file included from src/cpu/base.cc:53:
src/arch/riscv/regs/misc.hh:1652:57: error: ‘RV64’ was not declared in this scope; did you mean ‘gem5::enums::RV64’?
 1652 |         {"mhpmevent26", MISCREG_HPMEVENT26, rvTypeFlags(RV64, RV32),
      |                                                         ^~~~
      |                                                         gem5::enums::RV64
In file included from src/arch/riscv/regs/misc.hh:60,
                 from src/cpu/base.cc:53:
build/RISCV/enums/RiscvType.hh:16:9: note: ‘gem5::enums::RV64’ declared here
   16 |         RV64 = 1,
      |         ^~~~
In file included from src/cpu/base.cc:53:
src/arch/riscv/regs/misc.hh:1652:63: error: ‘RV32’ was not declared in this scope; did you mean ‘gem5::enums::RV32’?
 1652 |         {"mhpmevent26", MISCREG_HPMEVENT26, rvTypeFlags(RV64, RV32),
      |                                                               ^~~~
      |                                                               gem5::enums::RV32
In file included from src/arch/riscv/regs/misc.hh:60,
                 from src/cpu/base.cc:53:
build/RISCV/enums/RiscvType.hh:15:9: note: ‘gem5::enums::RV32’ declared here
   15 |         RV32 = 0,
      |         ^~~~
In file included from src/cpu/base.cc:53:
src/arch/riscv/regs/misc.hh:1655:57: error: ‘RV64’ was not declared in this scope; did you mean ‘gem5::enums::RV64’?
 1655 |         {"mhpmevent27", MISCREG_HPMEVENT27, rvTypeFlags(RV64, RV32),
      |                                                         ^~~~
      |                                                         gem5::enums::RV64
In file included from src/arch/riscv/regs/misc.hh:60,
                 from src/cpu/base.cc:53:
build/RISCV/enums/RiscvType.hh:16:9: note: ‘gem5::enums::RV64’ declared here
   16 |         RV64 = 1,
      |         ^~~~
In file included from src/cpu/base.cc:53:
src/arch/riscv/regs/misc.hh:1655:63: error: ‘RV32’ was not declared in this scope; did you mean ‘gem5::enums::RV32’?
 1655 |         {"mhpmevent27", MISCREG_HPMEVENT27, rvTypeFlags(RV64, RV32),
      |                                                               ^~~~
      |                                                               gem5::enums::RV32
In file included from src/arch/riscv/regs/misc.hh:60,
                 from src/cpu/base.cc:53:
build/RISCV/enums/RiscvType.hh:15:9: note: ‘gem5::enums::RV32’ declared here
   15 |         RV32 = 0,
      |         ^~~~
In file included from src/cpu/base.cc:53:
src/arch/riscv/regs/misc.hh:1658:57: error: ‘RV64’ was not declared in this scope; did you mean ‘gem5::enums::RV64’?
 1658 |         {"mhpmevent28", MISCREG_HPMEVENT28, rvTypeFlags(RV64, RV32),
      |                                                         ^~~~
      |                                                         gem5::enums::RV64
In file included from src/arch/riscv/regs/misc.hh:60,
                 from src/cpu/base.cc:53:
build/RISCV/enums/RiscvType.hh:16:9: note: ‘gem5::enums::RV64’ declared here
   16 |         RV64 = 1,
      |         ^~~~
In file included from src/cpu/base.cc:53:
src/arch/riscv/regs/misc.hh:1658:63: error: ‘RV32’ was not declared in this scope; did you mean ‘gem5::enums::RV32’?
 1658 |         {"mhpmevent28", MISCREG_HPMEVENT28, rvTypeFlags(RV64, RV32),
      |                                                               ^~~~
      |                                                               gem5::enums::RV32
In file included from src/arch/riscv/regs/misc.hh:60,
                 from src/cpu/base.cc:53:
build/RISCV/enums/RiscvType.hh:15:9: note: ‘gem5::enums::RV32’ declared here
   15 |         RV32 = 0,
      |         ^~~~
In file included from src/cpu/base.cc:53:
src/arch/riscv/regs/misc.hh:1661:57: error: ‘RV64’ was not declared in this scope; did you mean ‘gem5::enums::RV64’?
 1661 |         {"mhpmevent29", MISCREG_HPMEVENT29, rvTypeFlags(RV64, RV32),
      |                                                         ^~~~
      |                                                         gem5::enums::RV64
In file included from src/arch/riscv/regs/misc.hh:60,
                 from src/cpu/base.cc:53:
build/RISCV/enums/RiscvType.hh:16:9: note: ‘gem5::enums::RV64’ declared here
   16 |         RV64 = 1,
      |         ^~~~
In file included from src/cpu/base.cc:53:
src/arch/riscv/regs/misc.hh:1661:63: error: ‘RV32’ was not declared in this scope; did you mean ‘gem5::enums::RV32’?
 1661 |         {"mhpmevent29", MISCREG_HPMEVENT29, rvTypeFlags(RV64, RV32),
      |                                                               ^~~~
      |                                                               gem5::enums::RV32
In file included from src/arch/riscv/regs/misc.hh:60,
                 from src/cpu/base.cc:53:
build/RISCV/enums/RiscvType.hh:15:9: note: ‘gem5::enums::RV32’ declared here
   15 |         RV32 = 0,
      |         ^~~~
In file included from src/cpu/base.cc:53:
src/arch/riscv/regs/misc.hh:1664:57: error: ‘RV64’ was not declared in this scope; did you mean ‘gem5::enums::RV64’?
 1664 |         {"mhpmevent30", MISCREG_HPMEVENT30, rvTypeFlags(RV64, RV32),
      |                                                         ^~~~
      |                                                         gem5::enums::RV64
In file included from src/arch/riscv/regs/misc.hh:60,
                 from src/cpu/base.cc:53:
build/RISCV/enums/RiscvType.hh:16:9: note: ‘gem5::enums::RV64’ declared here
   16 |         RV64 = 1,
      |         ^~~~
In file included from src/cpu/base.cc:53:
src/arch/riscv/regs/misc.hh:1664:63: error: ‘RV32’ was not declared in this scope; did you mean ‘gem5::enums::RV32’?
 1664 |         {"mhpmevent30", MISCREG_HPMEVENT30, rvTypeFlags(RV64, RV32),
      |                                                               ^~~~
      |                                                               gem5::enums::RV32
In file included from src/arch/riscv/regs/misc.hh:60,
                 from src/cpu/base.cc:53:
build/RISCV/enums/RiscvType.hh:15:9: note: ‘gem5::enums::RV32’ declared here
   15 |         RV32 = 0,
      |         ^~~~
In file included from src/cpu/base.cc:53:
src/arch/riscv/regs/misc.hh:1667:57: error: ‘RV64’ was not declared in this scope; did you mean ‘gem5::enums::RV64’?
 1667 |         {"mhpmevent31", MISCREG_HPMEVENT31, rvTypeFlags(RV64, RV32),
      |                                                         ^~~~
      |                                                         gem5::enums::RV64
In file included from src/arch/riscv/regs/misc.hh:60,
                 from src/cpu/base.cc:53:
build/RISCV/enums/RiscvType.hh:16:9: note: ‘gem5::enums::RV64’ declared here
   16 |         RV64 = 1,
      |         ^~~~
In file included from src/cpu/base.cc:53:
src/arch/riscv/regs/misc.hh:1667:63: error: ‘RV32’ was not declared in this scope; did you mean ‘gem5::enums::RV32’?
 1667 |         {"mhpmevent31", MISCREG_HPMEVENT31, rvTypeFlags(RV64, RV32),
      |                                                               ^~~~
      |                                                               gem5::enums::RV32
In file included from src/arch/riscv/regs/misc.hh:60,
                 from src/cpu/base.cc:53:
build/RISCV/enums/RiscvType.hh:15:9: note: ‘gem5::enums::RV32’ declared here
   15 |         RV32 = 0,
      |         ^~~~
In file included from src/cpu/base.cc:53:
src/arch/riscv/regs/misc.hh:1671:50: error: ‘RV64’ was not declared in this scope; did you mean ‘gem5::enums::RV64’?
 1671 |         {"tselect", MISCREG_TSELECT, rvTypeFlags(RV64, RV32), isaExtsFlags()}},
      |                                                  ^~~~
      |                                                  gem5::enums::RV64
In file included from src/arch/riscv/regs/misc.hh:60,
                 from src/cpu/base.cc:53:
build/RISCV/enums/RiscvType.hh:16:9: note: ‘gem5::enums::RV64’ declared here
   16 |         RV64 = 1,
      |         ^~~~
In file included from src/cpu/base.cc:53:
src/arch/riscv/regs/misc.hh:1671:56: error: ‘RV32’ was not declared in this scope; did you mean ‘gem5::enums::RV32’?
 1671 |         {"tselect", MISCREG_TSELECT, rvTypeFlags(RV64, RV32), isaExtsFlags()}},
      |                                                        ^~~~
      |                                                        gem5::enums::RV32
In file included from src/arch/riscv/regs/misc.hh:60,
                 from src/cpu/base.cc:53:
build/RISCV/enums/RiscvType.hh:15:9: note: ‘gem5::enums::RV32’ declared here
   15 |         RV32 = 0,
      |         ^~~~
In file included from src/cpu/base.cc:53:
src/arch/riscv/regs/misc.hh:1673:48: error: ‘RV64’ was not declared in this scope; did you mean ‘gem5::enums::RV64’?
 1673 |         {"tdata1", MISCREG_TDATA1, rvTypeFlags(RV64, RV32), isaExtsFlags()}},
      |                                                ^~~~
      |                                                gem5::enums::RV64
In file included from src/arch/riscv/regs/misc.hh:60,
                 from src/cpu/base.cc:53:
build/RISCV/enums/RiscvType.hh:16:9: note: ‘gem5::enums::RV64’ declared here
   16 |         RV64 = 1,
      |         ^~~~
In file included from src/cpu/base.cc:53:
src/arch/riscv/regs/misc.hh:1673:54: error: ‘RV32’ was not declared in this scope; did you mean ‘gem5::enums::RV32’?
 1673 |         {"tdata1", MISCREG_TDATA1, rvTypeFlags(RV64, RV32), isaExtsFlags()}},
      |                                                      ^~~~
      |                                                      gem5::enums::RV32
In file included from src/arch/riscv/regs/misc.hh:60,
                 from src/cpu/base.cc:53:
build/RISCV/enums/RiscvType.hh:15:9: note: ‘gem5::enums::RV32’ declared here
   15 |         RV32 = 0,
      |         ^~~~
In file included from src/cpu/base.cc:53:
src/arch/riscv/regs/misc.hh:1675:48: error: ‘RV64’ was not declared in this scope; did you mean ‘gem5::enums::RV64’?
 1675 |         {"tdata2", MISCREG_TDATA2, rvTypeFlags(RV64, RV32), isaExtsFlags()}},
      |                                                ^~~~
      |                                                gem5::enums::RV64
In file included from src/arch/riscv/regs/misc.hh:60,
                 from src/cpu/base.cc:53:
build/RISCV/enums/RiscvType.hh:16:9: note: ‘gem5::enums::RV64’ declared here
   16 |         RV64 = 1,
      |         ^~~~
In file included from src/cpu/base.cc:53:
src/arch/riscv/regs/misc.hh:1675:54: error: ‘RV32’ was not declared in this scope; did you mean ‘gem5::enums::RV32’?
 1675 |         {"tdata2", MISCREG_TDATA2, rvTypeFlags(RV64, RV32), isaExtsFlags()}},
      |                                                      ^~~~
      |                                                      gem5::enums::RV32
In file included from src/arch/riscv/regs/misc.hh:60,
                 from src/cpu/base.cc:53:
build/RISCV/enums/RiscvType.hh:15:9: note: ‘gem5::enums::RV32’ declared here
   15 |         RV32 = 0,
      |         ^~~~
In file included from src/cpu/base.cc:53:
src/arch/riscv/regs/misc.hh:1677:48: error: ‘RV64’ was not declared in this scope; did you mean ‘gem5::enums::RV64’?
 1677 |         {"tdata3", MISCREG_TDATA3, rvTypeFlags(RV64, RV32), isaExtsFlags()}},
      |                                                ^~~~
      |                                                gem5::enums::RV64
In file included from src/arch/riscv/regs/misc.hh:60,
                 from src/cpu/base.cc:53:
build/RISCV/enums/RiscvType.hh:16:9: note: ‘gem5::enums::RV64’ declared here
   16 |         RV64 = 1,
      |         ^~~~
In file included from src/cpu/base.cc:53:
src/arch/riscv/regs/misc.hh:1677:54: error: ‘RV32’ was not declared in this scope; did you mean ‘gem5::enums::RV32’?
 1677 |         {"tdata3", MISCREG_TDATA3, rvTypeFlags(RV64, RV32), isaExtsFlags()}},
      |                                                      ^~~~
      |                                                      gem5::enums::RV32
In file included from src/arch/riscv/regs/misc.hh:60,
                 from src/cpu/base.cc:53:
build/RISCV/enums/RiscvType.hh:15:9: note: ‘gem5::enums::RV32’ declared here
   15 |         RV32 = 0,
      |         ^~~~
In file included from src/cpu/base.cc:53:
src/arch/riscv/regs/misc.hh:1679:44: error: ‘RV64’ was not declared in this scope; did you mean ‘gem5::enums::RV64’?
 1679 |         {"dcsr", MISCREG_DCSR, rvTypeFlags(RV64, RV32), isaExtsFlags()}},
      |                                            ^~~~
      |                                            gem5::enums::RV64
In file included from src/arch/riscv/regs/misc.hh:60,
                 from src/cpu/base.cc:53:
build/RISCV/enums/RiscvType.hh:16:9: note: ‘gem5::enums::RV64’ declared here
   16 |         RV64 = 1,
      |         ^~~~
In file included from src/cpu/base.cc:53:
src/arch/riscv/regs/misc.hh:1679:50: error: ‘RV32’ was not declared in this scope; did you mean ‘gem5::enums::RV32’?
 1679 |         {"dcsr", MISCREG_DCSR, rvTypeFlags(RV64, RV32), isaExtsFlags()}},
      |                                                  ^~~~
      |                                                  gem5::enums::RV32
In file included from src/arch/riscv/regs/misc.hh:60,
                 from src/cpu/base.cc:53:
build/RISCV/enums/RiscvType.hh:15:9: note: ‘gem5::enums::RV32’ declared here
   15 |         RV32 = 0,
      |         ^~~~
In file included from src/cpu/base.cc:53:
src/arch/riscv/regs/misc.hh:1681:42: error: ‘RV64’ was not declared in this scope; did you mean ‘gem5::enums::RV64’?
 1681 |         {"dpc", MISCREG_DPC, rvTypeFlags(RV64, RV32), isaExtsFlags()}},
      |                                          ^~~~
      |                                          gem5::enums::RV64
In file included from src/arch/riscv/regs/misc.hh:60,
                 from src/cpu/base.cc:53:
build/RISCV/enums/RiscvType.hh:16:9: note: ‘gem5::enums::RV64’ declared here
   16 |         RV64 = 1,
      |         ^~~~
In file included from src/cpu/base.cc:53:
src/arch/riscv/regs/misc.hh:1681:48: error: ‘RV32’ was not declared in this scope; did you mean ‘gem5::enums::RV32’?
 1681 |         {"dpc", MISCREG_DPC, rvTypeFlags(RV64, RV32), isaExtsFlags()}},
      |                                                ^~~~
      |                                                gem5::enums::RV32
In file included from src/arch/riscv/regs/misc.hh:60,
                 from src/cpu/base.cc:53:
build/RISCV/enums/RiscvType.hh:15:9: note: ‘gem5::enums::RV32’ declared here
   15 |         RV32 = 0,
      |         ^~~~
In file included from src/cpu/base.cc:53:
src/arch/riscv/regs/misc.hh:1683:52: error: ‘RV64’ was not declared in this scope; did you mean ‘gem5::enums::RV64’?
 1683 |         {"dscratch", MISCREG_DSCRATCH, rvTypeFlags(RV64, RV32),
      |                                                    ^~~~
      |                                                    gem5::enums::RV64
In file included from src/arch/riscv/regs/misc.hh:60,
                 from src/cpu/base.cc:53:
build/RISCV/enums/RiscvType.hh:16:9: note: ‘gem5::enums::RV64’ declared here
   16 |         RV64 = 1,
      |         ^~~~
In file included from src/cpu/base.cc:53:
src/arch/riscv/regs/misc.hh:1683:58: error: ‘RV32’ was not declared in this scope; did you mean ‘gem5::enums::RV32’?
 1683 |         {"dscratch", MISCREG_DSCRATCH, rvTypeFlags(RV64, RV32),
      |                                                          ^~~~
      |                                                          gem5::enums::RV32
In file included from src/arch/riscv/regs/misc.hh:60,
                 from src/cpu/base.cc:53:
build/RISCV/enums/RiscvType.hh:15:9: note: ‘gem5::enums::RV32’ declared here
   15 |         RV32 = 0,
      |         ^~~~
In file included from src/cpu/base.cc:53:
src/arch/riscv/regs/misc.hh:1687:48: error: ‘RV64’ was not declared in this scope; did you mean ‘gem5::enums::RV64’?
 1687 |         {"vstart", MISCREG_VSTART, rvTypeFlags(RV64, RV32),
      |                                                ^~~~
      |                                                gem5::enums::RV64
In file included from src/arch/riscv/regs/misc.hh:60,
                 from src/cpu/base.cc:53:
build/RISCV/enums/RiscvType.hh:16:9: note: ‘gem5::enums::RV64’ declared here
   16 |         RV64 = 1,
      |         ^~~~
In file included from src/cpu/base.cc:53:
src/arch/riscv/regs/misc.hh:1687:54: error: ‘RV32’ was not declared in this scope; did you mean ‘gem5::enums::RV32’?
 1687 |         {"vstart", MISCREG_VSTART, rvTypeFlags(RV64, RV32),
      |                                                      ^~~~
      |                                                      gem5::enums::RV32
In file included from src/arch/riscv/regs/misc.hh:60,
                 from src/cpu/base.cc:53:
build/RISCV/enums/RiscvType.hh:15:9: note: ‘gem5::enums::RV32’ declared here
   15 |         RV32 = 0,
      |         ^~~~
In file included from src/cpu/base.cc:53:
src/arch/riscv/regs/misc.hh:1690:46: error: ‘RV64’ was not declared in this scope; did you mean ‘gem5::enums::RV64’?
 1690 |         {"vxsat", MISCREG_VXSAT, rvTypeFlags(RV64, RV32), isaExtsFlags('v')}},
      |                                              ^~~~
      |                                              gem5::enums::RV64
In file included from src/arch/riscv/regs/misc.hh:60,
                 from src/cpu/base.cc:53:
build/RISCV/enums/RiscvType.hh:16:9: note: ‘gem5::enums::RV64’ declared here
   16 |         RV64 = 1,
      |         ^~~~
In file included from src/cpu/base.cc:53:
src/arch/riscv/regs/misc.hh:1690:52: error: ‘RV32’ was not declared in this scope; did you mean ‘gem5::enums::RV32’?
 1690 |         {"vxsat", MISCREG_VXSAT, rvTypeFlags(RV64, RV32), isaExtsFlags('v')}},
      |                                                    ^~~~
      |                                                    gem5::enums::RV32
In file included from src/arch/riscv/regs/misc.hh:60,
                 from src/cpu/base.cc:53:
build/RISCV/enums/RiscvType.hh:15:9: note: ‘gem5::enums::RV32’ declared here
   15 |         RV32 = 0,
      |         ^~~~
In file included from src/cpu/base.cc:53:
src/arch/riscv/regs/misc.hh:1692:44: error: ‘RV64’ was not declared in this scope; did you mean ‘gem5::enums::RV64’?
 1692 |         {"vxrm", MISCREG_VXRM, rvTypeFlags(RV64, RV32), isaExtsFlags('v')}},
      |                                            ^~~~
      |                                            gem5::enums::RV64
In file included from src/arch/riscv/regs/misc.hh:60,
                 from src/cpu/base.cc:53:
build/RISCV/enums/RiscvType.hh:16:9: note: ‘gem5::enums::RV64’ declared here
   16 |         RV64 = 1,
      |         ^~~~
In file included from src/cpu/base.cc:53:
src/arch/riscv/regs/misc.hh:1692:50: error: ‘RV32’ was not declared in this scope; did you mean ‘gem5::enums::RV32’?
 1692 |         {"vxrm", MISCREG_VXRM, rvTypeFlags(RV64, RV32), isaExtsFlags('v')}},
      |                                                  ^~~~
      |                                                  gem5::enums::RV32
In file included from src/arch/riscv/regs/misc.hh:60,
                 from src/cpu/base.cc:53:
build/RISCV/enums/RiscvType.hh:15:9: note: ‘gem5::enums::RV32’ declared here
   15 |         RV32 = 0,
      |         ^~~~
In file included from src/cpu/base.cc:53:
src/arch/riscv/regs/misc.hh:1694:44: error: ‘RV64’ was not declared in this scope; did you mean ‘gem5::enums::RV64’?
 1694 |         {"vcsr", MISCREG_VCSR, rvTypeFlags(RV64, RV32), isaExtsFlags('v')}},
      |                                            ^~~~
      |                                            gem5::enums::RV64
In file included from src/arch/riscv/regs/misc.hh:60,
                 from src/cpu/base.cc:53:
build/RISCV/enums/RiscvType.hh:16:9: note: ‘gem5::enums::RV64’ declared here
   16 |         RV64 = 1,
      |         ^~~~
In file included from src/cpu/base.cc:53:
src/arch/riscv/regs/misc.hh:1694:50: error: ‘RV32’ was not declared in this scope; did you mean ‘gem5::enums::RV32’?
 1694 |         {"vcsr", MISCREG_VCSR, rvTypeFlags(RV64, RV32), isaExtsFlags('v')}},
      |                                                  ^~~~
      |                                                  gem5::enums::RV32
In file included from src/arch/riscv/regs/misc.hh:60,
                 from src/cpu/base.cc:53:
build/RISCV/enums/RiscvType.hh:15:9: note: ‘gem5::enums::RV32’ declared here
   15 |         RV32 = 0,
      |         ^~~~
In file included from src/cpu/base.cc:53:
src/arch/riscv/regs/misc.hh:1696:40: error: ‘RV64’ was not declared in this scope; did you mean ‘gem5::enums::RV64’?
 1696 |         {"vl", MISCREG_VL, rvTypeFlags(RV64, RV32), isaExtsFlags('v')}},
      |                                        ^~~~
      |                                        gem5::enums::RV64
In file included from src/arch/riscv/regs/misc.hh:60,
                 from src/cpu/base.cc:53:
build/RISCV/enums/RiscvType.hh:16:9: note: ‘gem5::enums::RV64’ declared here
   16 |         RV64 = 1,
      |         ^~~~
In file included from src/cpu/base.cc:53:
src/arch/riscv/regs/misc.hh:1696:46: error: ‘RV32’ was not declared in this scope; did you mean ‘gem5::enums::RV32’?
 1696 |         {"vl", MISCREG_VL, rvTypeFlags(RV64, RV32), isaExtsFlags('v')}},
      |                                              ^~~~
      |                                              gem5::enums::RV32
In file included from src/arch/riscv/regs/misc.hh:60,
                 from src/cpu/base.cc:53:
build/RISCV/enums/RiscvType.hh:15:9: note: ‘gem5::enums::RV32’ declared here
   15 |         RV32 = 0,
      |         ^~~~
In file included from src/cpu/base.cc:53:
src/arch/riscv/regs/misc.hh:1698:46: error: ‘RV64’ was not declared in this scope; did you mean ‘gem5::enums::RV64’?
 1698 |         {"vtype", MISCREG_VTYPE, rvTypeFlags(RV64, RV32), isaExtsFlags('v')}},
      |                                              ^~~~
      |                                              gem5::enums::RV64
In file included from src/arch/riscv/regs/misc.hh:60,
                 from src/cpu/base.cc:53:
build/RISCV/enums/RiscvType.hh:16:9: note: ‘gem5::enums::RV64’ declared here
   16 |         RV64 = 1,
      |         ^~~~
In file included from src/cpu/base.cc:53:
src/arch/riscv/regs/misc.hh:1698:52: error: ‘RV32’ was not declared in this scope; did you mean ‘gem5::enums::RV32’?
 1698 |         {"vtype", MISCREG_VTYPE, rvTypeFlags(RV64, RV32), isaExtsFlags('v')}},
      |                                                    ^~~~
      |                                                    gem5::enums::RV32
In file included from src/arch/riscv/regs/misc.hh:60,
                 from src/cpu/base.cc:53:
build/RISCV/enums/RiscvType.hh:15:9: note: ‘gem5::enums::RV32’ declared here
   15 |         RV32 = 0,
      |         ^~~~
In file included from src/cpu/base.cc:53:
src/arch/riscv/regs/misc.hh:1700:46: error: ‘RV64’ was not declared in this scope; did you mean ‘gem5::enums::RV64’?
 1700 |         {"VLENB", MISCREG_VLENB, rvTypeFlags(RV64, RV32), isaExtsFlags('v')}},
      |                                              ^~~~
      |                                              gem5::enums::RV64
In file included from src/arch/riscv/regs/misc.hh:60,
                 from src/cpu/base.cc:53:
build/RISCV/enums/RiscvType.hh:16:9: note: ‘gem5::enums::RV64’ declared here
   16 |         RV64 = 1,
      |         ^~~~
In file included from src/cpu/base.cc:53:
src/arch/riscv/regs/misc.hh:1700:52: error: ‘RV32’ was not declared in this scope; did you mean ‘gem5::enums::RV32’?
 1700 |         {"VLENB", MISCREG_VLENB, rvTypeFlags(RV64, RV32), isaExtsFlags('v')}},
      |                                                    ^~~~
      |                                                    gem5::enums::RV32
In file included from src/arch/riscv/regs/misc.hh:60,
                 from src/cpu/base.cc:53:
build/RISCV/enums/RiscvType.hh:15:9: note: ‘gem5::enums::RV32’ declared here
   15 |         RV32 = 0,
      |         ^~~~
In file included from src/cpu/base.cc:53:
src/arch/riscv/regs/misc.hh:1703:46: error: ‘RV64’ was not declared in this scope; did you mean ‘gem5::enums::RV64’?
 1703 |         {"uimm0", MISCREG_UIMM0, rvTypeFlags(RV64, RV32), isaExtsFlags()}},
      |                                              ^~~~
      |                                              gem5::enums::RV64
In file included from src/arch/riscv/regs/misc.hh:60,
                 from src/cpu/base.cc:53:
build/RISCV/enums/RiscvType.hh:16:9: note: ‘gem5::enums::RV64’ declared here
   16 |         RV64 = 1,
      |         ^~~~
In file included from src/cpu/base.cc:53:
src/arch/riscv/regs/misc.hh:1703:52: error: ‘RV32’ was not declared in this scope; did you mean ‘gem5::enums::RV32’?
 1703 |         {"uimm0", MISCREG_UIMM0, rvTypeFlags(RV64, RV32), isaExtsFlags()}},
      |                                                    ^~~~
      |                                                    gem5::enums::RV32
In file included from src/arch/riscv/regs/misc.hh:60,
                 from src/cpu/base.cc:53:
build/RISCV/enums/RiscvType.hh:15:9: note: ‘gem5::enums::RV32’ declared here
   15 |         RV32 = 0,
      |         ^~~~
In file included from src/cpu/base.cc:53:
src/arch/riscv/regs/misc.hh:1705:46: error: ‘RV64’ was not declared in this scope; did you mean ‘gem5::enums::RV64’?
 1705 |         {"uimm1", MISCREG_UIMM1, rvTypeFlags(RV64, RV32), isaExtsFlags()}},
      |                                              ^~~~
      |                                              gem5::enums::RV64
In file included from src/arch/riscv/regs/misc.hh:60,
                 from src/cpu/base.cc:53:
build/RISCV/enums/RiscvType.hh:16:9: note: ‘gem5::enums::RV64’ declared here
   16 |         RV64 = 1,
      |         ^~~~
In file included from src/cpu/base.cc:53:
src/arch/riscv/regs/misc.hh:1705:52: error: ‘RV32’ was not declared in this scope; did you mean ‘gem5::enums::RV32’?
 1705 |         {"uimm1", MISCREG_UIMM1, rvTypeFlags(RV64, RV32), isaExtsFlags()}},
      |                                                    ^~~~
      |                                                    gem5::enums::RV32
In file included from src/arch/riscv/regs/misc.hh:60,
                 from src/cpu/base.cc:53:
build/RISCV/enums/RiscvType.hh:15:9: note: ‘gem5::enums::RV32’ declared here
   15 |         RV32 = 0,
      |         ^~~~
In file included from src/cpu/base.cc:53:
src/arch/riscv/regs/misc.hh:1706:54: error: ‘RV64’ was not declared in this scope; did you mean ‘gem5::enums::RV64’?
 1706 |     {CSR_UIMM2, {"uimm2", MISCREG_UIMM2, rvTypeFlags(RV64, RV32), isaExtsFlags()}},
      |                                                      ^~~~
      |                                                      gem5::enums::RV64
In file included from src/arch/riscv/regs/misc.hh:60,
                 from src/cpu/base.cc:53:
build/RISCV/enums/RiscvType.hh:16:9: note: ‘gem5::enums::RV64’ declared here
   16 |         RV64 = 1,
      |         ^~~~
In file included from src/cpu/base.cc:53:
src/arch/riscv/regs/misc.hh:1706:60: error: ‘RV32’ was not declared in this scope; did you mean ‘gem5::enums::RV32’?
 1706 |     {CSR_UIMM2, {"uimm2", MISCREG_UIMM2, rvTypeFlags(RV64, RV32), isaExtsFlags()}},
      |                                                            ^~~~
      |                                                            gem5::enums::RV32
In file included from src/arch/riscv/regs/misc.hh:60,
                 from src/cpu/base.cc:53:
build/RISCV/enums/RiscvType.hh:15:9: note: ‘gem5::enums::RV32’ declared here
   15 |         RV32 = 0,
      |         ^~~~
In file included from src/cpu/base.cc:53:
src/arch/riscv/regs/misc.hh:1707:54: error: ‘RV64’ was not declared in this scope; did you mean ‘gem5::enums::RV64’?
 1707 |     {CSR_UIMM3, {"uimm3", MISCREG_UIMM3, rvTypeFlags(RV64, RV32), isaExtsFlags()}},
      |                                                      ^~~~
      |                                                      gem5::enums::RV64
In file included from src/arch/riscv/regs/misc.hh:60,
                 from src/cpu/base.cc:53:
build/RISCV/enums/RiscvType.hh:16:9: note: ‘gem5::enums::RV64’ declared here
   16 |         RV64 = 1,
      |         ^~~~
In file included from src/cpu/base.cc:53:
src/arch/riscv/regs/misc.hh:1707:60: error: ‘RV32’ was not declared in this scope; did you mean ‘gem5::enums::RV32’?
 1707 |     {CSR_UIMM3, {"uimm3", MISCREG_UIMM3, rvTypeFlags(RV64, RV32), isaExtsFlags()}},
      |                                                            ^~~~
      |                                                            gem5::enums::RV32
In file included from src/arch/riscv/regs/misc.hh:60,
                 from src/cpu/base.cc:53:
build/RISCV/enums/RiscvType.hh:15:9: note: ‘gem5::enums::RV32’ declared here
   15 |         RV32 = 0,
      |         ^~~~
In file included from src/cpu/base.cc:53:
src/arch/riscv/regs/misc.hh:1708:54: error: ‘RV64’ was not declared in this scope; did you mean ‘gem5::enums::RV64’?
 1708 |     {CSR_UIMM4, {"uimm4", MISCREG_UIMM4, rvTypeFlags(RV64, RV32), isaExtsFlags()}},
      |                                                      ^~~~
      |                                                      gem5::enums::RV64
In file included from src/arch/riscv/regs/misc.hh:60,
                 from src/cpu/base.cc:53:
build/RISCV/enums/RiscvType.hh:16:9: note: ‘gem5::enums::RV64’ declared here
   16 |         RV64 = 1,
      |         ^~~~
In file included from src/cpu/base.cc:53:
src/arch/riscv/regs/misc.hh:1708:60: error: ‘RV32’ was not declared in this scope; did you mean ‘gem5::enums::RV32’?
 1708 |     {CSR_UIMM4, {"uimm4", MISCREG_UIMM4, rvTypeFlags(RV64, RV32), isaExtsFlags()}},
      |                                                            ^~~~
      |                                                            gem5::enums::RV32
In file included from src/arch/riscv/regs/misc.hh:60,
                 from src/cpu/base.cc:53:
build/RISCV/enums/RiscvType.hh:15:9: note: ‘gem5::enums::RV32’ declared here
   15 |         RV32 = 0,
      |         ^~~~
In file included from src/cpu/base.cc:53:
src/arch/riscv/regs/misc.hh:1709:54: error: ‘RV64’ was not declared in this scope; did you mean ‘gem5::enums::RV64’?
 1709 |     {CSR_UIMM5, {"uimm5", MISCREG_UIMM5, rvTypeFlags(RV64, RV32), isaExtsFlags()}},
      |                                                      ^~~~
      |                                                      gem5::enums::RV64
In file included from src/arch/riscv/regs/misc.hh:60,
                 from src/cpu/base.cc:53:
build/RISCV/enums/RiscvType.hh:16:9: note: ‘gem5::enums::RV64’ declared here
   16 |         RV64 = 1,
      |         ^~~~
In file included from src/cpu/base.cc:53:
src/arch/riscv/regs/misc.hh:1709:60: error: ‘RV32’ was not declared in this scope; did you mean ‘gem5::enums::RV32’?
 1709 |     {CSR_UIMM5, {"uimm5", MISCREG_UIMM5, rvTypeFlags(RV64, RV32), isaExtsFlags()}},
      |                                                            ^~~~
      |                                                            gem5::enums::RV32
In file included from src/arch/riscv/regs/misc.hh:60,
                 from src/cpu/base.cc:53:
build/RISCV/enums/RiscvType.hh:15:9: note: ‘gem5::enums::RV32’ declared here
   15 |         RV32 = 0,
      |         ^~~~
In file included from src/cpu/base.cc:53:
src/arch/riscv/regs/misc.hh:1710:54: error: ‘RV64’ was not declared in this scope; did you mean ‘gem5::enums::RV64’?
 1710 |     {CSR_UIMM6, {"uimm6", MISCREG_UIMM6, rvTypeFlags(RV64, RV32), isaExtsFlags()}},
      |                                                      ^~~~
      |                                                      gem5::enums::RV64
In file included from src/arch/riscv/regs/misc.hh:60,
                 from src/cpu/base.cc:53:
build/RISCV/enums/RiscvType.hh:16:9: note: ‘gem5::enums::RV64’ declared here
   16 |         RV64 = 1,
      |         ^~~~
In file included from src/cpu/base.cc:53:
src/arch/riscv/regs/misc.hh:1710:60: error: ‘RV32’ was not declared in this scope; did you mean ‘gem5::enums::RV32’?
 1710 |     {CSR_UIMM6, {"uimm6", MISCREG_UIMM6, rvTypeFlags(RV64, RV32), isaExtsFlags()}},
      |                                                            ^~~~
      |                                                            gem5::enums::RV32
In file included from src/arch/riscv/regs/misc.hh:60,
                 from src/cpu/base.cc:53:
build/RISCV/enums/RiscvType.hh:15:9: note: ‘gem5::enums::RV32’ declared here
   15 |         RV32 = 0,
      |         ^~~~
In file included from src/cpu/base.cc:53:
src/arch/riscv/regs/misc.hh:1711:54: error: ‘RV64’ was not declared in this scope; did you mean ‘gem5::enums::RV64’?
 1711 |     {CSR_UIMM7, {"uimm7", MISCREG_UIMM7, rvTypeFlags(RV64, RV32), isaExtsFlags()}},
      |                                                      ^~~~
      |                                                      gem5::enums::RV64
In file included from src/arch/riscv/regs/misc.hh:60,
                 from src/cpu/base.cc:53:
build/RISCV/enums/RiscvType.hh:16:9: note: ‘gem5::enums::RV64’ declared here
   16 |         RV64 = 1,
      |         ^~~~
In file included from src/cpu/base.cc:53:
src/arch/riscv/regs/misc.hh:1711:60: error: ‘RV32’ was not declared in this scope; did you mean ‘gem5::enums::RV32’?
 1711 |     {CSR_UIMM7, {"uimm7", MISCREG_UIMM7, rvTypeFlags(RV64, RV32), isaExtsFlags()}},
      |                                                            ^~~~
      |                                                            gem5::enums::RV32
In file included from src/arch/riscv/regs/misc.hh:60,
                 from src/cpu/base.cc:53:
build/RISCV/enums/RiscvType.hh:15:9: note: ‘gem5::enums::RV32’ declared here
   15 |         RV32 = 0,
      |         ^~~~
In file included from src/cpu/base.cc:53:
src/arch/riscv/regs/misc.hh:1712:54: error: ‘RV64’ was not declared in this scope; did you mean ‘gem5::enums::RV64’?
 1712 |     {CSR_UIMM8, {"uimm8", MISCREG_UIMM8, rvTypeFlags(RV64, RV32), isaExtsFlags()}},
      |                                                      ^~~~
      |                                                      gem5::enums::RV64
In file included from src/arch/riscv/regs/misc.hh:60,
                 from src/cpu/base.cc:53:
build/RISCV/enums/RiscvType.hh:16:9: note: ‘gem5::enums::RV64’ declared here
   16 |         RV64 = 1,
      |         ^~~~
In file included from src/cpu/base.cc:53:
src/arch/riscv/regs/misc.hh:1712:60: error: ‘RV32’ was not declared in this scope; did you mean ‘gem5::enums::RV32’?
 1712 |     {CSR_UIMM8, {"uimm8", MISCREG_UIMM8, rvTypeFlags(RV64, RV32), isaExtsFlags()}},
      |                                                            ^~~~
      |                                                            gem5::enums::RV32
In file included from src/arch/riscv/regs/misc.hh:60,
                 from src/cpu/base.cc:53:
build/RISCV/enums/RiscvType.hh:15:9: note: ‘gem5::enums::RV32’ declared here
   15 |         RV32 = 0,
      |         ^~~~
In file included from src/cpu/base.cc:53:
src/arch/riscv/regs/misc.hh:1713:54: error: ‘RV64’ was not declared in this scope; did you mean ‘gem5::enums::RV64’?
 1713 |     {CSR_UIMM9, {"uimm9", MISCREG_UIMM9, rvTypeFlags(RV64, RV32), isaExtsFlags()}},
      |                                                      ^~~~
      |                                                      gem5::enums::RV64
In file included from src/arch/riscv/regs/misc.hh:60,
                 from src/cpu/base.cc:53:
build/RISCV/enums/RiscvType.hh:16:9: note: ‘gem5::enums::RV64’ declared here
   16 |         RV64 = 1,
      |         ^~~~
In file included from src/cpu/base.cc:53:
src/arch/riscv/regs/misc.hh:1713:60: error: ‘RV32’ was not declared in this scope; did you mean ‘gem5::enums::RV32’?
 1713 |     {CSR_UIMM9, {"uimm9", MISCREG_UIMM9, rvTypeFlags(RV64, RV32), isaExtsFlags()}},
      |                                                            ^~~~
      |                                                            gem5::enums::RV32
In file included from src/arch/riscv/regs/misc.hh:60,
                 from src/cpu/base.cc:53:
build/RISCV/enums/RiscvType.hh:15:9: note: ‘gem5::enums::RV32’ declared here
   15 |         RV32 = 0,
      |         ^~~~
In file included from src/cpu/base.cc:53:
src/arch/riscv/regs/misc.hh:1714:57: error: ‘RV64’ was not declared in this scope; did you mean ‘gem5::enums::RV64’?
 1714 |     {CSR_UIMM10, {"uimm10", MISCREG_UIMM10, rvTypeFlags(RV64, RV32), isaExtsFlags()}},
      |                                                         ^~~~
      |                                                         gem5::enums::RV64
In file included from src/arch/riscv/regs/misc.hh:60,
                 from src/cpu/base.cc:53:
build/RISCV/enums/RiscvType.hh:16:9: note: ‘gem5::enums::RV64’ declared here
   16 |         RV64 = 1,
      |         ^~~~
In file included from src/cpu/base.cc:53:
src/arch/riscv/regs/misc.hh:1714:63: error: ‘RV32’ was not declared in this scope; did you mean ‘gem5::enums::RV32’?
 1714 |     {CSR_UIMM10, {"uimm10", MISCREG_UIMM10, rvTypeFlags(RV64, RV32), isaExtsFlags()}},
      |                                                               ^~~~
      |                                                               gem5::enums::RV32
In file included from src/arch/riscv/regs/misc.hh:60,
                 from src/cpu/base.cc:53:
build/RISCV/enums/RiscvType.hh:15:9: note: ‘gem5::enums::RV32’ declared here
   15 |         RV32 = 0,
      |         ^~~~
In file included from src/cpu/base.cc:53:
src/arch/riscv/regs/misc.hh:1715:57: error: ‘RV64’ was not declared in this scope; did you mean ‘gem5::enums::RV64’?
 1715 |     {CSR_UIMM11, {"uimm11", MISCREG_UIMM11, rvTypeFlags(RV64, RV32), isaExtsFlags()}},
      |                                                         ^~~~
      |                                                         gem5::enums::RV64
In file included from src/arch/riscv/regs/misc.hh:60,
                 from src/cpu/base.cc:53:
build/RISCV/enums/RiscvType.hh:16:9: note: ‘gem5::enums::RV64’ declared here
   16 |         RV64 = 1,
      |         ^~~~
In file included from src/cpu/base.cc:53:
src/arch/riscv/regs/misc.hh:1715:63: error: ‘RV32’ was not declared in this scope; did you mean ‘gem5::enums::RV32’?
 1715 |     {CSR_UIMM11, {"uimm11", MISCREG_UIMM11, rvTypeFlags(RV64, RV32), isaExtsFlags()}},
      |                                                               ^~~~
      |                                                               gem5::enums::RV32
In file included from src/arch/riscv/regs/misc.hh:60,
                 from src/cpu/base.cc:53:
build/RISCV/enums/RiscvType.hh:15:9: note: ‘gem5::enums::RV32’ declared here
   15 |         RV32 = 0,
      |         ^~~~
In file included from src/cpu/base.cc:53:
src/arch/riscv/regs/misc.hh:1716:57: error: ‘RV64’ was not declared in this scope; did you mean ‘gem5::enums::RV64’?
 1716 |     {CSR_UIMM12, {"uimm12", MISCREG_UIMM12, rvTypeFlags(RV64, RV32), isaExtsFlags()}},
      |                                                         ^~~~
      |                                                         gem5::enums::RV64
In file included from src/arch/riscv/regs/misc.hh:60,
                 from src/cpu/base.cc:53:
build/RISCV/enums/RiscvType.hh:16:9: note: ‘gem5::enums::RV64’ declared here
   16 |         RV64 = 1,
      |         ^~~~
In file included from src/cpu/base.cc:53:
src/arch/riscv/regs/misc.hh:1716:63: error: ‘RV32’ was not declared in this scope; did you mean ‘gem5::enums::RV32’?
 1716 |     {CSR_UIMM12, {"uimm12", MISCREG_UIMM12, rvTypeFlags(RV64, RV32), isaExtsFlags()}},
      |                                                               ^~~~
      |                                                               gem5::enums::RV32
In file included from src/arch/riscv/regs/misc.hh:60,
                 from src/cpu/base.cc:53:
build/RISCV/enums/RiscvType.hh:15:9: note: ‘gem5::enums::RV32’ declared here
   15 |         RV32 = 0,
      |         ^~~~
In file included from src/cpu/base.cc:53:
src/arch/riscv/regs/misc.hh:1717:57: error: ‘RV64’ was not declared in this scope; did you mean ‘gem5::enums::RV64’?
 1717 |     {CSR_UIMM13, {"uimm13", MISCREG_UIMM13, rvTypeFlags(RV64, RV32), isaExtsFlags()}},
      |                                                         ^~~~
      |                                                         gem5::enums::RV64
In file included from src/arch/riscv/regs/misc.hh:60,
                 from src/cpu/base.cc:53:
build/RISCV/enums/RiscvType.hh:16:9: note: ‘gem5::enums::RV64’ declared here
   16 |         RV64 = 1,
      |         ^~~~
In file included from src/cpu/base.cc:53:
src/arch/riscv/regs/misc.hh:1717:63: error: ‘RV32’ was not declared in this scope; did you mean ‘gem5::enums::RV32’?
 1717 |     {CSR_UIMM13, {"uimm13", MISCREG_UIMM13, rvTypeFlags(RV64, RV32), isaExtsFlags()}},
      |                                                               ^~~~
      |                                                               gem5::enums::RV32
In file included from src/arch/riscv/regs/misc.hh:60,
                 from src/cpu/base.cc:53:
build/RISCV/enums/RiscvType.hh:15:9: note: ‘gem5::enums::RV32’ declared here
   15 |         RV32 = 0,
      |         ^~~~
In file included from src/cpu/base.cc:53:
src/arch/riscv/regs/misc.hh:1718:57: error: ‘RV64’ was not declared in this scope; did you mean ‘gem5::enums::RV64’?
 1718 |     {CSR_UIMM14, {"uimm14", MISCREG_UIMM14, rvTypeFlags(RV64, RV32), isaExtsFlags()}},
      |                                                         ^~~~
      |                                                         gem5::enums::RV64
In file included from src/arch/riscv/regs/misc.hh:60,
                 from src/cpu/base.cc:53:
build/RISCV/enums/RiscvType.hh:16:9: note: ‘gem5::enums::RV64’ declared here
   16 |         RV64 = 1,
      |         ^~~~
In file included from src/cpu/base.cc:53:
src/arch/riscv/regs/misc.hh:1718:63: error: ‘RV32’ was not declared in this scope; did you mean ‘gem5::enums::RV32’?
 1718 |     {CSR_UIMM14, {"uimm14", MISCREG_UIMM14, rvTypeFlags(RV64, RV32), isaExtsFlags()}},
      |                                                               ^~~~
      |                                                               gem5::enums::RV32
In file included from src/arch/riscv/regs/misc.hh:60,
                 from src/cpu/base.cc:53:
build/RISCV/enums/RiscvType.hh:15:9: note: ‘gem5::enums::RV32’ declared here
   15 |         RV32 = 0,
      |         ^~~~
In file included from src/cpu/base.cc:53:
src/arch/riscv/regs/misc.hh:1719:57: error: ‘RV64’ was not declared in this scope; did you mean ‘gem5::enums::RV64’?
 1719 |     {CSR_UIMM15, {"uimm15", MISCREG_UIMM15, rvTypeFlags(RV64, RV32), isaExtsFlags()}},
      |                                                         ^~~~
      |                                                         gem5::enums::RV64
In file included from src/arch/riscv/regs/misc.hh:60,
                 from src/cpu/base.cc:53:
build/RISCV/enums/RiscvType.hh:16:9: note: ‘gem5::enums::RV64’ declared here
   16 |         RV64 = 1,
      |         ^~~~
In file included from src/cpu/base.cc:53:
src/arch/riscv/regs/misc.hh:1719:63: error: ‘RV32’ was not declared in this scope; did you mean ‘gem5::enums::RV32’?
 1719 |     {CSR_UIMM15, {"uimm15", MISCREG_UIMM15, rvTypeFlags(RV64, RV32), isaExtsFlags()}},
      |                                                               ^~~~
      |                                                               gem5::enums::RV32
In file included from src/arch/riscv/regs/misc.hh:60,
                 from src/cpu/base.cc:53:
build/RISCV/enums/RiscvType.hh:15:9: note: ‘gem5::enums::RV32’ declared here
   15 |         RV32 = 0,
      |         ^~~~
In file included from src/cpu/base.cc:53:
src/arch/riscv/regs/misc.hh:1720:57: error: ‘RV64’ was not declared in this scope; did you mean ‘gem5::enums::RV64’?
 1720 |     {CSR_UIMM16, {"uimm16", MISCREG_UIMM16, rvTypeFlags(RV64, RV32), isaExtsFlags()}},
      |                                                         ^~~~
      |                                                         gem5::enums::RV64
In file included from src/arch/riscv/regs/misc.hh:60,
                 from src/cpu/base.cc:53:
build/RISCV/enums/RiscvType.hh:16:9: note: ‘gem5::enums::RV64’ declared here
   16 |         RV64 = 1,
      |         ^~~~
In file included from src/cpu/base.cc:53:
src/arch/riscv/regs/misc.hh:1720:63: error: ‘RV32’ was not declared in this scope; did you mean ‘gem5::enums::RV32’?
 1720 |     {CSR_UIMM16, {"uimm16", MISCREG_UIMM16, rvTypeFlags(RV64, RV32), isaExtsFlags()}},
      |                                                               ^~~~
      |                                                               gem5::enums::RV32
In file included from src/arch/riscv/regs/misc.hh:60,
                 from src/cpu/base.cc:53:
build/RISCV/enums/RiscvType.hh:15:9: note: ‘gem5::enums::RV32’ declared here
   15 |         RV32 = 0,
      |         ^~~~
In file included from src/cpu/base.cc:53:
src/arch/riscv/regs/misc.hh:1721:57: error: ‘RV64’ was not declared in this scope; did you mean ‘gem5::enums::RV64’?
 1721 |     {CSR_UIMM17, {"uimm17", MISCREG_UIMM17, rvTypeFlags(RV64, RV32), isaExtsFlags()}},
      |                                                         ^~~~
      |                                                         gem5::enums::RV64
In file included from src/arch/riscv/regs/misc.hh:60,
                 from src/cpu/base.cc:53:
build/RISCV/enums/RiscvType.hh:16:9: note: ‘gem5::enums::RV64’ declared here
   16 |         RV64 = 1,
      |         ^~~~
In file included from src/cpu/base.cc:53:
src/arch/riscv/regs/misc.hh:1721:63: error: ‘RV32’ was not declared in this scope; did you mean ‘gem5::enums::RV32’?
 1721 |     {CSR_UIMM17, {"uimm17", MISCREG_UIMM17, rvTypeFlags(RV64, RV32), isaExtsFlags()}},
      |                                                               ^~~~
      |                                                               gem5::enums::RV32
In file included from src/arch/riscv/regs/misc.hh:60,
                 from src/cpu/base.cc:53:
build/RISCV/enums/RiscvType.hh:15:9: note: ‘gem5::enums::RV32’ declared here
   15 |         RV32 = 0,
      |         ^~~~
In file included from src/cpu/base.cc:53:
src/arch/riscv/regs/misc.hh:1722:57: error: ‘RV64’ was not declared in this scope; did you mean ‘gem5::enums::RV64’?
 1722 |     {CSR_UIMM18, {"uimm18", MISCREG_UIMM18, rvTypeFlags(RV64, RV32), isaExtsFlags()}},
      |                                                         ^~~~
      |                                                         gem5::enums::RV64
In file included from src/arch/riscv/regs/misc.hh:60,
                 from src/cpu/base.cc:53:
build/RISCV/enums/RiscvType.hh:16:9: note: ‘gem5::enums::RV64’ declared here
   16 |         RV64 = 1,
      |         ^~~~
In file included from src/cpu/base.cc:53:
src/arch/riscv/regs/misc.hh:1722:63: error: ‘RV32’ was not declared in this scope; did you mean ‘gem5::enums::RV32’?
 1722 |     {CSR_UIMM18, {"uimm18", MISCREG_UIMM18, rvTypeFlags(RV64, RV32), isaExtsFlags()}},
      |                                                               ^~~~
      |                                                               gem5::enums::RV32
In file included from src/arch/riscv/regs/misc.hh:60,
                 from src/cpu/base.cc:53:
build/RISCV/enums/RiscvType.hh:15:9: note: ‘gem5::enums::RV32’ declared here
   15 |         RV32 = 0,
      |         ^~~~
In file included from src/cpu/base.cc:53:
src/arch/riscv/regs/misc.hh:1723:57: error: ‘RV64’ was not declared in this scope; did you mean ‘gem5::enums::RV64’?
 1723 |     {CSR_UIMM19, {"uimm19", MISCREG_UIMM19, rvTypeFlags(RV64, RV32), isaExtsFlags()}},
      |                                                         ^~~~
      |                                                         gem5::enums::RV64
In file included from src/arch/riscv/regs/misc.hh:60,
                 from src/cpu/base.cc:53:
build/RISCV/enums/RiscvType.hh:16:9: note: ‘gem5::enums::RV64’ declared here
   16 |         RV64 = 1,
      |         ^~~~
In file included from src/cpu/base.cc:53:
src/arch/riscv/regs/misc.hh:1723:63: error: ‘RV32’ was not declared in this scope; did you mean ‘gem5::enums::RV32’?
 1723 |     {CSR_UIMM19, {"uimm19", MISCREG_UIMM19, rvTypeFlags(RV64, RV32), isaExtsFlags()}},
      |                                                               ^~~~
      |                                                               gem5::enums::RV32
In file included from src/arch/riscv/regs/misc.hh:60,
                 from src/cpu/base.cc:53:
build/RISCV/enums/RiscvType.hh:15:9: note: ‘gem5::enums::RV32’ declared here
   15 |         RV32 = 0,
      |         ^~~~
In file included from src/cpu/base.cc:53:
src/arch/riscv/regs/misc.hh:1724:57: error: ‘RV64’ was not declared in this scope; did you mean ‘gem5::enums::RV64’?
 1724 |     {CSR_UIMM20, {"uimm20", MISCREG_UIMM20, rvTypeFlags(RV64, RV32), isaExtsFlags()}},
      |                                                         ^~~~
      |                                                         gem5::enums::RV64
In file included from src/arch/riscv/regs/misc.hh:60,
                 from src/cpu/base.cc:53:
build/RISCV/enums/RiscvType.hh:16:9: note: ‘gem5::enums::RV64’ declared here
   16 |         RV64 = 1,
      |         ^~~~
In file included from src/cpu/base.cc:53:
src/arch/riscv/regs/misc.hh:1724:63: error: ‘RV32’ was not declared in this scope; did you mean ‘gem5::enums::RV32’?
 1724 |     {CSR_UIMM20, {"uimm20", MISCREG_UIMM20, rvTypeFlags(RV64, RV32), isaExtsFlags()}},
      |                                                               ^~~~
      |                                                               gem5::enums::RV32
In file included from src/arch/riscv/regs/misc.hh:60,
                 from src/cpu/base.cc:53:
build/RISCV/enums/RiscvType.hh:15:9: note: ‘gem5::enums::RV32’ declared here
   15 |         RV32 = 0,
      |         ^~~~
In file included from src/cpu/base.cc:53:
src/arch/riscv/regs/misc.hh:1725:57: error: ‘RV64’ was not declared in this scope; did you mean ‘gem5::enums::RV64’?
 1725 |     {CSR_UIMM21, {"uimm21", MISCREG_UIMM21, rvTypeFlags(RV64, RV32), isaExtsFlags()}},
      |                                                         ^~~~
      |                                                         gem5::enums::RV64
In file included from src/arch/riscv/regs/misc.hh:60,
                 from src/cpu/base.cc:53:
build/RISCV/enums/RiscvType.hh:16:9: note: ‘gem5::enums::RV64’ declared here
   16 |         RV64 = 1,
      |         ^~~~
In file included from src/cpu/base.cc:53:
src/arch/riscv/regs/misc.hh:1725:63: error: ‘RV32’ was not declared in this scope; did you mean ‘gem5::enums::RV32’?
 1725 |     {CSR_UIMM21, {"uimm21", MISCREG_UIMM21, rvTypeFlags(RV64, RV32), isaExtsFlags()}},
      |                                                               ^~~~
      |                                                               gem5::enums::RV32
In file included from src/arch/riscv/regs/misc.hh:60,
                 from src/cpu/base.cc:53:
build/RISCV/enums/RiscvType.hh:15:9: note: ‘gem5::enums::RV32’ declared here
   15 |         RV32 = 0,
      |         ^~~~
In file included from src/cpu/base.cc:53:
src/arch/riscv/regs/misc.hh:1726:57: error: ‘RV64’ was not declared in this scope; did you mean ‘gem5::enums::RV64’?
 1726 |     {CSR_UIMM22, {"uimm22", MISCREG_UIMM22, rvTypeFlags(RV64, RV32), isaExtsFlags()}},
      |                                                         ^~~~
      |                                                         gem5::enums::RV64
In file included from src/arch/riscv/regs/misc.hh:60,
                 from src/cpu/base.cc:53:
build/RISCV/enums/RiscvType.hh:16:9: note: ‘gem5::enums::RV64’ declared here
   16 |         RV64 = 1,
      |         ^~~~
In file included from src/cpu/base.cc:53:
src/arch/riscv/regs/misc.hh:1726:63: error: ‘RV32’ was not declared in this scope; did you mean ‘gem5::enums::RV32’?
 1726 |     {CSR_UIMM22, {"uimm22", MISCREG_UIMM22, rvTypeFlags(RV64, RV32), isaExtsFlags()}},
      |                                                               ^~~~
      |                                                               gem5::enums::RV32
In file included from src/arch/riscv/regs/misc.hh:60,
                 from src/cpu/base.cc:53:
build/RISCV/enums/RiscvType.hh:15:9: note: ‘gem5::enums::RV32’ declared here
   15 |         RV32 = 0,
      |         ^~~~
In file included from src/cpu/base.cc:53:
src/arch/riscv/regs/misc.hh:1727:57: error: ‘RV64’ was not declared in this scope; did you mean ‘gem5::enums::RV64’?
 1727 |     {CSR_UIMM23, {"uimm23", MISCREG_UIMM23, rvTypeFlags(RV64, RV32), isaExtsFlags()}},
      |                                                         ^~~~
      |                                                         gem5::enums::RV64
In file included from src/arch/riscv/regs/misc.hh:60,
                 from src/cpu/base.cc:53:
build/RISCV/enums/RiscvType.hh:16:9: note: ‘gem5::enums::RV64’ declared here
   16 |         RV64 = 1,
      |         ^~~~
In file included from src/cpu/base.cc:53:
src/arch/riscv/regs/misc.hh:1727:63: error: ‘RV32’ was not declared in this scope; did you mean ‘gem5::enums::RV32’?
 1727 |     {CSR_UIMM23, {"uimm23", MISCREG_UIMM23, rvTypeFlags(RV64, RV32), isaExtsFlags()}},
      |                                                               ^~~~
      |                                                               gem5::enums::RV32
In file included from src/arch/riscv/regs/misc.hh:60,
                 from src/cpu/base.cc:53:
build/RISCV/enums/RiscvType.hh:15:9: note: ‘gem5::enums::RV32’ declared here
   15 |         RV32 = 0,
      |         ^~~~
In file included from src/cpu/base.cc:53:
src/arch/riscv/regs/misc.hh:1728:57: error: ‘RV64’ was not declared in this scope; did you mean ‘gem5::enums::RV64’?
 1728 |     {CSR_UIMM24, {"uimm24", MISCREG_UIMM24, rvTypeFlags(RV64, RV32), isaExtsFlags()}},
      |                                                         ^~~~
      |                                                         gem5::enums::RV64
In file included from src/arch/riscv/regs/misc.hh:60,
                 from src/cpu/base.cc:53:
build/RISCV/enums/RiscvType.hh:16:9: note: ‘gem5::enums::RV64’ declared here
   16 |         RV64 = 1,
      |         ^~~~
In file included from src/cpu/base.cc:53:
src/arch/riscv/regs/misc.hh:1728:63: error: ‘RV32’ was not declared in this scope; did you mean ‘gem5::enums::RV32’?
 1728 |     {CSR_UIMM24, {"uimm24", MISCREG_UIMM24, rvTypeFlags(RV64, RV32), isaExtsFlags()}},
      |                                                               ^~~~
      |                                                               gem5::enums::RV32
In file included from src/arch/riscv/regs/misc.hh:60,
                 from src/cpu/base.cc:53:
build/RISCV/enums/RiscvType.hh:15:9: note: ‘gem5::enums::RV32’ declared here
   15 |         RV32 = 0,
      |         ^~~~
In file included from src/cpu/base.cc:53:
src/arch/riscv/regs/misc.hh:1729:57: error: ‘RV64’ was not declared in this scope; did you mean ‘gem5::enums::RV64’?
 1729 |     {CSR_UIMM25, {"uimm25", MISCREG_UIMM25, rvTypeFlags(RV64, RV32), isaExtsFlags()}},
      |                                                         ^~~~
      |                                                         gem5::enums::RV64
In file included from src/arch/riscv/regs/misc.hh:60,
                 from src/cpu/base.cc:53:
build/RISCV/enums/RiscvType.hh:16:9: note: ‘gem5::enums::RV64’ declared here
   16 |         RV64 = 1,
      |         ^~~~
In file included from src/cpu/base.cc:53:
src/arch/riscv/regs/misc.hh:1729:63: error: ‘RV32’ was not declared in this scope; did you mean ‘gem5::enums::RV32’?
 1729 |     {CSR_UIMM25, {"uimm25", MISCREG_UIMM25, rvTypeFlags(RV64, RV32), isaExtsFlags()}},
      |                                                               ^~~~
      |                                                               gem5::enums::RV32
In file included from src/arch/riscv/regs/misc.hh:60,
                 from src/cpu/base.cc:53:
build/RISCV/enums/RiscvType.hh:15:9: note: ‘gem5::enums::RV32’ declared here
   15 |         RV32 = 0,
      |         ^~~~
In file included from src/cpu/base.cc:53:
src/arch/riscv/regs/misc.hh:1730:57: error: ‘RV64’ was not declared in this scope; did you mean ‘gem5::enums::RV64’?
 1730 |     {CSR_UIMM26, {"uimm26", MISCREG_UIMM26, rvTypeFlags(RV64, RV32), isaExtsFlags()}},
      |                                                         ^~~~
      |                                                         gem5::enums::RV64
In file included from src/arch/riscv/regs/misc.hh:60,
                 from src/cpu/base.cc:53:
build/RISCV/enums/RiscvType.hh:16:9: note: ‘gem5::enums::RV64’ declared here
   16 |         RV64 = 1,
      |         ^~~~
In file included from src/cpu/base.cc:53:
src/arch/riscv/regs/misc.hh:1730:63: error: ‘RV32’ was not declared in this scope; did you mean ‘gem5::enums::RV32’?
 1730 |     {CSR_UIMM26, {"uimm26", MISCREG_UIMM26, rvTypeFlags(RV64, RV32), isaExtsFlags()}},
      |                                                               ^~~~
      |                                                               gem5::enums::RV32
In file included from src/arch/riscv/regs/misc.hh:60,
                 from src/cpu/base.cc:53:
build/RISCV/enums/RiscvType.hh:15:9: note: ‘gem5::enums::RV32’ declared here
   15 |         RV32 = 0,
      |         ^~~~
In file included from src/cpu/base.cc:53:
src/arch/riscv/regs/misc.hh:1731:57: error: ‘RV64’ was not declared in this scope; did you mean ‘gem5::enums::RV64’?
 1731 |     {CSR_UIMM27, {"uimm27", MISCREG_UIMM27, rvTypeFlags(RV64, RV32), isaExtsFlags()}},
      |                                                         ^~~~
      |                                                         gem5::enums::RV64
In file included from src/arch/riscv/regs/misc.hh:60,
                 from src/cpu/base.cc:53:
build/RISCV/enums/RiscvType.hh:16:9: note: ‘gem5::enums::RV64’ declared here
   16 |         RV64 = 1,
      |         ^~~~
In file included from src/cpu/base.cc:53:
src/arch/riscv/regs/misc.hh:1731:63: error: ‘RV32’ was not declared in this scope; did you mean ‘gem5::enums::RV32’?
 1731 |     {CSR_UIMM27, {"uimm27", MISCREG_UIMM27, rvTypeFlags(RV64, RV32), isaExtsFlags()}},
      |                                                               ^~~~
      |                                                               gem5::enums::RV32
In file included from src/arch/riscv/regs/misc.hh:60,
                 from src/cpu/base.cc:53:
build/RISCV/enums/RiscvType.hh:15:9: note: ‘gem5::enums::RV32’ declared here
   15 |         RV32 = 0,
      |         ^~~~
In file included from src/cpu/base.cc:53:
src/arch/riscv/regs/misc.hh:1732:57: error: ‘RV64’ was not declared in this scope; did you mean ‘gem5::enums::RV64’?
 1732 |     {CSR_UIMM28, {"uimm28", MISCREG_UIMM28, rvTypeFlags(RV64, RV32), isaExtsFlags()}},
      |                                                         ^~~~
      |                                                         gem5::enums::RV64
In file included from src/arch/riscv/regs/misc.hh:60,
                 from src/cpu/base.cc:53:
build/RISCV/enums/RiscvType.hh:16:9: note: ‘gem5::enums::RV64’ declared here
   16 |         RV64 = 1,
      |         ^~~~
In file included from src/cpu/base.cc:53:
src/arch/riscv/regs/misc.hh:1732:63: error: ‘RV32’ was not declared in this scope; did you mean ‘gem5::enums::RV32’?
 1732 |     {CSR_UIMM28, {"uimm28", MISCREG_UIMM28, rvTypeFlags(RV64, RV32), isaExtsFlags()}},
      |                                                               ^~~~
      |                                                               gem5::enums::RV32
In file included from src/arch/riscv/regs/misc.hh:60,
                 from src/cpu/base.cc:53:
build/RISCV/enums/RiscvType.hh:15:9: note: ‘gem5::enums::RV32’ declared here
   15 |         RV32 = 0,
      |         ^~~~
In file included from src/cpu/base.cc:53:
src/arch/riscv/regs/misc.hh:1733:57: error: ‘RV64’ was not declared in this scope; did you mean ‘gem5::enums::RV64’?
 1733 |     {CSR_UIMM29, {"uimm29", MISCREG_UIMM29, rvTypeFlags(RV64, RV32), isaExtsFlags()}},
      |                                                         ^~~~
      |                                                         gem5::enums::RV64
In file included from src/arch/riscv/regs/misc.hh:60,
                 from src/cpu/base.cc:53:
build/RISCV/enums/RiscvType.hh:16:9: note: ‘gem5::enums::RV64’ declared here
   16 |         RV64 = 1,
      |         ^~~~
In file included from src/cpu/base.cc:53:
src/arch/riscv/regs/misc.hh:1733:63: error: ‘RV32’ was not declared in this scope; did you mean ‘gem5::enums::RV32’?
 1733 |     {CSR_UIMM29, {"uimm29", MISCREG_UIMM29, rvTypeFlags(RV64, RV32), isaExtsFlags()}},
      |                                                               ^~~~
      |                                                               gem5::enums::RV32
In file included from src/arch/riscv/regs/misc.hh:60,
                 from src/cpu/base.cc:53:
build/RISCV/enums/RiscvType.hh:15:9: note: ‘gem5::enums::RV32’ declared here
   15 |         RV32 = 0,
      |         ^~~~
In file included from src/cpu/base.cc:53:
src/arch/riscv/regs/misc.hh:1734:57: error: ‘RV64’ was not declared in this scope; did you mean ‘gem5::enums::RV64’?
 1734 |     {CSR_UIMM30, {"uimm30", MISCREG_UIMM30, rvTypeFlags(RV64, RV32), isaExtsFlags()}},
      |                                                         ^~~~
      |                                                         gem5::enums::RV64
In file included from src/arch/riscv/regs/misc.hh:60,
                 from src/cpu/base.cc:53:
build/RISCV/enums/RiscvType.hh:16:9: note: ‘gem5::enums::RV64’ declared here
   16 |         RV64 = 1,
      |         ^~~~
In file included from src/cpu/base.cc:53:
src/arch/riscv/regs/misc.hh:1734:63: error: ‘RV32’ was not declared in this scope; did you mean ‘gem5::enums::RV32’?
 1734 |     {CSR_UIMM30, {"uimm30", MISCREG_UIMM30, rvTypeFlags(RV64, RV32), isaExtsFlags()}},
      |                                                               ^~~~
      |                                                               gem5::enums::RV32
In file included from src/arch/riscv/regs/misc.hh:60,
                 from src/cpu/base.cc:53:
build/RISCV/enums/RiscvType.hh:15:9: note: ‘gem5::enums::RV32’ declared here
   15 |         RV32 = 0,
      |         ^~~~
In file included from src/cpu/base.cc:53:
src/arch/riscv/regs/misc.hh:1735:57: error: ‘RV64’ was not declared in this scope; did you mean ‘gem5::enums::RV64’?
 1735 |     {CSR_UIMM31, {"uimm31", MISCREG_UIMM31, rvTypeFlags(RV64, RV32), isaExtsFlags()}},
      |                                                         ^~~~
      |                                                         gem5::enums::RV64
In file included from src/arch/riscv/regs/misc.hh:60,
                 from src/cpu/base.cc:53:
build/RISCV/enums/RiscvType.hh:16:9: note: ‘gem5::enums::RV64’ declared here
   16 |         RV64 = 1,
      |         ^~~~
In file included from src/cpu/base.cc:53:
src/arch/riscv/regs/misc.hh:1735:63: error: ‘RV32’ was not declared in this scope; did you mean ‘gem5::enums::RV32’?
 1735 |     {CSR_UIMM31, {"uimm31", MISCREG_UIMM31, rvTypeFlags(RV64, RV32), isaExtsFlags()}},
      |                                                               ^~~~
      |                                                               gem5::enums::RV32
In file included from src/arch/riscv/regs/misc.hh:60,
                 from src/cpu/base.cc:53:
build/RISCV/enums/RiscvType.hh:15:9: note: ‘gem5::enums::RV32’ declared here
   15 |         RV32 = 0,
      |         ^~~~
In file included from src/cpu/base.cc:53:
src/arch/riscv/regs/misc.hh:1736:57: error: ‘RV64’ was not declared in this scope; did you mean ‘gem5::enums::RV64’?
 1736 |     {CSR_UIMM32, {"uimm32", MISCREG_UIMM32, rvTypeFlags(RV64, RV32), isaExtsFlags()}},
      |                                                         ^~~~
      |                                                         gem5::enums::RV64
In file included from src/arch/riscv/regs/misc.hh:60,
                 from src/cpu/base.cc:53:
build/RISCV/enums/RiscvType.hh:16:9: note: ‘gem5::enums::RV64’ declared here
   16 |         RV64 = 1,
      |         ^~~~
In file included from src/cpu/base.cc:53:
src/arch/riscv/regs/misc.hh:1736:63: error: ‘RV32’ was not declared in this scope; did you mean ‘gem5::enums::RV32’?
 1736 |     {CSR_UIMM32, {"uimm32", MISCREG_UIMM32, rvTypeFlags(RV64, RV32), isaExtsFlags()}},
      |                                                               ^~~~
      |                                                               gem5::enums::RV32
In file included from src/arch/riscv/regs/misc.hh:60,
                 from src/cpu/base.cc:53:
build/RISCV/enums/RiscvType.hh:15:9: note: ‘gem5::enums::RV32’ declared here
   15 |         RV32 = 0,
      |         ^~~~
In file included from src/cpu/base.cc:53:
src/arch/riscv/regs/misc.hh:1737:57: error: ‘RV64’ was not declared in this scope; did you mean ‘gem5::enums::RV64’?
 1737 |     {CSR_UIMM33, {"uimm33", MISCREG_UIMM33, rvTypeFlags(RV64, RV32), isaExtsFlags()}},
      |                                                         ^~~~
      |                                                         gem5::enums::RV64
In file included from src/arch/riscv/regs/misc.hh:60,
                 from src/cpu/base.cc:53:
build/RISCV/enums/RiscvType.hh:16:9: note: ‘gem5::enums::RV64’ declared here
   16 |         RV64 = 1,
      |         ^~~~
In file included from src/cpu/base.cc:53:
src/arch/riscv/regs/misc.hh:1737:63: error: ‘RV32’ was not declared in this scope; did you mean ‘gem5::enums::RV32’?
 1737 |     {CSR_UIMM33, {"uimm33", MISCREG_UIMM33, rvTypeFlags(RV64, RV32), isaExtsFlags()}},
      |                                                               ^~~~
      |                                                               gem5::enums::RV32
In file included from src/arch/riscv/regs/misc.hh:60,
                 from src/cpu/base.cc:53:
build/RISCV/enums/RiscvType.hh:15:9: note: ‘gem5::enums::RV32’ declared here
   15 |         RV32 = 0,
      |         ^~~~
In file included from src/cpu/base.cc:53:
src/arch/riscv/regs/misc.hh:1738:57: error: ‘RV64’ was not declared in this scope; did you mean ‘gem5::enums::RV64’?
 1738 |     {CSR_UIMM34, {"uimm34", MISCREG_UIMM34, rvTypeFlags(RV64, RV32), isaExtsFlags()}},
      |                                                         ^~~~
      |                                                         gem5::enums::RV64
In file included from src/arch/riscv/regs/misc.hh:60,
                 from src/cpu/base.cc:53:
build/RISCV/enums/RiscvType.hh:16:9: note: ‘gem5::enums::RV64’ declared here
   16 |         RV64 = 1,
      |         ^~~~
In file included from src/cpu/base.cc:53:
src/arch/riscv/regs/misc.hh:1738:63: error: ‘RV32’ was not declared in this scope; did you mean ‘gem5::enums::RV32’?
 1738 |     {CSR_UIMM34, {"uimm34", MISCREG_UIMM34, rvTypeFlags(RV64, RV32), isaExtsFlags()}},
      |                                                               ^~~~
      |                                                               gem5::enums::RV32
In file included from src/arch/riscv/regs/misc.hh:60,
                 from src/cpu/base.cc:53:
build/RISCV/enums/RiscvType.hh:15:9: note: ‘gem5::enums::RV32’ declared here
   15 |         RV32 = 0,
      |         ^~~~
In file included from src/cpu/base.cc:53:
src/arch/riscv/regs/misc.hh:1739:57: error: ‘RV64’ was not declared in this scope; did you mean ‘gem5::enums::RV64’?
 1739 |     {CSR_UIMM35, {"uimm35", MISCREG_UIMM35, rvTypeFlags(RV64, RV32), isaExtsFlags()}},
      |                                                         ^~~~
      |                                                         gem5::enums::RV64
In file included from src/arch/riscv/regs/misc.hh:60,
                 from src/cpu/base.cc:53:
build/RISCV/enums/RiscvType.hh:16:9: note: ‘gem5::enums::RV64’ declared here
   16 |         RV64 = 1,
      |         ^~~~
In file included from src/cpu/base.cc:53:
src/arch/riscv/regs/misc.hh:1739:63: error: ‘RV32’ was not declared in this scope; did you mean ‘gem5::enums::RV32’?
 1739 |     {CSR_UIMM35, {"uimm35", MISCREG_UIMM35, rvTypeFlags(RV64, RV32), isaExtsFlags()}},
      |                                                               ^~~~
      |                                                               gem5::enums::RV32
In file included from src/arch/riscv/regs/misc.hh:60,
                 from src/cpu/base.cc:53:
build/RISCV/enums/RiscvType.hh:15:9: note: ‘gem5::enums::RV32’ declared here
   15 |         RV32 = 0,
      |         ^~~~
In file included from src/cpu/base.cc:53:
src/arch/riscv/regs/misc.hh:1740:57: error: ‘RV64’ was not declared in this scope; did you mean ‘gem5::enums::RV64’?
 1740 |     {CSR_UIMM36, {"uimm36", MISCREG_UIMM36, rvTypeFlags(RV64, RV32), isaExtsFlags()}},
      |                                                         ^~~~
      |                                                         gem5::enums::RV64
In file included from src/arch/riscv/regs/misc.hh:60,
                 from src/cpu/base.cc:53:
build/RISCV/enums/RiscvType.hh:16:9: note: ‘gem5::enums::RV64’ declared here
   16 |         RV64 = 1,
      |         ^~~~
In file included from src/cpu/base.cc:53:
src/arch/riscv/regs/misc.hh:1740:63: error: ‘RV32’ was not declared in this scope; did you mean ‘gem5::enums::RV32’?
 1740 |     {CSR_UIMM36, {"uimm36", MISCREG_UIMM36, rvTypeFlags(RV64, RV32), isaExtsFlags()}},
      |                                                               ^~~~
      |                                                               gem5::enums::RV32
In file included from src/arch/riscv/regs/misc.hh:60,
                 from src/cpu/base.cc:53:
build/RISCV/enums/RiscvType.hh:15:9: note: ‘gem5::enums::RV32’ declared here
   15 |         RV32 = 0,
      |         ^~~~
In file included from src/cpu/base.cc:53:
src/arch/riscv/regs/misc.hh:1741:57: error: ‘RV64’ was not declared in this scope; did you mean ‘gem5::enums::RV64’?
 1741 |     {CSR_UIMM37, {"uimm37", MISCREG_UIMM37, rvTypeFlags(RV64, RV32), isaExtsFlags()}},
      |                                                         ^~~~
      |                                                         gem5::enums::RV64
In file included from src/arch/riscv/regs/misc.hh:60,
                 from src/cpu/base.cc:53:
build/RISCV/enums/RiscvType.hh:16:9: note: ‘gem5::enums::RV64’ declared here
   16 |         RV64 = 1,
      |         ^~~~
In file included from src/cpu/base.cc:53:
src/arch/riscv/regs/misc.hh:1741:63: error: ‘RV32’ was not declared in this scope; did you mean ‘gem5::enums::RV32’?
 1741 |     {CSR_UIMM37, {"uimm37", MISCREG_UIMM37, rvTypeFlags(RV64, RV32), isaExtsFlags()}},
      |                                                               ^~~~
      |                                                               gem5::enums::RV32
In file included from src/arch/riscv/regs/misc.hh:60,
                 from src/cpu/base.cc:53:
build/RISCV/enums/RiscvType.hh:15:9: note: ‘gem5::enums::RV32’ declared here
   15 |         RV32 = 0,
      |         ^~~~
In file included from src/cpu/base.cc:53:
src/arch/riscv/regs/misc.hh:1742:57: error: ‘RV64’ was not declared in this scope; did you mean ‘gem5::enums::RV64’?
 1742 |     {CSR_UIMM38, {"uimm38", MISCREG_UIMM38, rvTypeFlags(RV64, RV32), isaExtsFlags()}},
      |                                                         ^~~~
      |                                                         gem5::enums::RV64
In file included from src/arch/riscv/regs/misc.hh:60,
                 from src/cpu/base.cc:53:
build/RISCV/enums/RiscvType.hh:16:9: note: ‘gem5::enums::RV64’ declared here
   16 |         RV64 = 1,
      |         ^~~~
In file included from src/cpu/base.cc:53:
src/arch/riscv/regs/misc.hh:1742:63: error: ‘RV32’ was not declared in this scope; did you mean ‘gem5::enums::RV32’?
 1742 |     {CSR_UIMM38, {"uimm38", MISCREG_UIMM38, rvTypeFlags(RV64, RV32), isaExtsFlags()}},
      |                                                               ^~~~
      |                                                               gem5::enums::RV32
In file included from src/arch/riscv/regs/misc.hh:60,
                 from src/cpu/base.cc:53:
build/RISCV/enums/RiscvType.hh:15:9: note: ‘gem5::enums::RV32’ declared here
   15 |         RV32 = 0,
      |         ^~~~
In file included from src/cpu/base.cc:53:
src/arch/riscv/regs/misc.hh:1743:57: error: ‘RV64’ was not declared in this scope; did you mean ‘gem5::enums::RV64’?
 1743 |     {CSR_UIMM39, {"uimm39", MISCREG_UIMM39, rvTypeFlags(RV64, RV32), isaExtsFlags()}},
      |                                                         ^~~~
      |                                                         gem5::enums::RV64
In file included from src/arch/riscv/regs/misc.hh:60,
                 from src/cpu/base.cc:53:
build/RISCV/enums/RiscvType.hh:16:9: note: ‘gem5::enums::RV64’ declared here
   16 |         RV64 = 1,
      |         ^~~~
In file included from src/cpu/base.cc:53:
src/arch/riscv/regs/misc.hh:1743:63: error: ‘RV32’ was not declared in this scope; did you mean ‘gem5::enums::RV32’?
 1743 |     {CSR_UIMM39, {"uimm39", MISCREG_UIMM39, rvTypeFlags(RV64, RV32), isaExtsFlags()}},
      |                                                               ^~~~
      |                                                               gem5::enums::RV32
In file included from src/arch/riscv/regs/misc.hh:60,
                 from src/cpu/base.cc:53:
build/RISCV/enums/RiscvType.hh:15:9: note: ‘gem5::enums::RV32’ declared here
   15 |         RV32 = 0,
      |         ^~~~
In file included from src/cpu/base.cc:53:
src/arch/riscv/regs/misc.hh:1744:57: error: ‘RV64’ was not declared in this scope; did you mean ‘gem5::enums::RV64’?
 1744 |     {CSR_UIMM40, {"uimm40", MISCREG_UIMM40, rvTypeFlags(RV64, RV32), isaExtsFlags()}},
      |                                                         ^~~~
      |                                                         gem5::enums::RV64
In file included from src/arch/riscv/regs/misc.hh:60,
                 from src/cpu/base.cc:53:
build/RISCV/enums/RiscvType.hh:16:9: note: ‘gem5::enums::RV64’ declared here
   16 |         RV64 = 1,
      |         ^~~~
In file included from src/cpu/base.cc:53:
src/arch/riscv/regs/misc.hh:1744:63: error: ‘RV32’ was not declared in this scope; did you mean ‘gem5::enums::RV32’?
 1744 |     {CSR_UIMM40, {"uimm40", MISCREG_UIMM40, rvTypeFlags(RV64, RV32), isaExtsFlags()}},
      |                                                               ^~~~
      |                                                               gem5::enums::RV32
In file included from src/arch/riscv/regs/misc.hh:60,
                 from src/cpu/base.cc:53:
build/RISCV/enums/RiscvType.hh:15:9: note: ‘gem5::enums::RV32’ declared here
   15 |         RV32 = 0,
      |         ^~~~
In file included from src/cpu/base.cc:53:
src/arch/riscv/regs/misc.hh:1745:57: error: ‘RV64’ was not declared in this scope; did you mean ‘gem5::enums::RV64’?
 1745 |     {CSR_UIMM41, {"uimm41", MISCREG_UIMM41, rvTypeFlags(RV64, RV32), isaExtsFlags()}},
      |                                                         ^~~~
      |                                                         gem5::enums::RV64
In file included from src/arch/riscv/regs/misc.hh:60,
                 from src/cpu/base.cc:53:
build/RISCV/enums/RiscvType.hh:16:9: note: ‘gem5::enums::RV64’ declared here
   16 |         RV64 = 1,
      |         ^~~~
In file included from src/cpu/base.cc:53:
src/arch/riscv/regs/misc.hh:1745:63: error: ‘RV32’ was not declared in this scope; did you mean ‘gem5::enums::RV32’?
 1745 |     {CSR_UIMM41, {"uimm41", MISCREG_UIMM41, rvTypeFlags(RV64, RV32), isaExtsFlags()}},
      |                                                               ^~~~
      |                                                               gem5::enums::RV32
In file included from src/arch/riscv/regs/misc.hh:60,
                 from src/cpu/base.cc:53:
build/RISCV/enums/RiscvType.hh:15:9: note: ‘gem5::enums::RV32’ declared here
   15 |         RV32 = 0,
      |         ^~~~
In file included from src/cpu/base.cc:53:
src/arch/riscv/regs/misc.hh:1746:57: error: ‘RV64’ was not declared in this scope; did you mean ‘gem5::enums::RV64’?
 1746 |     {CSR_UIMM42, {"uimm42", MISCREG_UIMM42, rvTypeFlags(RV64, RV32), isaExtsFlags()}},
      |                                                         ^~~~
      |                                                         gem5::enums::RV64
In file included from src/arch/riscv/regs/misc.hh:60,
                 from src/cpu/base.cc:53:
build/RISCV/enums/RiscvType.hh:16:9: note: ‘gem5::enums::RV64’ declared here
   16 |         RV64 = 1,
      |         ^~~~
In file included from src/cpu/base.cc:53:
src/arch/riscv/regs/misc.hh:1746:63: error: ‘RV32’ was not declared in this scope; did you mean ‘gem5::enums::RV32’?
 1746 |     {CSR_UIMM42, {"uimm42", MISCREG_UIMM42, rvTypeFlags(RV64, RV32), isaExtsFlags()}},
      |                                                               ^~~~
      |                                                               gem5::enums::RV32
In file included from src/arch/riscv/regs/misc.hh:60,
                 from src/cpu/base.cc:53:
build/RISCV/enums/RiscvType.hh:15:9: note: ‘gem5::enums::RV32’ declared here
   15 |         RV32 = 0,
      |         ^~~~
In file included from src/cpu/base.cc:53:
src/arch/riscv/regs/misc.hh:1747:57: error: ‘RV64’ was not declared in this scope; did you mean ‘gem5::enums::RV64’?
 1747 |     {CSR_UIMM43, {"uimm43", MISCREG_UIMM43, rvTypeFlags(RV64, RV32), isaExtsFlags()}},
      |                                                         ^~~~
      |                                                         gem5::enums::RV64
In file included from src/arch/riscv/regs/misc.hh:60,
                 from src/cpu/base.cc:53:
build/RISCV/enums/RiscvType.hh:16:9: note: ‘gem5::enums::RV64’ declared here
   16 |         RV64 = 1,
      |         ^~~~
In file included from src/cpu/base.cc:53:
src/arch/riscv/regs/misc.hh:1747:63: error: ‘RV32’ was not declared in this scope; did you mean ‘gem5::enums::RV32’?
 1747 |     {CSR_UIMM43, {"uimm43", MISCREG_UIMM43, rvTypeFlags(RV64, RV32), isaExtsFlags()}},
      |                                                               ^~~~
      |                                                               gem5::enums::RV32
In file included from src/arch/riscv/regs/misc.hh:60,
                 from src/cpu/base.cc:53:
build/RISCV/enums/RiscvType.hh:15:9: note: ‘gem5::enums::RV32’ declared here
   15 |         RV32 = 0,
      |         ^~~~
In file included from src/cpu/base.cc:53:
src/arch/riscv/regs/misc.hh:1748:57: error: ‘RV64’ was not declared in this scope; did you mean ‘gem5::enums::RV64’?
 1748 |     {CSR_UIMM44, {"uimm44", MISCREG_UIMM44, rvTypeFlags(RV64, RV32), isaExtsFlags()}},
      |                                                         ^~~~
      |                                                         gem5::enums::RV64
In file included from src/arch/riscv/regs/misc.hh:60,
                 from src/cpu/base.cc:53:
build/RISCV/enums/RiscvType.hh:16:9: note: ‘gem5::enums::RV64’ declared here
   16 |         RV64 = 1,
      |         ^~~~
In file included from src/cpu/base.cc:53:
src/arch/riscv/regs/misc.hh:1748:63: error: ‘RV32’ was not declared in this scope; did you mean ‘gem5::enums::RV32’?
 1748 |     {CSR_UIMM44, {"uimm44", MISCREG_UIMM44, rvTypeFlags(RV64, RV32), isaExtsFlags()}},
      |                                                               ^~~~
      |                                                               gem5::enums::RV32
In file included from src/arch/riscv/regs/misc.hh:60,
                 from src/cpu/base.cc:53:
build/RISCV/enums/RiscvType.hh:15:9: note: ‘gem5::enums::RV32’ declared here
   15 |         RV32 = 0,
      |         ^~~~
In file included from src/cpu/base.cc:53:
src/arch/riscv/regs/misc.hh:1749:57: error: ‘RV64’ was not declared in this scope; did you mean ‘gem5::enums::RV64’?
 1749 |     {CSR_UIMM45, {"uimm45", MISCREG_UIMM45, rvTypeFlags(RV64, RV32), isaExtsFlags()}},
      |                                                         ^~~~
      |                                                         gem5::enums::RV64
In file included from src/arch/riscv/regs/misc.hh:60,
                 from src/cpu/base.cc:53:
build/RISCV/enums/RiscvType.hh:16:9: note: ‘gem5::enums::RV64’ declared here
   16 |         RV64 = 1,
      |         ^~~~
In file included from src/cpu/base.cc:53:
src/arch/riscv/regs/misc.hh:1749:63: error: ‘RV32’ was not declared in this scope; did you mean ‘gem5::enums::RV32’?
 1749 |     {CSR_UIMM45, {"uimm45", MISCREG_UIMM45, rvTypeFlags(RV64, RV32), isaExtsFlags()}},
      |                                                               ^~~~
      |                                                               gem5::enums::RV32
In file included from src/arch/riscv/regs/misc.hh:60,
                 from src/cpu/base.cc:53:
build/RISCV/enums/RiscvType.hh:15:9: note: ‘gem5::enums::RV32’ declared here
   15 |         RV32 = 0,
      |         ^~~~
In file included from src/cpu/base.cc:53:
src/arch/riscv/regs/misc.hh:1750:57: error: ‘RV64’ was not declared in this scope; did you mean ‘gem5::enums::RV64’?
 1750 |     {CSR_UIMM46, {"uimm46", MISCREG_UIMM46, rvTypeFlags(RV64, RV32), isaExtsFlags()}},
      |                                                         ^~~~
      |                                                         gem5::enums::RV64
In file included from src/arch/riscv/regs/misc.hh:60,
                 from src/cpu/base.cc:53:
build/RISCV/enums/RiscvType.hh:16:9: note: ‘gem5::enums::RV64’ declared here
   16 |         RV64 = 1,
      |         ^~~~
In file included from src/cpu/base.cc:53:
src/arch/riscv/regs/misc.hh:1750:63: error: ‘RV32’ was not declared in this scope; did you mean ‘gem5::enums::RV32’?
 1750 |     {CSR_UIMM46, {"uimm46", MISCREG_UIMM46, rvTypeFlags(RV64, RV32), isaExtsFlags()}},
      |                                                               ^~~~
      |                                                               gem5::enums::RV32
In file included from src/arch/riscv/regs/misc.hh:60,
                 from src/cpu/base.cc:53:
build/RISCV/enums/RiscvType.hh:15:9: note: ‘gem5::enums::RV32’ declared here
   15 |         RV32 = 0,
      |         ^~~~
In file included from src/cpu/base.cc:53:
src/arch/riscv/regs/misc.hh:1751:57: error: ‘RV64’ was not declared in this scope; did you mean ‘gem5::enums::RV64’?
 1751 |     {CSR_UIMM47, {"uimm47", MISCREG_UIMM47, rvTypeFlags(RV64, RV32), isaExtsFlags()}},
      |                                                         ^~~~
      |                                                         gem5::enums::RV64
In file included from src/arch/riscv/regs/misc.hh:60,
                 from src/cpu/base.cc:53:
build/RISCV/enums/RiscvType.hh:16:9: note: ‘gem5::enums::RV64’ declared here
   16 |         RV64 = 1,
      |         ^~~~
In file included from src/cpu/base.cc:53:
src/arch/riscv/regs/misc.hh:1751:63: error: ‘RV32’ was not declared in this scope; did you mean ‘gem5::enums::RV32’?
 1751 |     {CSR_UIMM47, {"uimm47", MISCREG_UIMM47, rvTypeFlags(RV64, RV32), isaExtsFlags()}},
      |                                                               ^~~~
      |                                                               gem5::enums::RV32
In file included from src/arch/riscv/regs/misc.hh:60,
                 from src/cpu/base.cc:53:
build/RISCV/enums/RiscvType.hh:15:9: note: ‘gem5::enums::RV32’ declared here
   15 |         RV32 = 0,
      |         ^~~~
In file included from src/cpu/base.cc:53:
src/arch/riscv/regs/misc.hh:1752:57: error: ‘RV64’ was not declared in this scope; did you mean ‘gem5::enums::RV64’?
 1752 |     {CSR_UIMM48, {"uimm48", MISCREG_UIMM48, rvTypeFlags(RV64, RV32), isaExtsFlags()}},
      |                                                         ^~~~
      |                                                         gem5::enums::RV64
In file included from src/arch/riscv/regs/misc.hh:60,
                 from src/cpu/base.cc:53:
build/RISCV/enums/RiscvType.hh:16:9: note: ‘gem5::enums::RV64’ declared here
   16 |         RV64 = 1,
      |         ^~~~
In file included from src/cpu/base.cc:53:
src/arch/riscv/regs/misc.hh:1752:63: error: ‘RV32’ was not declared in this scope; did you mean ‘gem5::enums::RV32’?
 1752 |     {CSR_UIMM48, {"uimm48", MISCREG_UIMM48, rvTypeFlags(RV64, RV32), isaExtsFlags()}},
      |                                                               ^~~~
      |                                                               gem5::enums::RV32
In file included from src/arch/riscv/regs/misc.hh:60,
                 from src/cpu/base.cc:53:
build/RISCV/enums/RiscvType.hh:15:9: note: ‘gem5::enums::RV32’ declared here
   15 |         RV32 = 0,
      |         ^~~~
In file included from src/cpu/base.cc:53:
src/arch/riscv/regs/misc.hh:1753:57: error: ‘RV64’ was not declared in this scope; did you mean ‘gem5::enums::RV64’?
 1753 |     {CSR_UIMM49, {"uimm49", MISCREG_UIMM49, rvTypeFlags(RV64, RV32), isaExtsFlags()}},
      |                                                         ^~~~
      |                                                         gem5::enums::RV64
In file included from src/arch/riscv/regs/misc.hh:60,
                 from src/cpu/base.cc:53:
build/RISCV/enums/RiscvType.hh:16:9: note: ‘gem5::enums::RV64’ declared here
   16 |         RV64 = 1,
      |         ^~~~
In file included from src/cpu/base.cc:53:
src/arch/riscv/regs/misc.hh:1753:63: error: ‘RV32’ was not declared in this scope; did you mean ‘gem5::enums::RV32’?
 1753 |     {CSR_UIMM49, {"uimm49", MISCREG_UIMM49, rvTypeFlags(RV64, RV32), isaExtsFlags()}},
      |                                                               ^~~~
      |                                                               gem5::enums::RV32
In file included from src/arch/riscv/regs/misc.hh:60,
                 from src/cpu/base.cc:53:
build/RISCV/enums/RiscvType.hh:15:9: note: ‘gem5::enums::RV32’ declared here
   15 |         RV32 = 0,
      |         ^~~~
In file included from src/cpu/base.cc:53:
src/arch/riscv/regs/misc.hh:1754:57: error: ‘RV64’ was not declared in this scope; did you mean ‘gem5::enums::RV64’?
 1754 |     {CSR_UIMM50, {"uimm50", MISCREG_UIMM50, rvTypeFlags(RV64, RV32), isaExtsFlags()}},
      |                                                         ^~~~
      |                                                         gem5::enums::RV64
In file included from src/arch/riscv/regs/misc.hh:60,
                 from src/cpu/base.cc:53:
build/RISCV/enums/RiscvType.hh:16:9: note: ‘gem5::enums::RV64’ declared here
   16 |         RV64 = 1,
      |         ^~~~
In file included from src/cpu/base.cc:53:
src/arch/riscv/regs/misc.hh:1754:63: error: ‘RV32’ was not declared in this scope; did you mean ‘gem5::enums::RV32’?
 1754 |     {CSR_UIMM50, {"uimm50", MISCREG_UIMM50, rvTypeFlags(RV64, RV32), isaExtsFlags()}},
      |                                                               ^~~~
      |                                                               gem5::enums::RV32
In file included from src/arch/riscv/regs/misc.hh:60,
                 from src/cpu/base.cc:53:
build/RISCV/enums/RiscvType.hh:15:9: note: ‘gem5::enums::RV32’ declared here
   15 |         RV32 = 0,
      |         ^~~~
In file included from src/cpu/base.cc:53:
src/arch/riscv/regs/misc.hh:1755:57: error: ‘RV64’ was not declared in this scope; did you mean ‘gem5::enums::RV64’?
 1755 |     {CSR_UIMM51, {"uimm51", MISCREG_UIMM51, rvTypeFlags(RV64, RV32), isaExtsFlags()}},
      |                                                         ^~~~
      |                                                         gem5::enums::RV64
In file included from src/arch/riscv/regs/misc.hh:60,
                 from src/cpu/base.cc:53:
build/RISCV/enums/RiscvType.hh:16:9: note: ‘gem5::enums::RV64’ declared here
   16 |         RV64 = 1,
      |         ^~~~
In file included from src/cpu/base.cc:53:
src/arch/riscv/regs/misc.hh:1755:63: error: ‘RV32’ was not declared in this scope; did you mean ‘gem5::enums::RV32’?
 1755 |     {CSR_UIMM51, {"uimm51", MISCREG_UIMM51, rvTypeFlags(RV64, RV32), isaExtsFlags()}},
      |                                                               ^~~~
      |                                                               gem5::enums::RV32
In file included from src/arch/riscv/regs/misc.hh:60,
                 from src/cpu/base.cc:53:
build/RISCV/enums/RiscvType.hh:15:9: note: ‘gem5::enums::RV32’ declared here
   15 |         RV32 = 0,
      |         ^~~~
In file included from src/cpu/base.cc:53:
src/arch/riscv/regs/misc.hh:1756:57: error: ‘RV64’ was not declared in this scope; did you mean ‘gem5::enums::RV64’?
 1756 |     {CSR_UIMM52, {"uimm52", MISCREG_UIMM52, rvTypeFlags(RV64, RV32), isaExtsFlags()}},
      |                                                         ^~~~
      |                                                         gem5::enums::RV64
In file included from src/arch/riscv/regs/misc.hh:60,
                 from src/cpu/base.cc:53:
build/RISCV/enums/RiscvType.hh:16:9: note: ‘gem5::enums::RV64’ declared here
   16 |         RV64 = 1,
      |         ^~~~
In file included from src/cpu/base.cc:53:
src/arch/riscv/regs/misc.hh:1756:63: error: ‘RV32’ was not declared in this scope; did you mean ‘gem5::enums::RV32’?
 1756 |     {CSR_UIMM52, {"uimm52", MISCREG_UIMM52, rvTypeFlags(RV64, RV32), isaExtsFlags()}},
      |                                                               ^~~~
      |                                                               gem5::enums::RV32
In file included from src/arch/riscv/regs/misc.hh:60,
                 from src/cpu/base.cc:53:
build/RISCV/enums/RiscvType.hh:15:9: note: ‘gem5::enums::RV32’ declared here
   15 |         RV32 = 0,
      |         ^~~~
In file included from src/cpu/base.cc:53:
src/arch/riscv/regs/misc.hh:1757:57: error: ‘RV64’ was not declared in this scope; did you mean ‘gem5::enums::RV64’?
 1757 |     {CSR_UIMM53, {"uimm53", MISCREG_UIMM53, rvTypeFlags(RV64, RV32), isaExtsFlags()}},
      |                                                         ^~~~
      |                                                         gem5::enums::RV64
In file included from src/arch/riscv/regs/misc.hh:60,
                 from src/cpu/base.cc:53:
build/RISCV/enums/RiscvType.hh:16:9: note: ‘gem5::enums::RV64’ declared here
   16 |         RV64 = 1,
      |         ^~~~
In file included from src/cpu/base.cc:53:
src/arch/riscv/regs/misc.hh:1757:63: error: ‘RV32’ was not declared in this scope; did you mean ‘gem5::enums::RV32’?
 1757 |     {CSR_UIMM53, {"uimm53", MISCREG_UIMM53, rvTypeFlags(RV64, RV32), isaExtsFlags()}},
      |                                                               ^~~~
      |                                                               gem5::enums::RV32
In file included from src/arch/riscv/regs/misc.hh:60,
                 from src/cpu/base.cc:53:
build/RISCV/enums/RiscvType.hh:15:9: note: ‘gem5::enums::RV32’ declared here
   15 |         RV32 = 0,
      |         ^~~~
In file included from src/cpu/base.cc:53:
src/arch/riscv/regs/misc.hh:1758:57: error: ‘RV64’ was not declared in this scope; did you mean ‘gem5::enums::RV64’?
 1758 |     {CSR_UIMM54, {"uimm54", MISCREG_UIMM54, rvTypeFlags(RV64, RV32), isaExtsFlags()}},
      |                                                         ^~~~
      |                                                         gem5::enums::RV64
In file included from src/arch/riscv/regs/misc.hh:60,
                 from src/cpu/base.cc:53:
build/RISCV/enums/RiscvType.hh:16:9: note: ‘gem5::enums::RV64’ declared here
   16 |         RV64 = 1,
      |         ^~~~
In file included from src/cpu/base.cc:53:
src/arch/riscv/regs/misc.hh:1758:63: error: ‘RV32’ was not declared in this scope; did you mean ‘gem5::enums::RV32’?
 1758 |     {CSR_UIMM54, {"uimm54", MISCREG_UIMM54, rvTypeFlags(RV64, RV32), isaExtsFlags()}},
      |                                                               ^~~~
      |                                                               gem5::enums::RV32
In file included from src/arch/riscv/regs/misc.hh:60,
                 from src/cpu/base.cc:53:
build/RISCV/enums/RiscvType.hh:15:9: note: ‘gem5::enums::RV32’ declared here
   15 |         RV32 = 0,
      |         ^~~~
In file included from src/cpu/base.cc:53:
src/arch/riscv/regs/misc.hh:1759:57: error: ‘RV64’ was not declared in this scope; did you mean ‘gem5::enums::RV64’?
 1759 |     {CSR_UIMM55, {"uimm55", MISCREG_UIMM55, rvTypeFlags(RV64, RV32), isaExtsFlags()}},
      |                                                         ^~~~
      |                                                         gem5::enums::RV64
In file included from src/arch/riscv/regs/misc.hh:60,
                 from src/cpu/base.cc:53:
build/RISCV/enums/RiscvType.hh:16:9: note: ‘gem5::enums::RV64’ declared here
   16 |         RV64 = 1,
      |         ^~~~
In file included from src/cpu/base.cc:53:
src/arch/riscv/regs/misc.hh:1759:63: error: ‘RV32’ was not declared in this scope; did you mean ‘gem5::enums::RV32’?
 1759 |     {CSR_UIMM55, {"uimm55", MISCREG_UIMM55, rvTypeFlags(RV64, RV32), isaExtsFlags()}},
      |                                                               ^~~~
      |                                                               gem5::enums::RV32
In file included from src/arch/riscv/regs/misc.hh:60,
                 from src/cpu/base.cc:53:
build/RISCV/enums/RiscvType.hh:15:9: note: ‘gem5::enums::RV32’ declared here
   15 |         RV32 = 0,
      |         ^~~~
In file included from src/cpu/base.cc:53:
src/arch/riscv/regs/misc.hh:1760:57: error: ‘RV64’ was not declared in this scope; did you mean ‘gem5::enums::RV64’?
 1760 |     {CSR_UIMM56, {"uimm56", MISCREG_UIMM56, rvTypeFlags(RV64, RV32), isaExtsFlags()}},
      |                                                         ^~~~
      |                                                         gem5::enums::RV64
In file included from src/arch/riscv/regs/misc.hh:60,
                 from src/cpu/base.cc:53:
build/RISCV/enums/RiscvType.hh:16:9: note: ‘gem5::enums::RV64’ declared here
   16 |         RV64 = 1,
      |         ^~~~
In file included from src/cpu/base.cc:53:
src/arch/riscv/regs/misc.hh:1760:63: error: ‘RV32’ was not declared in this scope; did you mean ‘gem5::enums::RV32’?
 1760 |     {CSR_UIMM56, {"uimm56", MISCREG_UIMM56, rvTypeFlags(RV64, RV32), isaExtsFlags()}},
      |                                                               ^~~~
      |                                                               gem5::enums::RV32
In file included from src/arch/riscv/regs/misc.hh:60,
                 from src/cpu/base.cc:53:
build/RISCV/enums/RiscvType.hh:15:9: note: ‘gem5::enums::RV32’ declared here
   15 |         RV32 = 0,
      |         ^~~~
In file included from src/cpu/base.cc:53:
src/arch/riscv/regs/misc.hh:1761:57: error: ‘RV64’ was not declared in this scope; did you mean ‘gem5::enums::RV64’?
 1761 |     {CSR_UIMM57, {"uimm57", MISCREG_UIMM57, rvTypeFlags(RV64, RV32), isaExtsFlags()}},
      |                                                         ^~~~
      |                                                         gem5::enums::RV64
In file included from src/arch/riscv/regs/misc.hh:60,
                 from src/cpu/base.cc:53:
build/RISCV/enums/RiscvType.hh:16:9: note: ‘gem5::enums::RV64’ declared here
   16 |         RV64 = 1,
      |         ^~~~
In file included from src/cpu/base.cc:53:
src/arch/riscv/regs/misc.hh:1761:63: error: ‘RV32’ was not declared in this scope; did you mean ‘gem5::enums::RV32’?
 1761 |     {CSR_UIMM57, {"uimm57", MISCREG_UIMM57, rvTypeFlags(RV64, RV32), isaExtsFlags()}},
      |                                                               ^~~~
      |                                                               gem5::enums::RV32
In file included from src/arch/riscv/regs/misc.hh:60,
                 from src/cpu/base.cc:53:
build/RISCV/enums/RiscvType.hh:15:9: note: ‘gem5::enums::RV32’ declared here
   15 |         RV32 = 0,
      |         ^~~~
In file included from src/cpu/base.cc:53:
src/arch/riscv/regs/misc.hh:1762:57: error: ‘RV64’ was not declared in this scope; did you mean ‘gem5::enums::RV64’?
 1762 |     {CSR_UIMM58, {"uimm58", MISCREG_UIMM58, rvTypeFlags(RV64, RV32), isaExtsFlags()}},
      |                                                         ^~~~
      |                                                         gem5::enums::RV64
In file included from src/arch/riscv/regs/misc.hh:60,
                 from src/cpu/base.cc:53:
build/RISCV/enums/RiscvType.hh:16:9: note: ‘gem5::enums::RV64’ declared here
   16 |         RV64 = 1,
      |         ^~~~
In file included from src/cpu/base.cc:53:
src/arch/riscv/regs/misc.hh:1762:63: error: ‘RV32’ was not declared in this scope; did you mean ‘gem5::enums::RV32’?
 1762 |     {CSR_UIMM58, {"uimm58", MISCREG_UIMM58, rvTypeFlags(RV64, RV32), isaExtsFlags()}},
      |                                                               ^~~~
      |                                                               gem5::enums::RV32
In file included from src/arch/riscv/regs/misc.hh:60,
                 from src/cpu/base.cc:53:
build/RISCV/enums/RiscvType.hh:15:9: note: ‘gem5::enums::RV32’ declared here
   15 |         RV32 = 0,
      |         ^~~~
In file included from src/cpu/base.cc:53:
src/arch/riscv/regs/misc.hh:1763:57: error: ‘RV64’ was not declared in this scope; did you mean ‘gem5::enums::RV64’?
 1763 |     {CSR_UIMM59, {"uimm59", MISCREG_UIMM59, rvTypeFlags(RV64, RV32), isaExtsFlags()}},
      |                                                         ^~~~
      |                                                         gem5::enums::RV64
In file included from src/arch/riscv/regs/misc.hh:60,
                 from src/cpu/base.cc:53:
build/RISCV/enums/RiscvType.hh:16:9: note: ‘gem5::enums::RV64’ declared here
   16 |         RV64 = 1,
      |         ^~~~
In file included from src/cpu/base.cc:53:
src/arch/riscv/regs/misc.hh:1763:63: error: ‘RV32’ was not declared in this scope; did you mean ‘gem5::enums::RV32’?
 1763 |     {CSR_UIMM59, {"uimm59", MISCREG_UIMM59, rvTypeFlags(RV64, RV32), isaExtsFlags()}},
      |                                                               ^~~~
      |                                                               gem5::enums::RV32
In file included from src/arch/riscv/regs/misc.hh:60,
                 from src/cpu/base.cc:53:
build/RISCV/enums/RiscvType.hh:15:9: note: ‘gem5::enums::RV32’ declared here
   15 |         RV32 = 0,
      |         ^~~~
In file included from src/cpu/base.cc:53:
src/arch/riscv/regs/misc.hh:1764:57: error: ‘RV64’ was not declared in this scope; did you mean ‘gem5::enums::RV64’?
 1764 |     {CSR_UIMM60, {"uimm60", MISCREG_UIMM60, rvTypeFlags(RV64, RV32), isaExtsFlags()}},
      |                                                         ^~~~
      |                                                         gem5::enums::RV64
In file included from src/arch/riscv/regs/misc.hh:60,
                 from src/cpu/base.cc:53:
build/RISCV/enums/RiscvType.hh:16:9: note: ‘gem5::enums::RV64’ declared here
   16 |         RV64 = 1,
      |         ^~~~
In file included from src/cpu/base.cc:53:
src/arch/riscv/regs/misc.hh:1764:63: error: ‘RV32’ was not declared in this scope; did you mean ‘gem5::enums::RV32’?
 1764 |     {CSR_UIMM60, {"uimm60", MISCREG_UIMM60, rvTypeFlags(RV64, RV32), isaExtsFlags()}},
      |                                                               ^~~~
      |                                                               gem5::enums::RV32
In file included from src/arch/riscv/regs/misc.hh:60,
                 from src/cpu/base.cc:53:
build/RISCV/enums/RiscvType.hh:15:9: note: ‘gem5::enums::RV32’ declared here
   15 |         RV32 = 0,
      |         ^~~~
In file included from src/cpu/base.cc:53:
src/arch/riscv/regs/misc.hh:1765:57: error: ‘RV64’ was not declared in this scope; did you mean ‘gem5::enums::RV64’?
 1765 |     {CSR_UIMM61, {"uimm61", MISCREG_UIMM61, rvTypeFlags(RV64, RV32), isaExtsFlags()}},
      |                                                         ^~~~
      |                                                         gem5::enums::RV64
In file included from src/arch/riscv/regs/misc.hh:60,
                 from src/cpu/base.cc:53:
build/RISCV/enums/RiscvType.hh:16:9: note: ‘gem5::enums::RV64’ declared here
   16 |         RV64 = 1,
      |         ^~~~
In file included from src/cpu/base.cc:53:
src/arch/riscv/regs/misc.hh:1765:63: error: ‘RV32’ was not declared in this scope; did you mean ‘gem5::enums::RV32’?
 1765 |     {CSR_UIMM61, {"uimm61", MISCREG_UIMM61, rvTypeFlags(RV64, RV32), isaExtsFlags()}},
      |                                                               ^~~~
      |                                                               gem5::enums::RV32
In file included from src/arch/riscv/regs/misc.hh:60,
                 from src/cpu/base.cc:53:
build/RISCV/enums/RiscvType.hh:15:9: note: ‘gem5::enums::RV32’ declared here
   15 |         RV32 = 0,
      |         ^~~~
In file included from src/cpu/base.cc:53:
src/arch/riscv/regs/misc.hh:1766:57: error: ‘RV64’ was not declared in this scope; did you mean ‘gem5::enums::RV64’?
 1766 |     {CSR_UIMM62, {"uimm62", MISCREG_UIMM62, rvTypeFlags(RV64, RV32), isaExtsFlags()}},
      |                                                         ^~~~
      |                                                         gem5::enums::RV64
In file included from src/arch/riscv/regs/misc.hh:60,
                 from src/cpu/base.cc:53:
build/RISCV/enums/RiscvType.hh:16:9: note: ‘gem5::enums::RV64’ declared here
   16 |         RV64 = 1,
      |         ^~~~
In file included from src/cpu/base.cc:53:
src/arch/riscv/regs/misc.hh:1766:63: error: ‘RV32’ was not declared in this scope; did you mean ‘gem5::enums::RV32’?
 1766 |     {CSR_UIMM62, {"uimm62", MISCREG_UIMM62, rvTypeFlags(RV64, RV32), isaExtsFlags()}},
      |                                                               ^~~~
      |                                                               gem5::enums::RV32
In file included from src/arch/riscv/regs/misc.hh:60,
                 from src/cpu/base.cc:53:
build/RISCV/enums/RiscvType.hh:15:9: note: ‘gem5::enums::RV32’ declared here
   15 |         RV32 = 0,
      |         ^~~~
In file included from src/cpu/base.cc:53:
src/arch/riscv/regs/misc.hh:1767:57: error: ‘RV64’ was not declared in this scope; did you mean ‘gem5::enums::RV64’?
 1767 |     {CSR_UIMM63, {"uimm63", MISCREG_UIMM63, rvTypeFlags(RV64, RV32), isaExtsFlags()}},
      |                                                         ^~~~
      |                                                         gem5::enums::RV64
In file included from src/arch/riscv/regs/misc.hh:60,
                 from src/cpu/base.cc:53:
build/RISCV/enums/RiscvType.hh:16:9: note: ‘gem5::enums::RV64’ declared here
   16 |         RV64 = 1,
      |         ^~~~
In file included from src/cpu/base.cc:53:
src/arch/riscv/regs/misc.hh:1767:63: error: ‘RV32’ was not declared in this scope; did you mean ‘gem5::enums::RV32’?
 1767 |     {CSR_UIMM63, {"uimm63", MISCREG_UIMM63, rvTypeFlags(RV64, RV32), isaExtsFlags()}},
      |                                                               ^~~~
      |                                                               gem5::enums::RV32
In file included from src/arch/riscv/regs/misc.hh:60,
                 from src/cpu/base.cc:53:
build/RISCV/enums/RiscvType.hh:15:9: note: ‘gem5::enums::RV32’ declared here
   15 |         RV32 = 0,
      |         ^~~~
In file included from src/cpu/base.cc:53:
src/arch/riscv/regs/misc.hh:1768:57: error: ‘RV64’ was not declared in this scope; did you mean ‘gem5::enums::RV64’?
 1768 |     {CSR_UIMM64, {"uimm64", MISCREG_UIMM64, rvTypeFlags(RV64, RV32), isaExtsFlags()}},
      |                                                         ^~~~
      |                                                         gem5::enums::RV64
In file included from src/arch/riscv/regs/misc.hh:60,
                 from src/cpu/base.cc:53:
build/RISCV/enums/RiscvType.hh:16:9: note: ‘gem5::enums::RV64’ declared here
   16 |         RV64 = 1,
      |         ^~~~
In file included from src/cpu/base.cc:53:
src/arch/riscv/regs/misc.hh:1768:63: error: ‘RV32’ was not declared in this scope; did you mean ‘gem5::enums::RV32’?
 1768 |     {CSR_UIMM64, {"uimm64", MISCREG_UIMM64, rvTypeFlags(RV64, RV32), isaExtsFlags()}},
      |                                                               ^~~~
      |                                                               gem5::enums::RV32
In file included from src/arch/riscv/regs/misc.hh:60,
                 from src/cpu/base.cc:53:
build/RISCV/enums/RiscvType.hh:15:9: note: ‘gem5::enums::RV32’ declared here
   15 |         RV32 = 0,
      |         ^~~~
In file included from src/cpu/base.cc:53:
src/arch/riscv/regs/misc.hh:1769:57: error: ‘RV64’ was not declared in this scope; did you mean ‘gem5::enums::RV64’?
 1769 |     {CSR_UIMM65, {"uimm65", MISCREG_UIMM65, rvTypeFlags(RV64, RV32), isaExtsFlags()}},
      |                                                         ^~~~
      |                                                         gem5::enums::RV64
In file included from src/arch/riscv/regs/misc.hh:60,
                 from src/cpu/base.cc:53:
build/RISCV/enums/RiscvType.hh:16:9: note: ‘gem5::enums::RV64’ declared here
   16 |         RV64 = 1,
      |         ^~~~
In file included from src/cpu/base.cc:53:
src/arch/riscv/regs/misc.hh:1769:63: error: ‘RV32’ was not declared in this scope; did you mean ‘gem5::enums::RV32’?
 1769 |     {CSR_UIMM65, {"uimm65", MISCREG_UIMM65, rvTypeFlags(RV64, RV32), isaExtsFlags()}},
      |                                                               ^~~~
      |                                                               gem5::enums::RV32
In file included from src/arch/riscv/regs/misc.hh:60,
                 from src/cpu/base.cc:53:
build/RISCV/enums/RiscvType.hh:15:9: note: ‘gem5::enums::RV32’ declared here
   15 |         RV32 = 0,
      |         ^~~~
In file included from src/cpu/base.cc:53:
src/arch/riscv/regs/misc.hh:1770:57: error: ‘RV64’ was not declared in this scope; did you mean ‘gem5::enums::RV64’?
 1770 |     {CSR_UIMM66, {"uimm66", MISCREG_UIMM66, rvTypeFlags(RV64, RV32), isaExtsFlags()}},
      |                                                         ^~~~
      |                                                         gem5::enums::RV64
In file included from src/arch/riscv/regs/misc.hh:60,
                 from src/cpu/base.cc:53:
build/RISCV/enums/RiscvType.hh:16:9: note: ‘gem5::enums::RV64’ declared here
   16 |         RV64 = 1,
      |         ^~~~
In file included from src/cpu/base.cc:53:
src/arch/riscv/regs/misc.hh:1770:63: error: ‘RV32’ was not declared in this scope; did you mean ‘gem5::enums::RV32’?
 1770 |     {CSR_UIMM66, {"uimm66", MISCREG_UIMM66, rvTypeFlags(RV64, RV32), isaExtsFlags()}},
      |                                                               ^~~~
      |                                                               gem5::enums::RV32
In file included from src/arch/riscv/regs/misc.hh:60,
                 from src/cpu/base.cc:53:
build/RISCV/enums/RiscvType.hh:15:9: note: ‘gem5::enums::RV32’ declared here
   15 |         RV32 = 0,
      |         ^~~~
In file included from src/cpu/base.cc:53:
src/arch/riscv/regs/misc.hh:1771:57: error: ‘RV64’ was not declared in this scope; did you mean ‘gem5::enums::RV64’?
 1771 |     {CSR_UIMM67, {"uimm67", MISCREG_UIMM67, rvTypeFlags(RV64, RV32), isaExtsFlags()}},
      |                                                         ^~~~
      |                                                         gem5::enums::RV64
In file included from src/arch/riscv/regs/misc.hh:60,
                 from src/cpu/base.cc:53:
build/RISCV/enums/RiscvType.hh:16:9: note: ‘gem5::enums::RV64’ declared here
   16 |         RV64 = 1,
      |         ^~~~
In file included from src/cpu/base.cc:53:
src/arch/riscv/regs/misc.hh:1771:63: error: ‘RV32’ was not declared in this scope; did you mean ‘gem5::enums::RV32’?
 1771 |     {CSR_UIMM67, {"uimm67", MISCREG_UIMM67, rvTypeFlags(RV64, RV32), isaExtsFlags()}},
      |                                                               ^~~~
      |                                                               gem5::enums::RV32
In file included from src/arch/riscv/regs/misc.hh:60,
                 from src/cpu/base.cc:53:
build/RISCV/enums/RiscvType.hh:15:9: note: ‘gem5::enums::RV32’ declared here
   15 |         RV32 = 0,
      |         ^~~~
In file included from src/cpu/base.cc:53:
src/arch/riscv/regs/misc.hh:1772:57: error: ‘RV64’ was not declared in this scope; did you mean ‘gem5::enums::RV64’?
 1772 |     {CSR_UIMM68, {"uimm68", MISCREG_UIMM68, rvTypeFlags(RV64, RV32), isaExtsFlags()}},
      |                                                         ^~~~
      |                                                         gem5::enums::RV64
In file included from src/arch/riscv/regs/misc.hh:60,
                 from src/cpu/base.cc:53:
build/RISCV/enums/RiscvType.hh:16:9: note: ‘gem5::enums::RV64’ declared here
   16 |         RV64 = 1,
      |         ^~~~
In file included from src/cpu/base.cc:53:
src/arch/riscv/regs/misc.hh:1772:63: error: ‘RV32’ was not declared in this scope; did you mean ‘gem5::enums::RV32’?
 1772 |     {CSR_UIMM68, {"uimm68", MISCREG_UIMM68, rvTypeFlags(RV64, RV32), isaExtsFlags()}},
      |                                                               ^~~~
      |                                                               gem5::enums::RV32
In file included from src/arch/riscv/regs/misc.hh:60,
                 from src/cpu/base.cc:53:
build/RISCV/enums/RiscvType.hh:15:9: note: ‘gem5::enums::RV32’ declared here
   15 |         RV32 = 0,
      |         ^~~~
In file included from src/cpu/base.cc:53:
src/arch/riscv/regs/misc.hh:1773:57: error: ‘RV64’ was not declared in this scope; did you mean ‘gem5::enums::RV64’?
 1773 |     {CSR_UIMM69, {"uimm69", MISCREG_UIMM69, rvTypeFlags(RV64, RV32), isaExtsFlags()}},
      |                                                         ^~~~
      |                                                         gem5::enums::RV64
In file included from src/arch/riscv/regs/misc.hh:60,
                 from src/cpu/base.cc:53:
build/RISCV/enums/RiscvType.hh:16:9: note: ‘gem5::enums::RV64’ declared here
   16 |         RV64 = 1,
      |         ^~~~
In file included from src/cpu/base.cc:53:
src/arch/riscv/regs/misc.hh:1773:63: error: ‘RV32’ was not declared in this scope; did you mean ‘gem5::enums::RV32’?
 1773 |     {CSR_UIMM69, {"uimm69", MISCREG_UIMM69, rvTypeFlags(RV64, RV32), isaExtsFlags()}},
      |                                                               ^~~~
      |                                                               gem5::enums::RV32
In file included from src/arch/riscv/regs/misc.hh:60,
                 from src/cpu/base.cc:53:
build/RISCV/enums/RiscvType.hh:15:9: note: ‘gem5::enums::RV32’ declared here
   15 |         RV32 = 0,
      |         ^~~~
In file included from src/cpu/base.cc:53:
src/arch/riscv/regs/misc.hh:1774:57: error: ‘RV64’ was not declared in this scope; did you mean ‘gem5::enums::RV64’?
 1774 |     {CSR_UIMM70, {"uimm70", MISCREG_UIMM70, rvTypeFlags(RV64, RV32), isaExtsFlags()}},
      |                                                         ^~~~
      |                                                         gem5::enums::RV64
In file included from src/arch/riscv/regs/misc.hh:60,
                 from src/cpu/base.cc:53:
build/RISCV/enums/RiscvType.hh:16:9: note: ‘gem5::enums::RV64’ declared here
   16 |         RV64 = 1,
      |         ^~~~
In file included from src/cpu/base.cc:53:
src/arch/riscv/regs/misc.hh:1774:63: error: ‘RV32’ was not declared in this scope; did you mean ‘gem5::enums::RV32’?
 1774 |     {CSR_UIMM70, {"uimm70", MISCREG_UIMM70, rvTypeFlags(RV64, RV32), isaExtsFlags()}},
      |                                                               ^~~~
      |                                                               gem5::enums::RV32
In file included from src/arch/riscv/regs/misc.hh:60,
                 from src/cpu/base.cc:53:
build/RISCV/enums/RiscvType.hh:15:9: note: ‘gem5::enums::RV32’ declared here
   15 |         RV32 = 0,
      |         ^~~~
In file included from src/cpu/base.cc:53:
src/arch/riscv/regs/misc.hh:1775:57: error: ‘RV64’ was not declared in this scope; did you mean ‘gem5::enums::RV64’?
 1775 |     {CSR_UIMM71, {"uimm71", MISCREG_UIMM71, rvTypeFlags(RV64, RV32), isaExtsFlags()}},
      |                                                         ^~~~
      |                                                         gem5::enums::RV64
In file included from src/arch/riscv/regs/misc.hh:60,
                 from src/cpu/base.cc:53:
build/RISCV/enums/RiscvType.hh:16:9: note: ‘gem5::enums::RV64’ declared here
   16 |         RV64 = 1,
      |         ^~~~
In file included from src/cpu/base.cc:53:
src/arch/riscv/regs/misc.hh:1775:63: error: ‘RV32’ was not declared in this scope; did you mean ‘gem5::enums::RV32’?
 1775 |     {CSR_UIMM71, {"uimm71", MISCREG_UIMM71, rvTypeFlags(RV64, RV32), isaExtsFlags()}},
      |                                                               ^~~~
      |                                                               gem5::enums::RV32
In file included from src/arch/riscv/regs/misc.hh:60,
                 from src/cpu/base.cc:53:
build/RISCV/enums/RiscvType.hh:15:9: note: ‘gem5::enums::RV32’ declared here
   15 |         RV32 = 0,
      |         ^~~~
In file included from src/cpu/base.cc:53:
src/arch/riscv/regs/misc.hh:1776:57: error: ‘RV64’ was not declared in this scope; did you mean ‘gem5::enums::RV64’?
 1776 |     {CSR_UIMM72, {"uimm72", MISCREG_UIMM72, rvTypeFlags(RV64, RV32), isaExtsFlags()}},
      |                                                         ^~~~
      |                                                         gem5::enums::RV64
In file included from src/arch/riscv/regs/misc.hh:60,
                 from src/cpu/base.cc:53:
build/RISCV/enums/RiscvType.hh:16:9: note: ‘gem5::enums::RV64’ declared here
   16 |         RV64 = 1,
      |         ^~~~
In file included from src/cpu/base.cc:53:
src/arch/riscv/regs/misc.hh:1776:63: error: ‘RV32’ was not declared in this scope; did you mean ‘gem5::enums::RV32’?
 1776 |     {CSR_UIMM72, {"uimm72", MISCREG_UIMM72, rvTypeFlags(RV64, RV32), isaExtsFlags()}},
      |                                                               ^~~~
      |                                                               gem5::enums::RV32
In file included from src/arch/riscv/regs/misc.hh:60,
                 from src/cpu/base.cc:53:
build/RISCV/enums/RiscvType.hh:15:9: note: ‘gem5::enums::RV32’ declared here
   15 |         RV32 = 0,
      |         ^~~~
In file included from src/cpu/base.cc:53:
src/arch/riscv/regs/misc.hh:1777:57: error: ‘RV64’ was not declared in this scope; did you mean ‘gem5::enums::RV64’?
 1777 |     {CSR_UIMM73, {"uimm73", MISCREG_UIMM73, rvTypeFlags(RV64, RV32), isaExtsFlags()}},
      |                                                         ^~~~
      |                                                         gem5::enums::RV64
In file included from src/arch/riscv/regs/misc.hh:60,
                 from src/cpu/base.cc:53:
build/RISCV/enums/RiscvType.hh:16:9: note: ‘gem5::enums::RV64’ declared here
   16 |         RV64 = 1,
      |         ^~~~
In file included from src/cpu/base.cc:53:
src/arch/riscv/regs/misc.hh:1777:63: error: ‘RV32’ was not declared in this scope; did you mean ‘gem5::enums::RV32’?
 1777 |     {CSR_UIMM73, {"uimm73", MISCREG_UIMM73, rvTypeFlags(RV64, RV32), isaExtsFlags()}},
      |                                                               ^~~~
      |                                                               gem5::enums::RV32
In file included from src/arch/riscv/regs/misc.hh:60,
                 from src/cpu/base.cc:53:
build/RISCV/enums/RiscvType.hh:15:9: note: ‘gem5::enums::RV32’ declared here
   15 |         RV32 = 0,
      |         ^~~~
In file included from src/cpu/base.cc:53:
src/arch/riscv/regs/misc.hh:1778:57: error: ‘RV64’ was not declared in this scope; did you mean ‘gem5::enums::RV64’?
 1778 |     {CSR_UIMM74, {"uimm74", MISCREG_UIMM74, rvTypeFlags(RV64, RV32), isaExtsFlags()}},
      |                                                         ^~~~
      |                                                         gem5::enums::RV64
In file included from src/arch/riscv/regs/misc.hh:60,
                 from src/cpu/base.cc:53:
build/RISCV/enums/RiscvType.hh:16:9: note: ‘gem5::enums::RV64’ declared here
   16 |         RV64 = 1,
      |         ^~~~
In file included from src/cpu/base.cc:53:
src/arch/riscv/regs/misc.hh:1778:63: error: ‘RV32’ was not declared in this scope; did you mean ‘gem5::enums::RV32’?
 1778 |     {CSR_UIMM74, {"uimm74", MISCREG_UIMM74, rvTypeFlags(RV64, RV32), isaExtsFlags()}},
      |                                                               ^~~~
      |                                                               gem5::enums::RV32
In file included from src/arch/riscv/regs/misc.hh:60,
                 from src/cpu/base.cc:53:
build/RISCV/enums/RiscvType.hh:15:9: note: ‘gem5::enums::RV32’ declared here
   15 |         RV32 = 0,
      |         ^~~~
In file included from src/cpu/base.cc:53:
src/arch/riscv/regs/misc.hh:1779:57: error: ‘RV64’ was not declared in this scope; did you mean ‘gem5::enums::RV64’?
 1779 |     {CSR_UIMM75, {"uimm75", MISCREG_UIMM75, rvTypeFlags(RV64, RV32), isaExtsFlags()}},
      |                                                         ^~~~
      |                                                         gem5::enums::RV64
In file included from src/arch/riscv/regs/misc.hh:60,
                 from src/cpu/base.cc:53:
build/RISCV/enums/RiscvType.hh:16:9: note: ‘gem5::enums::RV64’ declared here
   16 |         RV64 = 1,
      |         ^~~~
In file included from src/cpu/base.cc:53:
src/arch/riscv/regs/misc.hh:1779:63: error: ‘RV32’ was not declared in this scope; did you mean ‘gem5::enums::RV32’?
 1779 |     {CSR_UIMM75, {"uimm75", MISCREG_UIMM75, rvTypeFlags(RV64, RV32), isaExtsFlags()}},
      |                                                               ^~~~
      |                                                               gem5::enums::RV32
In file included from src/arch/riscv/regs/misc.hh:60,
                 from src/cpu/base.cc:53:
build/RISCV/enums/RiscvType.hh:15:9: note: ‘gem5::enums::RV32’ declared here
   15 |         RV32 = 0,
      |         ^~~~
In file included from src/cpu/base.cc:53:
src/arch/riscv/regs/misc.hh:1780:57: error: ‘RV64’ was not declared in this scope; did you mean ‘gem5::enums::RV64’?
 1780 |     {CSR_UIMM76, {"uimm76", MISCREG_UIMM76, rvTypeFlags(RV64, RV32), isaExtsFlags()}},
      |                                                         ^~~~
      |                                                         gem5::enums::RV64
In file included from src/arch/riscv/regs/misc.hh:60,
                 from src/cpu/base.cc:53:
build/RISCV/enums/RiscvType.hh:16:9: note: ‘gem5::enums::RV64’ declared here
   16 |         RV64 = 1,
      |         ^~~~
In file included from src/cpu/base.cc:53:
src/arch/riscv/regs/misc.hh:1780:63: error: ‘RV32’ was not declared in this scope; did you mean ‘gem5::enums::RV32’?
 1780 |     {CSR_UIMM76, {"uimm76", MISCREG_UIMM76, rvTypeFlags(RV64, RV32), isaExtsFlags()}},
      |                                                               ^~~~
      |                                                               gem5::enums::RV32
In file included from src/arch/riscv/regs/misc.hh:60,
                 from src/cpu/base.cc:53:
build/RISCV/enums/RiscvType.hh:15:9: note: ‘gem5::enums::RV32’ declared here
   15 |         RV32 = 0,
      |         ^~~~
In file included from src/cpu/base.cc:53:
src/arch/riscv/regs/misc.hh:1781:57: error: ‘RV64’ was not declared in this scope; did you mean ‘gem5::enums::RV64’?
 1781 |     {CSR_UIMM77, {"uimm77", MISCREG_UIMM77, rvTypeFlags(RV64, RV32), isaExtsFlags()}},
      |                                                         ^~~~
      |                                                         gem5::enums::RV64
In file included from src/arch/riscv/regs/misc.hh:60,
                 from src/cpu/base.cc:53:
build/RISCV/enums/RiscvType.hh:16:9: note: ‘gem5::enums::RV64’ declared here
   16 |         RV64 = 1,
      |         ^~~~
In file included from src/cpu/base.cc:53:
src/arch/riscv/regs/misc.hh:1781:63: error: ‘RV32’ was not declared in this scope; did you mean ‘gem5::enums::RV32’?
 1781 |     {CSR_UIMM77, {"uimm77", MISCREG_UIMM77, rvTypeFlags(RV64, RV32), isaExtsFlags()}},
      |                                                               ^~~~
      |                                                               gem5::enums::RV32
In file included from src/arch/riscv/regs/misc.hh:60,
                 from src/cpu/base.cc:53:
build/RISCV/enums/RiscvType.hh:15:9: note: ‘gem5::enums::RV32’ declared here
   15 |         RV32 = 0,
      |         ^~~~
In file included from src/cpu/base.cc:53:
src/arch/riscv/regs/misc.hh:1782:57: error: ‘RV64’ was not declared in this scope; did you mean ‘gem5::enums::RV64’?
 1782 |     {CSR_UIMM78, {"uimm78", MISCREG_UIMM78, rvTypeFlags(RV64, RV32), isaExtsFlags()}},
      |                                                         ^~~~
      |                                                         gem5::enums::RV64
In file included from src/arch/riscv/regs/misc.hh:60,
                 from src/cpu/base.cc:53:
build/RISCV/enums/RiscvType.hh:16:9: note: ‘gem5::enums::RV64’ declared here
   16 |         RV64 = 1,
      |         ^~~~
In file included from src/cpu/base.cc:53:
src/arch/riscv/regs/misc.hh:1782:63: error: ‘RV32’ was not declared in this scope; did you mean ‘gem5::enums::RV32’?
 1782 |     {CSR_UIMM78, {"uimm78", MISCREG_UIMM78, rvTypeFlags(RV64, RV32), isaExtsFlags()}},
      |                                                               ^~~~
      |                                                               gem5::enums::RV32
In file included from src/arch/riscv/regs/misc.hh:60,
                 from src/cpu/base.cc:53:
build/RISCV/enums/RiscvType.hh:15:9: note: ‘gem5::enums::RV32’ declared here
   15 |         RV32 = 0,
      |         ^~~~
In file included from src/cpu/base.cc:53:
src/arch/riscv/regs/misc.hh:1783:57: error: ‘RV64’ was not declared in this scope; did you mean ‘gem5::enums::RV64’?
 1783 |     {CSR_UIMM79, {"uimm79", MISCREG_UIMM79, rvTypeFlags(RV64, RV32), isaExtsFlags()}},
      |                                                         ^~~~
      |                                                         gem5::enums::RV64
In file included from src/arch/riscv/regs/misc.hh:60,
                 from src/cpu/base.cc:53:
build/RISCV/enums/RiscvType.hh:16:9: note: ‘gem5::enums::RV64’ declared here
   16 |         RV64 = 1,
      |         ^~~~
In file included from src/cpu/base.cc:53:
src/arch/riscv/regs/misc.hh:1783:63: error: ‘RV32’ was not declared in this scope; did you mean ‘gem5::enums::RV32’?
 1783 |     {CSR_UIMM79, {"uimm79", MISCREG_UIMM79, rvTypeFlags(RV64, RV32), isaExtsFlags()}},
      |                                                               ^~~~
      |                                                               gem5::enums::RV32
In file included from src/arch/riscv/regs/misc.hh:60,
                 from src/cpu/base.cc:53:
build/RISCV/enums/RiscvType.hh:15:9: note: ‘gem5::enums::RV32’ declared here
   15 |         RV32 = 0,
      |         ^~~~
In file included from src/cpu/base.cc:53:
src/arch/riscv/regs/misc.hh:1784:57: error: ‘RV64’ was not declared in this scope; did you mean ‘gem5::enums::RV64’?
 1784 |     {CSR_UIMM80, {"uimm80", MISCREG_UIMM80, rvTypeFlags(RV64, RV32), isaExtsFlags()}},
      |                                                         ^~~~
      |                                                         gem5::enums::RV64
In file included from src/arch/riscv/regs/misc.hh:60,
                 from src/cpu/base.cc:53:
build/RISCV/enums/RiscvType.hh:16:9: note: ‘gem5::enums::RV64’ declared here
   16 |         RV64 = 1,
      |         ^~~~
In file included from src/cpu/base.cc:53:
src/arch/riscv/regs/misc.hh:1784:63: error: ‘RV32’ was not declared in this scope; did you mean ‘gem5::enums::RV32’?
 1784 |     {CSR_UIMM80, {"uimm80", MISCREG_UIMM80, rvTypeFlags(RV64, RV32), isaExtsFlags()}},
      |                                                               ^~~~
      |                                                               gem5::enums::RV32
In file included from src/arch/riscv/regs/misc.hh:60,
                 from src/cpu/base.cc:53:
build/RISCV/enums/RiscvType.hh:15:9: note: ‘gem5::enums::RV32’ declared here
   15 |         RV32 = 0,
      |         ^~~~
In file included from src/cpu/base.cc:53:
src/arch/riscv/regs/misc.hh:1785:57: error: ‘RV64’ was not declared in this scope; did you mean ‘gem5::enums::RV64’?
 1785 |     {CSR_UIMM81, {"uimm81", MISCREG_UIMM81, rvTypeFlags(RV64, RV32), isaExtsFlags()}},
      |                                                         ^~~~
      |                                                         gem5::enums::RV64
In file included from src/arch/riscv/regs/misc.hh:60,
                 from src/cpu/base.cc:53:
build/RISCV/enums/RiscvType.hh:16:9: note: ‘gem5::enums::RV64’ declared here
   16 |         RV64 = 1,
      |         ^~~~
In file included from src/cpu/base.cc:53:
src/arch/riscv/regs/misc.hh:1785:63: error: ‘RV32’ was not declared in this scope; did you mean ‘gem5::enums::RV32’?
 1785 |     {CSR_UIMM81, {"uimm81", MISCREG_UIMM81, rvTypeFlags(RV64, RV32), isaExtsFlags()}},
      |                                                               ^~~~
      |                                                               gem5::enums::RV32
In file included from src/arch/riscv/regs/misc.hh:60,
                 from src/cpu/base.cc:53:
build/RISCV/enums/RiscvType.hh:15:9: note: ‘gem5::enums::RV32’ declared here
   15 |         RV32 = 0,
      |         ^~~~
In file included from src/cpu/base.cc:53:
src/arch/riscv/regs/misc.hh:1786:57: error: ‘RV64’ was not declared in this scope; did you mean ‘gem5::enums::RV64’?
 1786 |     {CSR_UIMM82, {"uimm82", MISCREG_UIMM82, rvTypeFlags(RV64, RV32), isaExtsFlags()}},
      |                                                         ^~~~
      |                                                         gem5::enums::RV64
In file included from src/arch/riscv/regs/misc.hh:60,
                 from src/cpu/base.cc:53:
build/RISCV/enums/RiscvType.hh:16:9: note: ‘gem5::enums::RV64’ declared here
   16 |         RV64 = 1,
      |         ^~~~
In file included from src/cpu/base.cc:53:
src/arch/riscv/regs/misc.hh:1786:63: error: ‘RV32’ was not declared in this scope; did you mean ‘gem5::enums::RV32’?
 1786 |     {CSR_UIMM82, {"uimm82", MISCREG_UIMM82, rvTypeFlags(RV64, RV32), isaExtsFlags()}},
      |                                                               ^~~~
      |                                                               gem5::enums::RV32
In file included from src/arch/riscv/regs/misc.hh:60,
                 from src/cpu/base.cc:53:
build/RISCV/enums/RiscvType.hh:15:9: note: ‘gem5::enums::RV32’ declared here
   15 |         RV32 = 0,
      |         ^~~~
In file included from src/cpu/base.cc:53:
src/arch/riscv/regs/misc.hh:1787:57: error: ‘RV64’ was not declared in this scope; did you mean ‘gem5::enums::RV64’?
 1787 |     {CSR_UIMM83, {"uimm83", MISCREG_UIMM83, rvTypeFlags(RV64, RV32), isaExtsFlags()}},
      |                                                         ^~~~
      |                                                         gem5::enums::RV64
In file included from src/arch/riscv/regs/misc.hh:60,
                 from src/cpu/base.cc:53:
build/RISCV/enums/RiscvType.hh:16:9: note: ‘gem5::enums::RV64’ declared here
   16 |         RV64 = 1,
      |         ^~~~
In file included from src/cpu/base.cc:53:
src/arch/riscv/regs/misc.hh:1787:63: error: ‘RV32’ was not declared in this scope; did you mean ‘gem5::enums::RV32’?
 1787 |     {CSR_UIMM83, {"uimm83", MISCREG_UIMM83, rvTypeFlags(RV64, RV32), isaExtsFlags()}},
      |                                                               ^~~~
      |                                                               gem5::enums::RV32
In file included from src/arch/riscv/regs/misc.hh:60,
                 from src/cpu/base.cc:53:
build/RISCV/enums/RiscvType.hh:15:9: note: ‘gem5::enums::RV32’ declared here
   15 |         RV32 = 0,
      |         ^~~~
In file included from src/cpu/base.cc:53:
src/arch/riscv/regs/misc.hh:1788:57: error: ‘RV64’ was not declared in this scope; did you mean ‘gem5::enums::RV64’?
 1788 |     {CSR_UIMM84, {"uimm84", MISCREG_UIMM84, rvTypeFlags(RV64, RV32), isaExtsFlags()}},
      |                                                         ^~~~
      |                                                         gem5::enums::RV64
In file included from src/arch/riscv/regs/misc.hh:60,
                 from src/cpu/base.cc:53:
build/RISCV/enums/RiscvType.hh:16:9: note: ‘gem5::enums::RV64’ declared here
   16 |         RV64 = 1,
      |         ^~~~
In file included from src/cpu/base.cc:53:
src/arch/riscv/regs/misc.hh:1788:63: error: ‘RV32’ was not declared in this scope; did you mean ‘gem5::enums::RV32’?
 1788 |     {CSR_UIMM84, {"uimm84", MISCREG_UIMM84, rvTypeFlags(RV64, RV32), isaExtsFlags()}},
      |                                                               ^~~~
      |                                                               gem5::enums::RV32
In file included from src/arch/riscv/regs/misc.hh:60,
                 from src/cpu/base.cc:53:
build/RISCV/enums/RiscvType.hh:15:9: note: ‘gem5::enums::RV32’ declared here
   15 |         RV32 = 0,
      |         ^~~~
In file included from src/cpu/base.cc:53:
src/arch/riscv/regs/misc.hh:1789:57: error: ‘RV64’ was not declared in this scope; did you mean ‘gem5::enums::RV64’?
 1789 |     {CSR_UIMM85, {"uimm85", MISCREG_UIMM85, rvTypeFlags(RV64, RV32), isaExtsFlags()}},
      |                                                         ^~~~
      |                                                         gem5::enums::RV64
In file included from src/arch/riscv/regs/misc.hh:60,
                 from src/cpu/base.cc:53:
build/RISCV/enums/RiscvType.hh:16:9: note: ‘gem5::enums::RV64’ declared here
   16 |         RV64 = 1,
      |         ^~~~
In file included from src/cpu/base.cc:53:
src/arch/riscv/regs/misc.hh:1789:63: error: ‘RV32’ was not declared in this scope; did you mean ‘gem5::enums::RV32’?
 1789 |     {CSR_UIMM85, {"uimm85", MISCREG_UIMM85, rvTypeFlags(RV64, RV32), isaExtsFlags()}},
      |                                                               ^~~~
      |                                                               gem5::enums::RV32
In file included from src/arch/riscv/regs/misc.hh:60,
                 from src/cpu/base.cc:53:
build/RISCV/enums/RiscvType.hh:15:9: note: ‘gem5::enums::RV32’ declared here
   15 |         RV32 = 0,
      |         ^~~~
In file included from src/cpu/base.cc:53:
src/arch/riscv/regs/misc.hh:1790:57: error: ‘RV64’ was not declared in this scope; did you mean ‘gem5::enums::RV64’?
 1790 |     {CSR_UIMM86, {"uimm86", MISCREG_UIMM86, rvTypeFlags(RV64, RV32), isaExtsFlags()}},
      |                                                         ^~~~
      |                                                         gem5::enums::RV64
In file included from src/arch/riscv/regs/misc.hh:60,
                 from src/cpu/base.cc:53:
build/RISCV/enums/RiscvType.hh:16:9: note: ‘gem5::enums::RV64’ declared here
   16 |         RV64 = 1,
      |         ^~~~
In file included from src/cpu/base.cc:53:
src/arch/riscv/regs/misc.hh:1790:63: error: ‘RV32’ was not declared in this scope; did you mean ‘gem5::enums::RV32’?
 1790 |     {CSR_UIMM86, {"uimm86", MISCREG_UIMM86, rvTypeFlags(RV64, RV32), isaExtsFlags()}},
      |                                                               ^~~~
      |                                                               gem5::enums::RV32
In file included from src/arch/riscv/regs/misc.hh:60,
                 from src/cpu/base.cc:53:
build/RISCV/enums/RiscvType.hh:15:9: note: ‘gem5::enums::RV32’ declared here
   15 |         RV32 = 0,
      |         ^~~~
In file included from src/cpu/base.cc:53:
src/arch/riscv/regs/misc.hh:1791:57: error: ‘RV64’ was not declared in this scope; did you mean ‘gem5::enums::RV64’?
 1791 |     {CSR_UIMM87, {"uimm87", MISCREG_UIMM87, rvTypeFlags(RV64, RV32), isaExtsFlags()}},
      |                                                         ^~~~
      |                                                         gem5::enums::RV64
In file included from src/arch/riscv/regs/misc.hh:60,
                 from src/cpu/base.cc:53:
build/RISCV/enums/RiscvType.hh:16:9: note: ‘gem5::enums::RV64’ declared here
   16 |         RV64 = 1,
      |         ^~~~
In file included from src/cpu/base.cc:53:
src/arch/riscv/regs/misc.hh:1791:63: error: ‘RV32’ was not declared in this scope; did you mean ‘gem5::enums::RV32’?
 1791 |     {CSR_UIMM87, {"uimm87", MISCREG_UIMM87, rvTypeFlags(RV64, RV32), isaExtsFlags()}},
      |                                                               ^~~~
      |                                                               gem5::enums::RV32
In file included from src/arch/riscv/regs/misc.hh:60,
                 from src/cpu/base.cc:53:
build/RISCV/enums/RiscvType.hh:15:9: note: ‘gem5::enums::RV32’ declared here
   15 |         RV32 = 0,
      |         ^~~~
In file included from src/cpu/base.cc:53:
src/arch/riscv/regs/misc.hh:1792:57: error: ‘RV64’ was not declared in this scope; did you mean ‘gem5::enums::RV64’?
 1792 |     {CSR_UIMM88, {"uimm88", MISCREG_UIMM88, rvTypeFlags(RV64, RV32), isaExtsFlags()}},
      |                                                         ^~~~
      |                                                         gem5::enums::RV64
In file included from src/arch/riscv/regs/misc.hh:60,
                 from src/cpu/base.cc:53:
build/RISCV/enums/RiscvType.hh:16:9: note: ‘gem5::enums::RV64’ declared here
   16 |         RV64 = 1,
      |         ^~~~
In file included from src/cpu/base.cc:53:
src/arch/riscv/regs/misc.hh:1792:63: error: ‘RV32’ was not declared in this scope; did you mean ‘gem5::enums::RV32’?
 1792 |     {CSR_UIMM88, {"uimm88", MISCREG_UIMM88, rvTypeFlags(RV64, RV32), isaExtsFlags()}},
      |                                                               ^~~~
      |                                                               gem5::enums::RV32
In file included from src/arch/riscv/regs/misc.hh:60,
                 from src/cpu/base.cc:53:
build/RISCV/enums/RiscvType.hh:15:9: note: ‘gem5::enums::RV32’ declared here
   15 |         RV32 = 0,
      |         ^~~~
In file included from src/cpu/base.cc:53:
src/arch/riscv/regs/misc.hh:1793:57: error: ‘RV64’ was not declared in this scope; did you mean ‘gem5::enums::RV64’?
 1793 |     {CSR_UIMM89, {"uimm89", MISCREG_UIMM89, rvTypeFlags(RV64, RV32), isaExtsFlags()}},
      |                                                         ^~~~
      |                                                         gem5::enums::RV64
In file included from src/arch/riscv/regs/misc.hh:60,
                 from src/cpu/base.cc:53:
build/RISCV/enums/RiscvType.hh:16:9: note: ‘gem5::enums::RV64’ declared here
   16 |         RV64 = 1,
      |         ^~~~
In file included from src/cpu/base.cc:53:
src/arch/riscv/regs/misc.hh:1793:63: error: ‘RV32’ was not declared in this scope; did you mean ‘gem5::enums::RV32’?
 1793 |     {CSR_UIMM89, {"uimm89", MISCREG_UIMM89, rvTypeFlags(RV64, RV32), isaExtsFlags()}},
      |                                                               ^~~~
      |                                                               gem5::enums::RV32
In file included from src/arch/riscv/regs/misc.hh:60,
                 from src/cpu/base.cc:53:
build/RISCV/enums/RiscvType.hh:15:9: note: ‘gem5::enums::RV32’ declared here
   15 |         RV32 = 0,
      |         ^~~~
In file included from src/cpu/base.cc:53:
src/arch/riscv/regs/misc.hh:1794:57: error: ‘RV64’ was not declared in this scope; did you mean ‘gem5::enums::RV64’?
 1794 |     {CSR_UIMM90, {"uimm90", MISCREG_UIMM90, rvTypeFlags(RV64, RV32), isaExtsFlags()}},
      |                                                         ^~~~
      |                                                         gem5::enums::RV64
In file included from src/arch/riscv/regs/misc.hh:60,
                 from src/cpu/base.cc:53:
build/RISCV/enums/RiscvType.hh:16:9: note: ‘gem5::enums::RV64’ declared here
   16 |         RV64 = 1,
      |         ^~~~
In file included from src/cpu/base.cc:53:
src/arch/riscv/regs/misc.hh:1794:63: error: ‘RV32’ was not declared in this scope; did you mean ‘gem5::enums::RV32’?
 1794 |     {CSR_UIMM90, {"uimm90", MISCREG_UIMM90, rvTypeFlags(RV64, RV32), isaExtsFlags()}},
      |                                                               ^~~~
      |                                                               gem5::enums::RV32
In file included from src/arch/riscv/regs/misc.hh:60,
                 from src/cpu/base.cc:53:
build/RISCV/enums/RiscvType.hh:15:9: note: ‘gem5::enums::RV32’ declared here
   15 |         RV32 = 0,
      |         ^~~~
In file included from src/cpu/base.cc:53:
src/arch/riscv/regs/misc.hh:1795:57: error: ‘RV64’ was not declared in this scope; did you mean ‘gem5::enums::RV64’?
 1795 |     {CSR_UIMM91, {"uimm91", MISCREG_UIMM91, rvTypeFlags(RV64, RV32), isaExtsFlags()}},
      |                                                         ^~~~
      |                                                         gem5::enums::RV64
In file included from src/arch/riscv/regs/misc.hh:60,
                 from src/cpu/base.cc:53:
build/RISCV/enums/RiscvType.hh:16:9: note: ‘gem5::enums::RV64’ declared here
   16 |         RV64 = 1,
      |         ^~~~
In file included from src/cpu/base.cc:53:
src/arch/riscv/regs/misc.hh:1795:63: error: ‘RV32’ was not declared in this scope; did you mean ‘gem5::enums::RV32’?
 1795 |     {CSR_UIMM91, {"uimm91", MISCREG_UIMM91, rvTypeFlags(RV64, RV32), isaExtsFlags()}},
      |                                                               ^~~~
      |                                                               gem5::enums::RV32
In file included from src/arch/riscv/regs/misc.hh:60,
                 from src/cpu/base.cc:53:
build/RISCV/enums/RiscvType.hh:15:9: note: ‘gem5::enums::RV32’ declared here
   15 |         RV32 = 0,
      |         ^~~~
In file included from src/cpu/base.cc:53:
src/arch/riscv/regs/misc.hh:1796:57: error: ‘RV64’ was not declared in this scope; did you mean ‘gem5::enums::RV64’?
 1796 |     {CSR_UIMM92, {"uimm92", MISCREG_UIMM92, rvTypeFlags(RV64, RV32), isaExtsFlags()}},
      |                                                         ^~~~
      |                                                         gem5::enums::RV64
In file included from src/arch/riscv/regs/misc.hh:60,
                 from src/cpu/base.cc:53:
build/RISCV/enums/RiscvType.hh:16:9: note: ‘gem5::enums::RV64’ declared here
   16 |         RV64 = 1,
      |         ^~~~
In file included from src/cpu/base.cc:53:
src/arch/riscv/regs/misc.hh:1796:63: error: ‘RV32’ was not declared in this scope; did you mean ‘gem5::enums::RV32’?
 1796 |     {CSR_UIMM92, {"uimm92", MISCREG_UIMM92, rvTypeFlags(RV64, RV32), isaExtsFlags()}},
      |                                                               ^~~~
      |                                                               gem5::enums::RV32
In file included from src/arch/riscv/regs/misc.hh:60,
                 from src/cpu/base.cc:53:
build/RISCV/enums/RiscvType.hh:15:9: note: ‘gem5::enums::RV32’ declared here
   15 |         RV32 = 0,
      |         ^~~~
In file included from src/cpu/base.cc:53:
src/arch/riscv/regs/misc.hh:1797:57: error: ‘RV64’ was not declared in this scope; did you mean ‘gem5::enums::RV64’?
 1797 |     {CSR_UIMM93, {"uimm93", MISCREG_UIMM93, rvTypeFlags(RV64, RV32), isaExtsFlags()}},
      |                                                         ^~~~
      |                                                         gem5::enums::RV64
In file included from src/arch/riscv/regs/misc.hh:60,
                 from src/cpu/base.cc:53:
build/RISCV/enums/RiscvType.hh:16:9: note: ‘gem5::enums::RV64’ declared here
   16 |         RV64 = 1,
      |         ^~~~
In file included from src/cpu/base.cc:53:
src/arch/riscv/regs/misc.hh:1797:63: error: ‘RV32’ was not declared in this scope; did you mean ‘gem5::enums::RV32’?
 1797 |     {CSR_UIMM93, {"uimm93", MISCREG_UIMM93, rvTypeFlags(RV64, RV32), isaExtsFlags()}},
      |                                                               ^~~~
      |                                                               gem5::enums::RV32
In file included from src/arch/riscv/regs/misc.hh:60,
                 from src/cpu/base.cc:53:
build/RISCV/enums/RiscvType.hh:15:9: note: ‘gem5::enums::RV32’ declared here
   15 |         RV32 = 0,
      |         ^~~~
In file included from src/cpu/base.cc:53:
src/arch/riscv/regs/misc.hh:1798:57: error: ‘RV64’ was not declared in this scope; did you mean ‘gem5::enums::RV64’?
 1798 |     {CSR_UIMM94, {"uimm94", MISCREG_UIMM94, rvTypeFlags(RV64, RV32), isaExtsFlags()}},
      |                                                         ^~~~
      |                                                         gem5::enums::RV64
In file included from src/arch/riscv/regs/misc.hh:60,
                 from src/cpu/base.cc:53:
build/RISCV/enums/RiscvType.hh:16:9: note: ‘gem5::enums::RV64’ declared here
   16 |         RV64 = 1,
      |         ^~~~
In file included from src/cpu/base.cc:53:
src/arch/riscv/regs/misc.hh:1798:63: error: ‘RV32’ was not declared in this scope; did you mean ‘gem5::enums::RV32’?
 1798 |     {CSR_UIMM94, {"uimm94", MISCREG_UIMM94, rvTypeFlags(RV64, RV32), isaExtsFlags()}},
      |                                                               ^~~~
      |                                                               gem5::enums::RV32
In file included from src/arch/riscv/regs/misc.hh:60,
                 from src/cpu/base.cc:53:
build/RISCV/enums/RiscvType.hh:15:9: note: ‘gem5::enums::RV32’ declared here
   15 |         RV32 = 0,
      |         ^~~~
In file included from src/cpu/base.cc:53:
src/arch/riscv/regs/misc.hh:1799:57: error: ‘RV64’ was not declared in this scope; did you mean ‘gem5::enums::RV64’?
 1799 |     {CSR_UIMM95, {"uimm95", MISCREG_UIMM95, rvTypeFlags(RV64, RV32), isaExtsFlags()}},
      |                                                         ^~~~
      |                                                         gem5::enums::RV64
In file included from src/arch/riscv/regs/misc.hh:60,
                 from src/cpu/base.cc:53:
build/RISCV/enums/RiscvType.hh:16:9: note: ‘gem5::enums::RV64’ declared here
   16 |         RV64 = 1,
      |         ^~~~
In file included from src/cpu/base.cc:53:
src/arch/riscv/regs/misc.hh:1799:63: error: ‘RV32’ was not declared in this scope; did you mean ‘gem5::enums::RV32’?
 1799 |     {CSR_UIMM95, {"uimm95", MISCREG_UIMM95, rvTypeFlags(RV64, RV32), isaExtsFlags()}},
      |                                                               ^~~~
      |                                                               gem5::enums::RV32
In file included from src/arch/riscv/regs/misc.hh:60,
                 from src/cpu/base.cc:53:
build/RISCV/enums/RiscvType.hh:15:9: note: ‘gem5::enums::RV32’ declared here
   15 |         RV32 = 0,
      |         ^~~~
In file included from src/cpu/base.cc:53:
src/arch/riscv/regs/misc.hh:1800:57: error: ‘RV64’ was not declared in this scope; did you mean ‘gem5::enums::RV64’?
 1800 |     {CSR_UIMM96, {"uimm96", MISCREG_UIMM96, rvTypeFlags(RV64, RV32), isaExtsFlags()}},
      |                                                         ^~~~
      |                                                         gem5::enums::RV64
In file included from src/arch/riscv/regs/misc.hh:60,
                 from src/cpu/base.cc:53:
build/RISCV/enums/RiscvType.hh:16:9: note: ‘gem5::enums::RV64’ declared here
   16 |         RV64 = 1,
      |         ^~~~
In file included from src/cpu/base.cc:53:
src/arch/riscv/regs/misc.hh:1800:63: error: ‘RV32’ was not declared in this scope; did you mean ‘gem5::enums::RV32’?
 1800 |     {CSR_UIMM96, {"uimm96", MISCREG_UIMM96, rvTypeFlags(RV64, RV32), isaExtsFlags()}},
      |                                                               ^~~~
      |                                                               gem5::enums::RV32
In file included from src/arch/riscv/regs/misc.hh:60,
                 from src/cpu/base.cc:53:
build/RISCV/enums/RiscvType.hh:15:9: note: ‘gem5::enums::RV32’ declared here
   15 |         RV32 = 0,
      |         ^~~~
In file included from src/cpu/base.cc:53:
src/arch/riscv/regs/misc.hh:1801:57: error: ‘RV64’ was not declared in this scope; did you mean ‘gem5::enums::RV64’?
 1801 |     {CSR_UIMM97, {"uimm97", MISCREG_UIMM97, rvTypeFlags(RV64, RV32), isaExtsFlags()}},
      |                                                         ^~~~
      |                                                         gem5::enums::RV64
In file included from src/arch/riscv/regs/misc.hh:60,
                 from src/cpu/base.cc:53:
build/RISCV/enums/RiscvType.hh:16:9: note: ‘gem5::enums::RV64’ declared here
   16 |         RV64 = 1,
      |         ^~~~
In file included from src/cpu/base.cc:53:
src/arch/riscv/regs/misc.hh:1801:63: error: ‘RV32’ was not declared in this scope; did you mean ‘gem5::enums::RV32’?
 1801 |     {CSR_UIMM97, {"uimm97", MISCREG_UIMM97, rvTypeFlags(RV64, RV32), isaExtsFlags()}},
      |                                                               ^~~~
      |                                                               gem5::enums::RV32
In file included from src/arch/riscv/regs/misc.hh:60,
                 from src/cpu/base.cc:53:
build/RISCV/enums/RiscvType.hh:15:9: note: ‘gem5::enums::RV32’ declared here
   15 |         RV32 = 0,
      |         ^~~~
In file included from src/cpu/base.cc:53:
src/arch/riscv/regs/misc.hh:1802:57: error: ‘RV64’ was not declared in this scope; did you mean ‘gem5::enums::RV64’?
 1802 |     {CSR_UIMM98, {"uimm98", MISCREG_UIMM98, rvTypeFlags(RV64, RV32), isaExtsFlags()}},
      |                                                         ^~~~
      |                                                         gem5::enums::RV64
In file included from src/arch/riscv/regs/misc.hh:60,
                 from src/cpu/base.cc:53:
build/RISCV/enums/RiscvType.hh:16:9: note: ‘gem5::enums::RV64’ declared here
   16 |         RV64 = 1,
      |         ^~~~
In file included from src/cpu/base.cc:53:
src/arch/riscv/regs/misc.hh:1802:63: error: ‘RV32’ was not declared in this scope; did you mean ‘gem5::enums::RV32’?
 1802 |     {CSR_UIMM98, {"uimm98", MISCREG_UIMM98, rvTypeFlags(RV64, RV32), isaExtsFlags()}},
      |                                                               ^~~~
      |                                                               gem5::enums::RV32
In file included from src/arch/riscv/regs/misc.hh:60,
                 from src/cpu/base.cc:53:
build/RISCV/enums/RiscvType.hh:15:9: note: ‘gem5::enums::RV32’ declared here
   15 |         RV32 = 0,
      |         ^~~~
In file included from src/cpu/base.cc:53:
src/arch/riscv/regs/misc.hh:1803:57: error: ‘RV64’ was not declared in this scope; did you mean ‘gem5::enums::RV64’?
 1803 |     {CSR_UIMM99, {"uimm99", MISCREG_UIMM99, rvTypeFlags(RV64, RV32), isaExtsFlags()}},
      |                                                         ^~~~
      |                                                         gem5::enums::RV64
In file included from src/arch/riscv/regs/misc.hh:60,
                 from src/cpu/base.cc:53:
build/RISCV/enums/RiscvType.hh:16:9: note: ‘gem5::enums::RV64’ declared here
   16 |         RV64 = 1,
      |         ^~~~
In file included from src/cpu/base.cc:53:
src/arch/riscv/regs/misc.hh:1803:63: error: ‘RV32’ was not declared in this scope; did you mean ‘gem5::enums::RV32’?
 1803 |     {CSR_UIMM99, {"uimm99", MISCREG_UIMM99, rvTypeFlags(RV64, RV32), isaExtsFlags()}},
      |                                                               ^~~~
      |                                                               gem5::enums::RV32
In file included from src/arch/riscv/regs/misc.hh:60,
                 from src/cpu/base.cc:53:
build/RISCV/enums/RiscvType.hh:15:9: note: ‘gem5::enums::RV32’ declared here
   15 |         RV32 = 0,
      |         ^~~~
In file included from src/cpu/base.cc:53:
src/arch/riscv/regs/misc.hh:1804:60: error: ‘RV64’ was not declared in this scope; did you mean ‘gem5::enums::RV64’?
 1804 |     {CSR_UIMM100, {"uimm100", MISCREG_UIMM100, rvTypeFlags(RV64, RV32), isaExtsFlags()}},
      |                                                            ^~~~
      |                                                            gem5::enums::RV64
In file included from src/arch/riscv/regs/misc.hh:60,
                 from src/cpu/base.cc:53:
build/RISCV/enums/RiscvType.hh:16:9: note: ‘gem5::enums::RV64’ declared here
   16 |         RV64 = 1,
      |         ^~~~
In file included from src/cpu/base.cc:53:
src/arch/riscv/regs/misc.hh:1804:66: error: ‘RV32’ was not declared in this scope; did you mean ‘gem5::enums::RV32’?
 1804 |     {CSR_UIMM100, {"uimm100", MISCREG_UIMM100, rvTypeFlags(RV64, RV32), isaExtsFlags()}},
      |                                                                  ^~~~
      |                                                                  gem5::enums::RV32
In file included from src/arch/riscv/regs/misc.hh:60,
                 from src/cpu/base.cc:53:
build/RISCV/enums/RiscvType.hh:15:9: note: ‘gem5::enums::RV32’ declared here
   15 |         RV32 = 0,
      |         ^~~~
In file included from src/cpu/base.cc:53:
src/arch/riscv/regs/misc.hh:1805:60: error: ‘RV64’ was not declared in this scope; did you mean ‘gem5::enums::RV64’?
 1805 |     {CSR_UIMM101, {"uimm101", MISCREG_UIMM101, rvTypeFlags(RV64, RV32), isaExtsFlags()}},
      |                                                            ^~~~
      |                                                            gem5::enums::RV64
In file included from src/arch/riscv/regs/misc.hh:60,
                 from src/cpu/base.cc:53:
build/RISCV/enums/RiscvType.hh:16:9: note: ‘gem5::enums::RV64’ declared here
   16 |         RV64 = 1,
      |         ^~~~
In file included from src/cpu/base.cc:53:
src/arch/riscv/regs/misc.hh:1805:66: error: ‘RV32’ was not declared in this scope; did you mean ‘gem5::enums::RV32’?
 1805 |     {CSR_UIMM101, {"uimm101", MISCREG_UIMM101, rvTypeFlags(RV64, RV32), isaExtsFlags()}},
      |                                                                  ^~~~
      |                                                                  gem5::enums::RV32
In file included from src/arch/riscv/regs/misc.hh:60,
                 from src/cpu/base.cc:53:
build/RISCV/enums/RiscvType.hh:15:9: note: ‘gem5::enums::RV32’ declared here
   15 |         RV32 = 0,
      |         ^~~~
In file included from src/cpu/base.cc:53:
src/arch/riscv/regs/misc.hh:1806:60: error: ‘RV64’ was not declared in this scope; did you mean ‘gem5::enums::RV64’?
 1806 |     {CSR_UIMM102, {"uimm102", MISCREG_UIMM102, rvTypeFlags(RV64, RV32), isaExtsFlags()}},
      |                                                            ^~~~
      |                                                            gem5::enums::RV64
In file included from src/arch/riscv/regs/misc.hh:60,
                 from src/cpu/base.cc:53:
build/RISCV/enums/RiscvType.hh:16:9: note: ‘gem5::enums::RV64’ declared here
   16 |         RV64 = 1,
      |         ^~~~
In file included from src/cpu/base.cc:53:
src/arch/riscv/regs/misc.hh:1806:66: error: ‘RV32’ was not declared in this scope; did you mean ‘gem5::enums::RV32’?
 1806 |     {CSR_UIMM102, {"uimm102", MISCREG_UIMM102, rvTypeFlags(RV64, RV32), isaExtsFlags()}},
      |                                                                  ^~~~
      |                                                                  gem5::enums::RV32
In file included from src/arch/riscv/regs/misc.hh:60,
                 from src/cpu/base.cc:53:
build/RISCV/enums/RiscvType.hh:15:9: note: ‘gem5::enums::RV32’ declared here
   15 |         RV32 = 0,
      |         ^~~~
In file included from src/cpu/base.cc:53:
src/arch/riscv/regs/misc.hh:1807:60: error: ‘RV64’ was not declared in this scope; did you mean ‘gem5::enums::RV64’?
 1807 |     {CSR_UIMM103, {"uimm103", MISCREG_UIMM103, rvTypeFlags(RV64, RV32), isaExtsFlags()}},
      |                                                            ^~~~
      |                                                            gem5::enums::RV64
In file included from src/arch/riscv/regs/misc.hh:60,
                 from src/cpu/base.cc:53:
build/RISCV/enums/RiscvType.hh:16:9: note: ‘gem5::enums::RV64’ declared here
   16 |         RV64 = 1,
      |         ^~~~
In file included from src/cpu/base.cc:53:
src/arch/riscv/regs/misc.hh:1807:66: error: ‘RV32’ was not declared in this scope; did you mean ‘gem5::enums::RV32’?
 1807 |     {CSR_UIMM103, {"uimm103", MISCREG_UIMM103, rvTypeFlags(RV64, RV32), isaExtsFlags()}},
      |                                                                  ^~~~
      |                                                                  gem5::enums::RV32
In file included from src/arch/riscv/regs/misc.hh:60,
                 from src/cpu/base.cc:53:
build/RISCV/enums/RiscvType.hh:15:9: note: ‘gem5::enums::RV32’ declared here
   15 |         RV32 = 0,
      |         ^~~~
In file included from src/cpu/base.cc:53:
src/arch/riscv/regs/misc.hh:1808:60: error: ‘RV64’ was not declared in this scope; did you mean ‘gem5::enums::RV64’?
 1808 |     {CSR_UIMM104, {"uimm104", MISCREG_UIMM104, rvTypeFlags(RV64, RV32), isaExtsFlags()}},
      |                                                            ^~~~
      |                                                            gem5::enums::RV64
In file included from src/arch/riscv/regs/misc.hh:60,
                 from src/cpu/base.cc:53:
build/RISCV/enums/RiscvType.hh:16:9: note: ‘gem5::enums::RV64’ declared here
   16 |         RV64 = 1,
      |         ^~~~
In file included from src/cpu/base.cc:53:
src/arch/riscv/regs/misc.hh:1808:66: error: ‘RV32’ was not declared in this scope; did you mean ‘gem5::enums::RV32’?
 1808 |     {CSR_UIMM104, {"uimm104", MISCREG_UIMM104, rvTypeFlags(RV64, RV32), isaExtsFlags()}},
      |                                                                  ^~~~
      |                                                                  gem5::enums::RV32
In file included from src/arch/riscv/regs/misc.hh:60,
                 from src/cpu/base.cc:53:
build/RISCV/enums/RiscvType.hh:15:9: note: ‘gem5::enums::RV32’ declared here
   15 |         RV32 = 0,
      |         ^~~~
In file included from src/cpu/base.cc:53:
src/arch/riscv/regs/misc.hh:1809:60: error: ‘RV64’ was not declared in this scope; did you mean ‘gem5::enums::RV64’?
 1809 |     {CSR_UIMM105, {"uimm105", MISCREG_UIMM105, rvTypeFlags(RV64, RV32), isaExtsFlags()}},
      |                                                            ^~~~
      |                                                            gem5::enums::RV64
In file included from src/arch/riscv/regs/misc.hh:60,
                 from src/cpu/base.cc:53:
build/RISCV/enums/RiscvType.hh:16:9: note: ‘gem5::enums::RV64’ declared here
   16 |         RV64 = 1,
      |         ^~~~
In file included from src/cpu/base.cc:53:
src/arch/riscv/regs/misc.hh:1809:66: error: ‘RV32’ was not declared in this scope; did you mean ‘gem5::enums::RV32’?
 1809 |     {CSR_UIMM105, {"uimm105", MISCREG_UIMM105, rvTypeFlags(RV64, RV32), isaExtsFlags()}},
      |                                                                  ^~~~
      |                                                                  gem5::enums::RV32
In file included from src/arch/riscv/regs/misc.hh:60,
                 from src/cpu/base.cc:53:
build/RISCV/enums/RiscvType.hh:15:9: note: ‘gem5::enums::RV32’ declared here
   15 |         RV32 = 0,
      |         ^~~~
In file included from src/cpu/base.cc:53:
src/arch/riscv/regs/misc.hh:1810:60: error: ‘RV64’ was not declared in this scope; did you mean ‘gem5::enums::RV64’?
 1810 |     {CSR_UIMM106, {"uimm106", MISCREG_UIMM106, rvTypeFlags(RV64, RV32), isaExtsFlags()}},
      |                                                            ^~~~
      |                                                            gem5::enums::RV64
In file included from src/arch/riscv/regs/misc.hh:60,
                 from src/cpu/base.cc:53:
build/RISCV/enums/RiscvType.hh:16:9: note: ‘gem5::enums::RV64’ declared here
   16 |         RV64 = 1,
      |         ^~~~
In file included from src/cpu/base.cc:53:
src/arch/riscv/regs/misc.hh:1810:66: error: ‘RV32’ was not declared in this scope; did you mean ‘gem5::enums::RV32’?
 1810 |     {CSR_UIMM106, {"uimm106", MISCREG_UIMM106, rvTypeFlags(RV64, RV32), isaExtsFlags()}},
      |                                                                  ^~~~
      |                                                                  gem5::enums::RV32
In file included from src/arch/riscv/regs/misc.hh:60,
                 from src/cpu/base.cc:53:
build/RISCV/enums/RiscvType.hh:15:9: note: ‘gem5::enums::RV32’ declared here
   15 |         RV32 = 0,
      |         ^~~~
In file included from src/cpu/base.cc:53:
src/arch/riscv/regs/misc.hh:1811:60: error: ‘RV64’ was not declared in this scope; did you mean ‘gem5::enums::RV64’?
 1811 |     {CSR_UIMM107, {"uimm107", MISCREG_UIMM107, rvTypeFlags(RV64, RV32), isaExtsFlags()}},
      |                                                            ^~~~
      |                                                            gem5::enums::RV64
In file included from src/arch/riscv/regs/misc.hh:60,
                 from src/cpu/base.cc:53:
build/RISCV/enums/RiscvType.hh:16:9: note: ‘gem5::enums::RV64’ declared here
   16 |         RV64 = 1,
      |         ^~~~
In file included from src/cpu/base.cc:53:
src/arch/riscv/regs/misc.hh:1811:66: error: ‘RV32’ was not declared in this scope; did you mean ‘gem5::enums::RV32’?
 1811 |     {CSR_UIMM107, {"uimm107", MISCREG_UIMM107, rvTypeFlags(RV64, RV32), isaExtsFlags()}},
      |                                                                  ^~~~
      |                                                                  gem5::enums::RV32
In file included from src/arch/riscv/regs/misc.hh:60,
                 from src/cpu/base.cc:53:
build/RISCV/enums/RiscvType.hh:15:9: note: ‘gem5::enums::RV32’ declared here
   15 |         RV32 = 0,
      |         ^~~~
In file included from src/cpu/base.cc:53:
src/arch/riscv/regs/misc.hh:1812:60: error: ‘RV64’ was not declared in this scope; did you mean ‘gem5::enums::RV64’?
 1812 |     {CSR_UIMM108, {"uimm108", MISCREG_UIMM108, rvTypeFlags(RV64, RV32), isaExtsFlags()}},
      |                                                            ^~~~
      |                                                            gem5::enums::RV64
In file included from src/arch/riscv/regs/misc.hh:60,
                 from src/cpu/base.cc:53:
build/RISCV/enums/RiscvType.hh:16:9: note: ‘gem5::enums::RV64’ declared here
   16 |         RV64 = 1,
      |         ^~~~
In file included from src/cpu/base.cc:53:
src/arch/riscv/regs/misc.hh:1812:66: error: ‘RV32’ was not declared in this scope; did you mean ‘gem5::enums::RV32’?
 1812 |     {CSR_UIMM108, {"uimm108", MISCREG_UIMM108, rvTypeFlags(RV64, RV32), isaExtsFlags()}},
      |                                                                  ^~~~
      |                                                                  gem5::enums::RV32
In file included from src/arch/riscv/regs/misc.hh:60,
                 from src/cpu/base.cc:53:
build/RISCV/enums/RiscvType.hh:15:9: note: ‘gem5::enums::RV32’ declared here
   15 |         RV32 = 0,
      |         ^~~~
In file included from src/cpu/base.cc:53:
src/arch/riscv/regs/misc.hh:1813:60: error: ‘RV64’ was not declared in this scope; did you mean ‘gem5::enums::RV64’?
 1813 |     {CSR_UIMM109, {"uimm109", MISCREG_UIMM109, rvTypeFlags(RV64, RV32), isaExtsFlags()}},
      |                                                            ^~~~
      |                                                            gem5::enums::RV64
In file included from src/arch/riscv/regs/misc.hh:60,
                 from src/cpu/base.cc:53:
build/RISCV/enums/RiscvType.hh:16:9: note: ‘gem5::enums::RV64’ declared here
   16 |         RV64 = 1,
      |         ^~~~
In file included from src/cpu/base.cc:53:
src/arch/riscv/regs/misc.hh:1813:66: error: ‘RV32’ was not declared in this scope; did you mean ‘gem5::enums::RV32’?
 1813 |     {CSR_UIMM109, {"uimm109", MISCREG_UIMM109, rvTypeFlags(RV64, RV32), isaExtsFlags()}},
      |                                                                  ^~~~
      |                                                                  gem5::enums::RV32
In file included from src/arch/riscv/regs/misc.hh:60,
                 from src/cpu/base.cc:53:
build/RISCV/enums/RiscvType.hh:15:9: note: ‘gem5::enums::RV32’ declared here
   15 |         RV32 = 0,
      |         ^~~~
In file included from src/cpu/base.cc:53:
src/arch/riscv/regs/misc.hh:1814:60: error: ‘RV64’ was not declared in this scope; did you mean ‘gem5::enums::RV64’?
 1814 |     {CSR_UIMM110, {"uimm110", MISCREG_UIMM110, rvTypeFlags(RV64, RV32), isaExtsFlags()}},
      |                                                            ^~~~
      |                                                            gem5::enums::RV64
In file included from src/arch/riscv/regs/misc.hh:60,
                 from src/cpu/base.cc:53:
build/RISCV/enums/RiscvType.hh:16:9: note: ‘gem5::enums::RV64’ declared here
   16 |         RV64 = 1,
      |         ^~~~
In file included from src/cpu/base.cc:53:
src/arch/riscv/regs/misc.hh:1814:66: error: ‘RV32’ was not declared in this scope; did you mean ‘gem5::enums::RV32’?
 1814 |     {CSR_UIMM110, {"uimm110", MISCREG_UIMM110, rvTypeFlags(RV64, RV32), isaExtsFlags()}},
      |                                                                  ^~~~
      |                                                                  gem5::enums::RV32
In file included from src/arch/riscv/regs/misc.hh:60,
                 from src/cpu/base.cc:53:
build/RISCV/enums/RiscvType.hh:15:9: note: ‘gem5::enums::RV32’ declared here
   15 |         RV32 = 0,
      |         ^~~~
In file included from src/cpu/base.cc:53:
src/arch/riscv/regs/misc.hh:1815:60: error: ‘RV64’ was not declared in this scope; did you mean ‘gem5::enums::RV64’?
 1815 |     {CSR_UIMM111, {"uimm111", MISCREG_UIMM111, rvTypeFlags(RV64, RV32), isaExtsFlags()}},
      |                                                            ^~~~
      |                                                            gem5::enums::RV64
In file included from src/arch/riscv/regs/misc.hh:60,
                 from src/cpu/base.cc:53:
build/RISCV/enums/RiscvType.hh:16:9: note: ‘gem5::enums::RV64’ declared here
   16 |         RV64 = 1,
      |         ^~~~
In file included from src/cpu/base.cc:53:
src/arch/riscv/regs/misc.hh:1815:66: error: ‘RV32’ was not declared in this scope; did you mean ‘gem5::enums::RV32’?
 1815 |     {CSR_UIMM111, {"uimm111", MISCREG_UIMM111, rvTypeFlags(RV64, RV32), isaExtsFlags()}},
      |                                                                  ^~~~
      |                                                                  gem5::enums::RV32
In file included from src/arch/riscv/regs/misc.hh:60,
                 from src/cpu/base.cc:53:
build/RISCV/enums/RiscvType.hh:15:9: note: ‘gem5::enums::RV32’ declared here
   15 |         RV32 = 0,
      |         ^~~~
In file included from src/cpu/base.cc:53:
src/arch/riscv/regs/misc.hh:1816:60: error: ‘RV64’ was not declared in this scope; did you mean ‘gem5::enums::RV64’?
 1816 |     {CSR_UIMM112, {"uimm112", MISCREG_UIMM112, rvTypeFlags(RV64, RV32), isaExtsFlags()}},
      |                                                            ^~~~
      |                                                            gem5::enums::RV64
In file included from src/arch/riscv/regs/misc.hh:60,
                 from src/cpu/base.cc:53:
build/RISCV/enums/RiscvType.hh:16:9: note: ‘gem5::enums::RV64’ declared here
   16 |         RV64 = 1,
      |         ^~~~
In file included from src/cpu/base.cc:53:
src/arch/riscv/regs/misc.hh:1816:66: error: ‘RV32’ was not declared in this scope; did you mean ‘gem5::enums::RV32’?
 1816 |     {CSR_UIMM112, {"uimm112", MISCREG_UIMM112, rvTypeFlags(RV64, RV32), isaExtsFlags()}},
      |                                                                  ^~~~
      |                                                                  gem5::enums::RV32
In file included from src/arch/riscv/regs/misc.hh:60,
                 from src/cpu/base.cc:53:
build/RISCV/enums/RiscvType.hh:15:9: note: ‘gem5::enums::RV32’ declared here
   15 |         RV32 = 0,
      |         ^~~~
In file included from src/cpu/base.cc:53:
src/arch/riscv/regs/misc.hh:1817:60: error: ‘RV64’ was not declared in this scope; did you mean ‘gem5::enums::RV64’?
 1817 |     {CSR_UIMM113, {"uimm113", MISCREG_UIMM113, rvTypeFlags(RV64, RV32), isaExtsFlags()}},
      |                                                            ^~~~
      |                                                            gem5::enums::RV64
In file included from src/arch/riscv/regs/misc.hh:60,
                 from src/cpu/base.cc:53:
build/RISCV/enums/RiscvType.hh:16:9: note: ‘gem5::enums::RV64’ declared here
   16 |         RV64 = 1,
      |         ^~~~
In file included from src/cpu/base.cc:53:
src/arch/riscv/regs/misc.hh:1817:66: error: ‘RV32’ was not declared in this scope; did you mean ‘gem5::enums::RV32’?
 1817 |     {CSR_UIMM113, {"uimm113", MISCREG_UIMM113, rvTypeFlags(RV64, RV32), isaExtsFlags()}},
      |                                                                  ^~~~
      |                                                                  gem5::enums::RV32
In file included from src/arch/riscv/regs/misc.hh:60,
                 from src/cpu/base.cc:53:
build/RISCV/enums/RiscvType.hh:15:9: note: ‘gem5::enums::RV32’ declared here
   15 |         RV32 = 0,
      |         ^~~~
In file included from src/cpu/base.cc:53:
src/arch/riscv/regs/misc.hh:1818:60: error: ‘RV64’ was not declared in this scope; did you mean ‘gem5::enums::RV64’?
 1818 |     {CSR_UIMM114, {"uimm114", MISCREG_UIMM114, rvTypeFlags(RV64, RV32), isaExtsFlags()}},
      |                                                            ^~~~
      |                                                            gem5::enums::RV64
In file included from src/arch/riscv/regs/misc.hh:60,
                 from src/cpu/base.cc:53:
build/RISCV/enums/RiscvType.hh:16:9: note: ‘gem5::enums::RV64’ declared here
   16 |         RV64 = 1,
      |         ^~~~
In file included from src/cpu/base.cc:53:
src/arch/riscv/regs/misc.hh:1818:66: error: ‘RV32’ was not declared in this scope; did you mean ‘gem5::enums::RV32’?
 1818 |     {CSR_UIMM114, {"uimm114", MISCREG_UIMM114, rvTypeFlags(RV64, RV32), isaExtsFlags()}},
      |                                                                  ^~~~
      |                                                                  gem5::enums::RV32
In file included from src/arch/riscv/regs/misc.hh:60,
                 from src/cpu/base.cc:53:
build/RISCV/enums/RiscvType.hh:15:9: note: ‘gem5::enums::RV32’ declared here
   15 |         RV32 = 0,
      |         ^~~~
In file included from src/cpu/base.cc:53:
src/arch/riscv/regs/misc.hh:1819:60: error: ‘RV64’ was not declared in this scope; did you mean ‘gem5::enums::RV64’?
 1819 |     {CSR_UIMM115, {"uimm115", MISCREG_UIMM115, rvTypeFlags(RV64, RV32), isaExtsFlags()}},
      |                                                            ^~~~
      |                                                            gem5::enums::RV64
In file included from src/arch/riscv/regs/misc.hh:60,
                 from src/cpu/base.cc:53:
build/RISCV/enums/RiscvType.hh:16:9: note: ‘gem5::enums::RV64’ declared here
   16 |         RV64 = 1,
      |         ^~~~
In file included from src/cpu/base.cc:53:
src/arch/riscv/regs/misc.hh:1819:66: error: ‘RV32’ was not declared in this scope; did you mean ‘gem5::enums::RV32’?
 1819 |     {CSR_UIMM115, {"uimm115", MISCREG_UIMM115, rvTypeFlags(RV64, RV32), isaExtsFlags()}},
      |                                                                  ^~~~
      |                                                                  gem5::enums::RV32
In file included from src/arch/riscv/regs/misc.hh:60,
                 from src/cpu/base.cc:53:
build/RISCV/enums/RiscvType.hh:15:9: note: ‘gem5::enums::RV32’ declared here
   15 |         RV32 = 0,
      |         ^~~~
In file included from src/cpu/base.cc:53:
src/arch/riscv/regs/misc.hh:1820:60: error: ‘RV64’ was not declared in this scope; did you mean ‘gem5::enums::RV64’?
 1820 |     {CSR_UIMM116, {"uimm116", MISCREG_UIMM116, rvTypeFlags(RV64, RV32), isaExtsFlags()}},
      |                                                            ^~~~
      |                                                            gem5::enums::RV64
In file included from src/arch/riscv/regs/misc.hh:60,
                 from src/cpu/base.cc:53:
build/RISCV/enums/RiscvType.hh:16:9: note: ‘gem5::enums::RV64’ declared here
   16 |         RV64 = 1,
      |         ^~~~
In file included from src/cpu/base.cc:53:
src/arch/riscv/regs/misc.hh:1820:66: error: ‘RV32’ was not declared in this scope; did you mean ‘gem5::enums::RV32’?
 1820 |     {CSR_UIMM116, {"uimm116", MISCREG_UIMM116, rvTypeFlags(RV64, RV32), isaExtsFlags()}},
      |                                                                  ^~~~
      |                                                                  gem5::enums::RV32
In file included from src/arch/riscv/regs/misc.hh:60,
                 from src/cpu/base.cc:53:
build/RISCV/enums/RiscvType.hh:15:9: note: ‘gem5::enums::RV32’ declared here
   15 |         RV32 = 0,
      |         ^~~~
In file included from src/cpu/base.cc:53:
src/arch/riscv/regs/misc.hh:1821:60: error: ‘RV64’ was not declared in this scope; did you mean ‘gem5::enums::RV64’?
 1821 |     {CSR_UIMM117, {"uimm117", MISCREG_UIMM117, rvTypeFlags(RV64, RV32), isaExtsFlags()}},
      |                                                            ^~~~
      |                                                            gem5::enums::RV64
In file included from src/arch/riscv/regs/misc.hh:60,
                 from src/cpu/base.cc:53:
build/RISCV/enums/RiscvType.hh:16:9: note: ‘gem5::enums::RV64’ declared here
   16 |         RV64 = 1,
      |         ^~~~
In file included from src/cpu/base.cc:53:
src/arch/riscv/regs/misc.hh:1821:66: error: ‘RV32’ was not declared in this scope; did you mean ‘gem5::enums::RV32’?
 1821 |     {CSR_UIMM117, {"uimm117", MISCREG_UIMM117, rvTypeFlags(RV64, RV32), isaExtsFlags()}},
      |                                                                  ^~~~
      |                                                                  gem5::enums::RV32
In file included from src/arch/riscv/regs/misc.hh:60,
                 from src/cpu/base.cc:53:
build/RISCV/enums/RiscvType.hh:15:9: note: ‘gem5::enums::RV32’ declared here
   15 |         RV32 = 0,
      |         ^~~~
In file included from src/cpu/base.cc:53:
src/arch/riscv/regs/misc.hh:1822:60: error: ‘RV64’ was not declared in this scope; did you mean ‘gem5::enums::RV64’?
 1822 |     {CSR_UIMM118, {"uimm118", MISCREG_UIMM118, rvTypeFlags(RV64, RV32), isaExtsFlags()}},
      |                                                            ^~~~
      |                                                            gem5::enums::RV64
In file included from src/arch/riscv/regs/misc.hh:60,
                 from src/cpu/base.cc:53:
build/RISCV/enums/RiscvType.hh:16:9: note: ‘gem5::enums::RV64’ declared here
   16 |         RV64 = 1,
      |         ^~~~
In file included from src/cpu/base.cc:53:
src/arch/riscv/regs/misc.hh:1822:66: error: ‘RV32’ was not declared in this scope; did you mean ‘gem5::enums::RV32’?
 1822 |     {CSR_UIMM118, {"uimm118", MISCREG_UIMM118, rvTypeFlags(RV64, RV32), isaExtsFlags()}},
      |                                                                  ^~~~
      |                                                                  gem5::enums::RV32
In file included from src/arch/riscv/regs/misc.hh:60,
                 from src/cpu/base.cc:53:
build/RISCV/enums/RiscvType.hh:15:9: note: ‘gem5::enums::RV32’ declared here
   15 |         RV32 = 0,
      |         ^~~~
In file included from src/cpu/base.cc:53:
src/arch/riscv/regs/misc.hh:1823:60: error: ‘RV64’ was not declared in this scope; did you mean ‘gem5::enums::RV64’?
 1823 |     {CSR_UIMM119, {"uimm119", MISCREG_UIMM119, rvTypeFlags(RV64, RV32), isaExtsFlags()}},
      |                                                            ^~~~
      |                                                            gem5::enums::RV64
In file included from src/arch/riscv/regs/misc.hh:60,
                 from src/cpu/base.cc:53:
build/RISCV/enums/RiscvType.hh:16:9: note: ‘gem5::enums::RV64’ declared here
   16 |         RV64 = 1,
      |         ^~~~
In file included from src/cpu/base.cc:53:
src/arch/riscv/regs/misc.hh:1823:66: error: ‘RV32’ was not declared in this scope; did you mean ‘gem5::enums::RV32’?
 1823 |     {CSR_UIMM119, {"uimm119", MISCREG_UIMM119, rvTypeFlags(RV64, RV32), isaExtsFlags()}},
      |                                                                  ^~~~
      |                                                                  gem5::enums::RV32
In file included from src/arch/riscv/regs/misc.hh:60,
                 from src/cpu/base.cc:53:
build/RISCV/enums/RiscvType.hh:15:9: note: ‘gem5::enums::RV32’ declared here
   15 |         RV32 = 0,
      |         ^~~~
In file included from src/cpu/base.cc:53:
src/arch/riscv/regs/misc.hh:1824:60: error: ‘RV64’ was not declared in this scope; did you mean ‘gem5::enums::RV64’?
 1824 |     {CSR_UIMM120, {"uimm120", MISCREG_UIMM120, rvTypeFlags(RV64, RV32), isaExtsFlags()}},
      |                                                            ^~~~
      |                                                            gem5::enums::RV64
In file included from src/arch/riscv/regs/misc.hh:60,
                 from src/cpu/base.cc:53:
build/RISCV/enums/RiscvType.hh:16:9: note: ‘gem5::enums::RV64’ declared here
   16 |         RV64 = 1,
      |         ^~~~
In file included from src/cpu/base.cc:53:
src/arch/riscv/regs/misc.hh:1824:66: error: ‘RV32’ was not declared in this scope; did you mean ‘gem5::enums::RV32’?
 1824 |     {CSR_UIMM120, {"uimm120", MISCREG_UIMM120, rvTypeFlags(RV64, RV32), isaExtsFlags()}},
      |                                                                  ^~~~
      |                                                                  gem5::enums::RV32
In file included from src/arch/riscv/regs/misc.hh:60,
                 from src/cpu/base.cc:53:
build/RISCV/enums/RiscvType.hh:15:9: note: ‘gem5::enums::RV32’ declared here
   15 |         RV32 = 0,
      |         ^~~~
In file included from src/cpu/base.cc:53:
src/arch/riscv/regs/misc.hh:1825:60: error: ‘RV64’ was not declared in this scope; did you mean ‘gem5::enums::RV64’?
 1825 |     {CSR_UIMM121, {"uimm121", MISCREG_UIMM121, rvTypeFlags(RV64, RV32), isaExtsFlags()}},
      |                                                            ^~~~
      |                                                            gem5::enums::RV64
In file included from src/arch/riscv/regs/misc.hh:60,
                 from src/cpu/base.cc:53:
build/RISCV/enums/RiscvType.hh:16:9: note: ‘gem5::enums::RV64’ declared here
   16 |         RV64 = 1,
      |         ^~~~
In file included from src/cpu/base.cc:53:
src/arch/riscv/regs/misc.hh:1825:66: error: ‘RV32’ was not declared in this scope; did you mean ‘gem5::enums::RV32’?
 1825 |     {CSR_UIMM121, {"uimm121", MISCREG_UIMM121, rvTypeFlags(RV64, RV32), isaExtsFlags()}},
      |                                                                  ^~~~
      |                                                                  gem5::enums::RV32
In file included from src/arch/riscv/regs/misc.hh:60,
                 from src/cpu/base.cc:53:
build/RISCV/enums/RiscvType.hh:15:9: note: ‘gem5::enums::RV32’ declared here
   15 |         RV32 = 0,
      |         ^~~~
In file included from src/cpu/base.cc:53:
src/arch/riscv/regs/misc.hh:1826:60: error: ‘RV64’ was not declared in this scope; did you mean ‘gem5::enums::RV64’?
 1826 |     {CSR_UIMM122, {"uimm122", MISCREG_UIMM122, rvTypeFlags(RV64, RV32), isaExtsFlags()}},
      |                                                            ^~~~
      |                                                            gem5::enums::RV64
In file included from src/arch/riscv/regs/misc.hh:60,
                 from src/cpu/base.cc:53:
build/RISCV/enums/RiscvType.hh:16:9: note: ‘gem5::enums::RV64’ declared here
   16 |         RV64 = 1,
      |         ^~~~
In file included from src/cpu/base.cc:53:
src/arch/riscv/regs/misc.hh:1826:66: error: ‘RV32’ was not declared in this scope; did you mean ‘gem5::enums::RV32’?
 1826 |     {CSR_UIMM122, {"uimm122", MISCREG_UIMM122, rvTypeFlags(RV64, RV32), isaExtsFlags()}},
      |                                                                  ^~~~
      |                                                                  gem5::enums::RV32
In file included from src/arch/riscv/regs/misc.hh:60,
                 from src/cpu/base.cc:53:
build/RISCV/enums/RiscvType.hh:15:9: note: ‘gem5::enums::RV32’ declared here
   15 |         RV32 = 0,
      |         ^~~~
In file included from src/cpu/base.cc:53:
src/arch/riscv/regs/misc.hh:1827:60: error: ‘RV64’ was not declared in this scope; did you mean ‘gem5::enums::RV64’?
 1827 |     {CSR_UIMM123, {"uimm123", MISCREG_UIMM123, rvTypeFlags(RV64, RV32), isaExtsFlags()}},
      |                                                            ^~~~
      |                                                            gem5::enums::RV64
In file included from src/arch/riscv/regs/misc.hh:60,
                 from src/cpu/base.cc:53:
build/RISCV/enums/RiscvType.hh:16:9: note: ‘gem5::enums::RV64’ declared here
   16 |         RV64 = 1,
      |         ^~~~
In file included from src/cpu/base.cc:53:
src/arch/riscv/regs/misc.hh:1827:66: error: ‘RV32’ was not declared in this scope; did you mean ‘gem5::enums::RV32’?
 1827 |     {CSR_UIMM123, {"uimm123", MISCREG_UIMM123, rvTypeFlags(RV64, RV32), isaExtsFlags()}},
      |                                                                  ^~~~
      |                                                                  gem5::enums::RV32
In file included from src/arch/riscv/regs/misc.hh:60,
                 from src/cpu/base.cc:53:
build/RISCV/enums/RiscvType.hh:15:9: note: ‘gem5::enums::RV32’ declared here
   15 |         RV32 = 0,
      |         ^~~~
In file included from src/cpu/base.cc:53:
src/arch/riscv/regs/misc.hh:1828:60: error: ‘RV64’ was not declared in this scope; did you mean ‘gem5::enums::RV64’?
 1828 |     {CSR_UIMM124, {"uimm124", MISCREG_UIMM124, rvTypeFlags(RV64, RV32), isaExtsFlags()}},
      |                                                            ^~~~
      |                                                            gem5::enums::RV64
In file included from src/arch/riscv/regs/misc.hh:60,
                 from src/cpu/base.cc:53:
build/RISCV/enums/RiscvType.hh:16:9: note: ‘gem5::enums::RV64’ declared here
   16 |         RV64 = 1,
      |         ^~~~
In file included from src/cpu/base.cc:53:
src/arch/riscv/regs/misc.hh:1828:66: error: ‘RV32’ was not declared in this scope; did you mean ‘gem5::enums::RV32’?
 1828 |     {CSR_UIMM124, {"uimm124", MISCREG_UIMM124, rvTypeFlags(RV64, RV32), isaExtsFlags()}},
      |                                                                  ^~~~
      |                                                                  gem5::enums::RV32
In file included from src/arch/riscv/regs/misc.hh:60,
                 from src/cpu/base.cc:53:
build/RISCV/enums/RiscvType.hh:15:9: note: ‘gem5::enums::RV32’ declared here
   15 |         RV32 = 0,
      |         ^~~~
In file included from src/cpu/base.cc:53:
src/arch/riscv/regs/misc.hh:1829:60: error: ‘RV64’ was not declared in this scope; did you mean ‘gem5::enums::RV64’?
 1829 |     {CSR_UIMM125, {"uimm125", MISCREG_UIMM125, rvTypeFlags(RV64, RV32), isaExtsFlags()}},
      |                                                            ^~~~
      |                                                            gem5::enums::RV64
In file included from src/arch/riscv/regs/misc.hh:60,
                 from src/cpu/base.cc:53:
build/RISCV/enums/RiscvType.hh:16:9: note: ‘gem5::enums::RV64’ declared here
   16 |         RV64 = 1,
      |         ^~~~
In file included from src/cpu/base.cc:53:
src/arch/riscv/regs/misc.hh:1829:66: error: ‘RV32’ was not declared in this scope; did you mean ‘gem5::enums::RV32’?
 1829 |     {CSR_UIMM125, {"uimm125", MISCREG_UIMM125, rvTypeFlags(RV64, RV32), isaExtsFlags()}},
      |                                                                  ^~~~
      |                                                                  gem5::enums::RV32
In file included from src/arch/riscv/regs/misc.hh:60,
                 from src/cpu/base.cc:53:
build/RISCV/enums/RiscvType.hh:15:9: note: ‘gem5::enums::RV32’ declared here
   15 |         RV32 = 0,
      |         ^~~~
In file included from src/cpu/base.cc:53:
src/arch/riscv/regs/misc.hh:1830:60: error: ‘RV64’ was not declared in this scope; did you mean ‘gem5::enums::RV64’?
 1830 |     {CSR_UIMM126, {"uimm126", MISCREG_UIMM126, rvTypeFlags(RV64, RV32), isaExtsFlags()}},
      |                                                            ^~~~
      |                                                            gem5::enums::RV64
In file included from src/arch/riscv/regs/misc.hh:60,
                 from src/cpu/base.cc:53:
build/RISCV/enums/RiscvType.hh:16:9: note: ‘gem5::enums::RV64’ declared here
   16 |         RV64 = 1,
      |         ^~~~
In file included from src/cpu/base.cc:53:
src/arch/riscv/regs/misc.hh:1830:66: error: ‘RV32’ was not declared in this scope; did you mean ‘gem5::enums::RV32’?
 1830 |     {CSR_UIMM126, {"uimm126", MISCREG_UIMM126, rvTypeFlags(RV64, RV32), isaExtsFlags()}},
      |                                                                  ^~~~
      |                                                                  gem5::enums::RV32
In file included from src/arch/riscv/regs/misc.hh:60,
                 from src/cpu/base.cc:53:
build/RISCV/enums/RiscvType.hh:15:9: note: ‘gem5::enums::RV32’ declared here
   15 |         RV32 = 0,
      |         ^~~~
In file included from src/cpu/base.cc:53:
src/arch/riscv/regs/misc.hh:1831:60: error: ‘RV64’ was not declared in this scope; did you mean ‘gem5::enums::RV64’?
 1831 |     {CSR_UIMM127, {"uimm127", MISCREG_UIMM127, rvTypeFlags(RV64, RV32), isaExtsFlags()}},
      |                                                            ^~~~
      |                                                            gem5::enums::RV64
In file included from src/arch/riscv/regs/misc.hh:60,
                 from src/cpu/base.cc:53:
build/RISCV/enums/RiscvType.hh:16:9: note: ‘gem5::enums::RV64’ declared here
   16 |         RV64 = 1,
      |         ^~~~
In file included from src/cpu/base.cc:53:
src/arch/riscv/regs/misc.hh:1831:66: error: ‘RV32’ was not declared in this scope; did you mean ‘gem5::enums::RV32’?
 1831 |     {CSR_UIMM127, {"uimm127", MISCREG_UIMM127, rvTypeFlags(RV64, RV32), isaExtsFlags()}},
      |                                                                  ^~~~
      |                                                                  gem5::enums::RV32
In file included from src/arch/riscv/regs/misc.hh:60,
                 from src/cpu/base.cc:53:
build/RISCV/enums/RiscvType.hh:15:9: note: ‘gem5::enums::RV32’ declared here
   15 |         RV32 = 0,
      |         ^~~~
In file included from src/cpu/base.cc:53:
src/arch/riscv/regs/misc.hh:1833:60: error: ‘RV64’ was not declared in this scope; did you mean ‘gem5::enums::RV64’?
 1833 |     {CSR_UCONST0, {"uconst0", MISCREG_UCONST0, rvTypeFlags(RV64, RV32), isaExtsFlags()}},
      |                                                            ^~~~
      |                                                            gem5::enums::RV64
In file included from src/arch/riscv/regs/misc.hh:60,
                 from src/cpu/base.cc:53:
build/RISCV/enums/RiscvType.hh:16:9: note: ‘gem5::enums::RV64’ declared here
   16 |         RV64 = 1,
      |         ^~~~
In file included from src/cpu/base.cc:53:
src/arch/riscv/regs/misc.hh:1833:66: error: ‘RV32’ was not declared in this scope; did you mean ‘gem5::enums::RV32’?
 1833 |     {CSR_UCONST0, {"uconst0", MISCREG_UCONST0, rvTypeFlags(RV64, RV32), isaExtsFlags()}},
      |                                                                  ^~~~
      |                                                                  gem5::enums::RV32
In file included from src/arch/riscv/regs/misc.hh:60,
                 from src/cpu/base.cc:53:
build/RISCV/enums/RiscvType.hh:15:9: note: ‘gem5::enums::RV32’ declared here
   15 |         RV32 = 0,
      |         ^~~~
In file included from src/cpu/base.cc:53:
src/arch/riscv/regs/misc.hh:1834:60: error: ‘RV64’ was not declared in this scope; did you mean ‘gem5::enums::RV64’?
 1834 |     {CSR_UCONST1, {"uconst1", MISCREG_UCONST1, rvTypeFlags(RV64, RV32), isaExtsFlags()}},
      |                                                            ^~~~
      |                                                            gem5::enums::RV64
In file included from src/arch/riscv/regs/misc.hh:60,
                 from src/cpu/base.cc:53:
build/RISCV/enums/RiscvType.hh:16:9: note: ‘gem5::enums::RV64’ declared here
   16 |         RV64 = 1,
      |         ^~~~
In file included from src/cpu/base.cc:53:
src/arch/riscv/regs/misc.hh:1834:66: error: ‘RV32’ was not declared in this scope; did you mean ‘gem5::enums::RV32’?
 1834 |     {CSR_UCONST1, {"uconst1", MISCREG_UCONST1, rvTypeFlags(RV64, RV32), isaExtsFlags()}},
      |                                                                  ^~~~
      |                                                                  gem5::enums::RV32
In file included from src/arch/riscv/regs/misc.hh:60,
                 from src/cpu/base.cc:53:
build/RISCV/enums/RiscvType.hh:15:9: note: ‘gem5::enums::RV32’ declared here
   15 |         RV32 = 0,
      |         ^~~~
In file included from src/cpu/base.cc:53:
src/arch/riscv/regs/misc.hh:1835:60: error: ‘RV64’ was not declared in this scope; did you mean ‘gem5::enums::RV64’?
 1835 |     {CSR_UCONST2, {"uconst2", MISCREG_UCONST2, rvTypeFlags(RV64, RV32), isaExtsFlags()}},
      |                                                            ^~~~
      |                                                            gem5::enums::RV64
In file included from src/arch/riscv/regs/misc.hh:60,
                 from src/cpu/base.cc:53:
build/RISCV/enums/RiscvType.hh:16:9: note: ‘gem5::enums::RV64’ declared here
   16 |         RV64 = 1,
      |         ^~~~
In file included from src/cpu/base.cc:53:
src/arch/riscv/regs/misc.hh:1835:66: error: ‘RV32’ was not declared in this scope; did you mean ‘gem5::enums::RV32’?
 1835 |     {CSR_UCONST2, {"uconst2", MISCREG_UCONST2, rvTypeFlags(RV64, RV32), isaExtsFlags()}},
      |                                                                  ^~~~
      |                                                                  gem5::enums::RV32
In file included from src/arch/riscv/regs/misc.hh:60,
                 from src/cpu/base.cc:53:
build/RISCV/enums/RiscvType.hh:15:9: note: ‘gem5::enums::RV32’ declared here
   15 |         RV32 = 0,
      |         ^~~~
In file included from src/cpu/base.cc:53:
src/arch/riscv/regs/misc.hh:1836:60: error: ‘RV64’ was not declared in this scope; did you mean ‘gem5::enums::RV64’?
 1836 |     {CSR_UCONST3, {"uconst3", MISCREG_UCONST3, rvTypeFlags(RV64, RV32), isaExtsFlags()}},
      |                                                            ^~~~
      |                                                            gem5::enums::RV64
In file included from src/arch/riscv/regs/misc.hh:60,
                 from src/cpu/base.cc:53:
build/RISCV/enums/RiscvType.hh:16:9: note: ‘gem5::enums::RV64’ declared here
   16 |         RV64 = 1,
      |         ^~~~
In file included from src/cpu/base.cc:53:
src/arch/riscv/regs/misc.hh:1836:66: error: ‘RV32’ was not declared in this scope; did you mean ‘gem5::enums::RV32’?
 1836 |     {CSR_UCONST3, {"uconst3", MISCREG_UCONST3, rvTypeFlags(RV64, RV32), isaExtsFlags()}},
      |                                                                  ^~~~
      |                                                                  gem5::enums::RV32
In file included from src/arch/riscv/regs/misc.hh:60,
                 from src/cpu/base.cc:53:
build/RISCV/enums/RiscvType.hh:15:9: note: ‘gem5::enums::RV32’ declared here
   15 |         RV32 = 0,
      |         ^~~~
In file included from src/cpu/base.cc:53:
src/arch/riscv/regs/misc.hh:1837:60: error: ‘RV64’ was not declared in this scope; did you mean ‘gem5::enums::RV64’?
 1837 |     {CSR_UCONST4, {"uconst4", MISCREG_UCONST4, rvTypeFlags(RV64, RV32), isaExtsFlags()}},
      |                                                            ^~~~
      |                                                            gem5::enums::RV64
In file included from src/arch/riscv/regs/misc.hh:60,
                 from src/cpu/base.cc:53:
build/RISCV/enums/RiscvType.hh:16:9: note: ‘gem5::enums::RV64’ declared here
   16 |         RV64 = 1,
      |         ^~~~
In file included from src/cpu/base.cc:53:
src/arch/riscv/regs/misc.hh:1837:66: error: ‘RV32’ was not declared in this scope; did you mean ‘gem5::enums::RV32’?
 1837 |     {CSR_UCONST4, {"uconst4", MISCREG_UCONST4, rvTypeFlags(RV64, RV32), isaExtsFlags()}},
      |                                                                  ^~~~
      |                                                                  gem5::enums::RV32
In file included from src/arch/riscv/regs/misc.hh:60,
                 from src/cpu/base.cc:53:
build/RISCV/enums/RiscvType.hh:15:9: note: ‘gem5::enums::RV32’ declared here
   15 |         RV32 = 0,
      |         ^~~~
In file included from src/cpu/base.cc:53:
src/arch/riscv/regs/misc.hh:1838:60: error: ‘RV64’ was not declared in this scope; did you mean ‘gem5::enums::RV64’?
 1838 |     {CSR_UCONST5, {"uconst5", MISCREG_UCONST5, rvTypeFlags(RV64, RV32), isaExtsFlags()}},
      |                                                            ^~~~
      |                                                            gem5::enums::RV64
In file included from src/arch/riscv/regs/misc.hh:60,
                 from src/cpu/base.cc:53:
build/RISCV/enums/RiscvType.hh:16:9: note: ‘gem5::enums::RV64’ declared here
   16 |         RV64 = 1,
      |         ^~~~
In file included from src/cpu/base.cc:53:
src/arch/riscv/regs/misc.hh:1838:66: error: ‘RV32’ was not declared in this scope; did you mean ‘gem5::enums::RV32’?
 1838 |     {CSR_UCONST5, {"uconst5", MISCREG_UCONST5, rvTypeFlags(RV64, RV32), isaExtsFlags()}},
      |                                                                  ^~~~
      |                                                                  gem5::enums::RV32
In file included from src/arch/riscv/regs/misc.hh:60,
                 from src/cpu/base.cc:53:
build/RISCV/enums/RiscvType.hh:15:9: note: ‘gem5::enums::RV32’ declared here
   15 |         RV32 = 0,
      |         ^~~~
In file included from src/cpu/base.cc:53:
src/arch/riscv/regs/misc.hh:1839:60: error: ‘RV64’ was not declared in this scope; did you mean ‘gem5::enums::RV64’?
 1839 |     {CSR_UCONST6, {"uconst6", MISCREG_UCONST6, rvTypeFlags(RV64, RV32), isaExtsFlags()}},
      |                                                            ^~~~
      |                                                            gem5::enums::RV64
In file included from src/arch/riscv/regs/misc.hh:60,
                 from src/cpu/base.cc:53:
build/RISCV/enums/RiscvType.hh:16:9: note: ‘gem5::enums::RV64’ declared here
   16 |         RV64 = 1,
      |         ^~~~
In file included from src/cpu/base.cc:53:
src/arch/riscv/regs/misc.hh:1839:66: error: ‘RV32’ was not declared in this scope; did you mean ‘gem5::enums::RV32’?
 1839 |     {CSR_UCONST6, {"uconst6", MISCREG_UCONST6, rvTypeFlags(RV64, RV32), isaExtsFlags()}},
      |                                                                  ^~~~
      |                                                                  gem5::enums::RV32
In file included from src/arch/riscv/regs/misc.hh:60,
                 from src/cpu/base.cc:53:
build/RISCV/enums/RiscvType.hh:15:9: note: ‘gem5::enums::RV32’ declared here
   15 |         RV32 = 0,
      |         ^~~~
In file included from src/cpu/base.cc:53:
src/arch/riscv/regs/misc.hh:1840:60: error: ‘RV64’ was not declared in this scope; did you mean ‘gem5::enums::RV64’?
 1840 |     {CSR_UCONST7, {"uconst7", MISCREG_UCONST7, rvTypeFlags(RV64, RV32), isaExtsFlags()}},
      |                                                            ^~~~
      |                                                            gem5::enums::RV64
In file included from src/arch/riscv/regs/misc.hh:60,
                 from src/cpu/base.cc:53:
build/RISCV/enums/RiscvType.hh:16:9: note: ‘gem5::enums::RV64’ declared here
   16 |         RV64 = 1,
      |         ^~~~
In file included from src/cpu/base.cc:53:
src/arch/riscv/regs/misc.hh:1840:66: error: ‘RV32’ was not declared in this scope; did you mean ‘gem5::enums::RV32’?
 1840 |     {CSR_UCONST7, {"uconst7", MISCREG_UCONST7, rvTypeFlags(RV64, RV32), isaExtsFlags()}},
      |                                                                  ^~~~
      |                                                                  gem5::enums::RV32
In file included from src/arch/riscv/regs/misc.hh:60,
                 from src/cpu/base.cc:53:
build/RISCV/enums/RiscvType.hh:15:9: note: ‘gem5::enums::RV32’ declared here
   15 |         RV32 = 0,
      |         ^~~~
In file included from src/cpu/base.cc:53:
src/arch/riscv/regs/misc.hh:1841:60: error: ‘RV64’ was not declared in this scope; did you mean ‘gem5::enums::RV64’?
 1841 |     {CSR_UCONST8, {"uconst8", MISCREG_UCONST8, rvTypeFlags(RV64, RV32), isaExtsFlags()}},
      |                                                            ^~~~
      |                                                            gem5::enums::RV64
In file included from src/arch/riscv/regs/misc.hh:60,
                 from src/cpu/base.cc:53:
build/RISCV/enums/RiscvType.hh:16:9: note: ‘gem5::enums::RV64’ declared here
   16 |         RV64 = 1,
      |         ^~~~
In file included from src/cpu/base.cc:53:
src/arch/riscv/regs/misc.hh:1841:66: error: ‘RV32’ was not declared in this scope; did you mean ‘gem5::enums::RV32’?
 1841 |     {CSR_UCONST8, {"uconst8", MISCREG_UCONST8, rvTypeFlags(RV64, RV32), isaExtsFlags()}},
      |                                                                  ^~~~
      |                                                                  gem5::enums::RV32
In file included from src/arch/riscv/regs/misc.hh:60,
                 from src/cpu/base.cc:53:
build/RISCV/enums/RiscvType.hh:15:9: note: ‘gem5::enums::RV32’ declared here
   15 |         RV32 = 0,
      |         ^~~~
In file included from src/cpu/base.cc:53:
src/arch/riscv/regs/misc.hh:1842:60: error: ‘RV64’ was not declared in this scope; did you mean ‘gem5::enums::RV64’?
 1842 |     {CSR_UCONST9, {"uconst9", MISCREG_UCONST9, rvTypeFlags(RV64, RV32), isaExtsFlags()}},
      |                                                            ^~~~
      |                                                            gem5::enums::RV64
In file included from src/arch/riscv/regs/misc.hh:60,
                 from src/cpu/base.cc:53:
build/RISCV/enums/RiscvType.hh:16:9: note: ‘gem5::enums::RV64’ declared here
   16 |         RV64 = 1,
      |         ^~~~
In file included from src/cpu/base.cc:53:
src/arch/riscv/regs/misc.hh:1842:66: error: ‘RV32’ was not declared in this scope; did you mean ‘gem5::enums::RV32’?
 1842 |     {CSR_UCONST9, {"uconst9", MISCREG_UCONST9, rvTypeFlags(RV64, RV32), isaExtsFlags()}},
      |                                                                  ^~~~
      |                                                                  gem5::enums::RV32
In file included from src/arch/riscv/regs/misc.hh:60,
                 from src/cpu/base.cc:53:
build/RISCV/enums/RiscvType.hh:15:9: note: ‘gem5::enums::RV32’ declared here
   15 |         RV32 = 0,
      |         ^~~~
In file included from src/cpu/base.cc:53:
src/arch/riscv/regs/misc.hh:1843:63: error: ‘RV64’ was not declared in this scope; did you mean ‘gem5::enums::RV64’?
 1843 |     {CSR_UCONST10, {"uconst10", MISCREG_UCONST10, rvTypeFlags(RV64, RV32), isaExtsFlags()}},
      |                                                               ^~~~
      |                                                               gem5::enums::RV64
In file included from src/arch/riscv/regs/misc.hh:60,
                 from src/cpu/base.cc:53:
build/RISCV/enums/RiscvType.hh:16:9: note: ‘gem5::enums::RV64’ declared here
   16 |         RV64 = 1,
      |         ^~~~
In file included from src/cpu/base.cc:53:
src/arch/riscv/regs/misc.hh:1843:69: error: ‘RV32’ was not declared in this scope; did you mean ‘gem5::enums::RV32’?
 1843 |     {CSR_UCONST10, {"uconst10", MISCREG_UCONST10, rvTypeFlags(RV64, RV32), isaExtsFlags()}},
      |                                                                     ^~~~
      |                                                                     gem5::enums::RV32
In file included from src/arch/riscv/regs/misc.hh:60,
                 from src/cpu/base.cc:53:
build/RISCV/enums/RiscvType.hh:15:9: note: ‘gem5::enums::RV32’ declared here
   15 |         RV32 = 0,
      |         ^~~~
In file included from src/cpu/base.cc:53:
src/arch/riscv/regs/misc.hh:1844:63: error: ‘RV64’ was not declared in this scope; did you mean ‘gem5::enums::RV64’?
 1844 |     {CSR_UCONST11, {"uconst11", MISCREG_UCONST11, rvTypeFlags(RV64, RV32), isaExtsFlags()}},
      |                                                               ^~~~
      |                                                               gem5::enums::RV64
In file included from src/arch/riscv/regs/misc.hh:60,
                 from src/cpu/base.cc:53:
build/RISCV/enums/RiscvType.hh:16:9: note: ‘gem5::enums::RV64’ declared here
   16 |         RV64 = 1,
      |         ^~~~
In file included from src/cpu/base.cc:53:
src/arch/riscv/regs/misc.hh:1844:69: error: ‘RV32’ was not declared in this scope; did you mean ‘gem5::enums::RV32’?
 1844 |     {CSR_UCONST11, {"uconst11", MISCREG_UCONST11, rvTypeFlags(RV64, RV32), isaExtsFlags()}},
      |                                                                     ^~~~
      |                                                                     gem5::enums::RV32
In file included from src/arch/riscv/regs/misc.hh:60,
                 from src/cpu/base.cc:53:
build/RISCV/enums/RiscvType.hh:15:9: note: ‘gem5::enums::RV32’ declared here
   15 |         RV32 = 0,
      |         ^~~~
In file included from src/cpu/base.cc:53:
src/arch/riscv/regs/misc.hh:1845:63: error: ‘RV64’ was not declared in this scope; did you mean ‘gem5::enums::RV64’?
 1845 |     {CSR_UCONST12, {"uconst12", MISCREG_UCONST12, rvTypeFlags(RV64, RV32), isaExtsFlags()}},
      |                                                               ^~~~
      |                                                               gem5::enums::RV64
In file included from src/arch/riscv/regs/misc.hh:60,
                 from src/cpu/base.cc:53:
build/RISCV/enums/RiscvType.hh:16:9: note: ‘gem5::enums::RV64’ declared here
   16 |         RV64 = 1,
      |         ^~~~
In file included from src/cpu/base.cc:53:
src/arch/riscv/regs/misc.hh:1845:69: error: ‘RV32’ was not declared in this scope; did you mean ‘gem5::enums::RV32’?
 1845 |     {CSR_UCONST12, {"uconst12", MISCREG_UCONST12, rvTypeFlags(RV64, RV32), isaExtsFlags()}},
      |                                                                     ^~~~
      |                                                                     gem5::enums::RV32
In file included from src/arch/riscv/regs/misc.hh:60,
                 from src/cpu/base.cc:53:
build/RISCV/enums/RiscvType.hh:15:9: note: ‘gem5::enums::RV32’ declared here
   15 |         RV32 = 0,
      |         ^~~~
In file included from src/cpu/base.cc:53:
src/arch/riscv/regs/misc.hh:1846:63: error: ‘RV64’ was not declared in this scope; did you mean ‘gem5::enums::RV64’?
 1846 |     {CSR_UCONST13, {"uconst13", MISCREG_UCONST13, rvTypeFlags(RV64, RV32), isaExtsFlags()}},
      |                                                               ^~~~
      |                                                               gem5::enums::RV64
In file included from src/arch/riscv/regs/misc.hh:60,
                 from src/cpu/base.cc:53:
build/RISCV/enums/RiscvType.hh:16:9: note: ‘gem5::enums::RV64’ declared here
   16 |         RV64 = 1,
      |         ^~~~
In file included from src/cpu/base.cc:53:
src/arch/riscv/regs/misc.hh:1846:69: error: ‘RV32’ was not declared in this scope; did you mean ‘gem5::enums::RV32’?
 1846 |     {CSR_UCONST13, {"uconst13", MISCREG_UCONST13, rvTypeFlags(RV64, RV32), isaExtsFlags()}},
      |                                                                     ^~~~
      |                                                                     gem5::enums::RV32
In file included from src/arch/riscv/regs/misc.hh:60,
                 from src/cpu/base.cc:53:
build/RISCV/enums/RiscvType.hh:15:9: note: ‘gem5::enums::RV32’ declared here
   15 |         RV32 = 0,
      |         ^~~~
In file included from src/cpu/base.cc:53:
src/arch/riscv/regs/misc.hh:1847:63: error: ‘RV64’ was not declared in this scope; did you mean ‘gem5::enums::RV64’?
 1847 |     {CSR_UCONST14, {"uconst14", MISCREG_UCONST14, rvTypeFlags(RV64, RV32), isaExtsFlags()}},
      |                                                               ^~~~
      |                                                               gem5::enums::RV64
In file included from src/arch/riscv/regs/misc.hh:60,
                 from src/cpu/base.cc:53:
build/RISCV/enums/RiscvType.hh:16:9: note: ‘gem5::enums::RV64’ declared here
   16 |         RV64 = 1,
      |         ^~~~
In file included from src/cpu/base.cc:53:
src/arch/riscv/regs/misc.hh:1847:69: error: ‘RV32’ was not declared in this scope; did you mean ‘gem5::enums::RV32’?
 1847 |     {CSR_UCONST14, {"uconst14", MISCREG_UCONST14, rvTypeFlags(RV64, RV32), isaExtsFlags()}},
      |                                                                     ^~~~
      |                                                                     gem5::enums::RV32
In file included from src/arch/riscv/regs/misc.hh:60,
                 from src/cpu/base.cc:53:
build/RISCV/enums/RiscvType.hh:15:9: note: ‘gem5::enums::RV32’ declared here
   15 |         RV32 = 0,
      |         ^~~~
In file included from src/cpu/base.cc:53:
src/arch/riscv/regs/misc.hh:1848:63: error: ‘RV64’ was not declared in this scope; did you mean ‘gem5::enums::RV64’?
 1848 |     {CSR_UCONST15, {"uconst15", MISCREG_UCONST15, rvTypeFlags(RV64, RV32), isaExtsFlags()}},
      |                                                               ^~~~
      |                                                               gem5::enums::RV64
In file included from src/arch/riscv/regs/misc.hh:60,
                 from src/cpu/base.cc:53:
build/RISCV/enums/RiscvType.hh:16:9: note: ‘gem5::enums::RV64’ declared here
   16 |         RV64 = 1,
      |         ^~~~
In file included from src/cpu/base.cc:53:
src/arch/riscv/regs/misc.hh:1848:69: error: ‘RV32’ was not declared in this scope; did you mean ‘gem5::enums::RV32’?
 1848 |     {CSR_UCONST15, {"uconst15", MISCREG_UCONST15, rvTypeFlags(RV64, RV32), isaExtsFlags()}},
      |                                                                     ^~~~
      |                                                                     gem5::enums::RV32
In file included from src/arch/riscv/regs/misc.hh:60,
                 from src/cpu/base.cc:53:
build/RISCV/enums/RiscvType.hh:15:9: note: ‘gem5::enums::RV32’ declared here
   15 |         RV32 = 0,
      |         ^~~~
In file included from src/cpu/base.cc:53:
src/arch/riscv/regs/misc.hh:1849:63: error: ‘RV64’ was not declared in this scope; did you mean ‘gem5::enums::RV64’?
 1849 |     {CSR_UCONST16, {"uconst16", MISCREG_UCONST16, rvTypeFlags(RV64, RV32), isaExtsFlags()}},
      |                                                               ^~~~
      |                                                               gem5::enums::RV64
In file included from src/arch/riscv/regs/misc.hh:60,
                 from src/cpu/base.cc:53:
build/RISCV/enums/RiscvType.hh:16:9: note: ‘gem5::enums::RV64’ declared here
   16 |         RV64 = 1,
      |         ^~~~
In file included from src/cpu/base.cc:53:
src/arch/riscv/regs/misc.hh:1849:69: error: ‘RV32’ was not declared in this scope; did you mean ‘gem5::enums::RV32’?
 1849 |     {CSR_UCONST16, {"uconst16", MISCREG_UCONST16, rvTypeFlags(RV64, RV32), isaExtsFlags()}},
      |                                                                     ^~~~
      |                                                                     gem5::enums::RV32
In file included from src/arch/riscv/regs/misc.hh:60,
                 from src/cpu/base.cc:53:
build/RISCV/enums/RiscvType.hh:15:9: note: ‘gem5::enums::RV32’ declared here
   15 |         RV32 = 0,
      |         ^~~~
In file included from src/cpu/base.cc:53:
src/arch/riscv/regs/misc.hh:1850:63: error: ‘RV64’ was not declared in this scope; did you mean ‘gem5::enums::RV64’?
 1850 |     {CSR_UCONST17, {"uconst17", MISCREG_UCONST17, rvTypeFlags(RV64, RV32), isaExtsFlags()}},
      |                                                               ^~~~
      |                                                               gem5::enums::RV64
In file included from src/arch/riscv/regs/misc.hh:60,
                 from src/cpu/base.cc:53:
build/RISCV/enums/RiscvType.hh:16:9: note: ‘gem5::enums::RV64’ declared here
   16 |         RV64 = 1,
      |         ^~~~
In file included from src/cpu/base.cc:53:
src/arch/riscv/regs/misc.hh:1850:69: error: ‘RV32’ was not declared in this scope; did you mean ‘gem5::enums::RV32’?
 1850 |     {CSR_UCONST17, {"uconst17", MISCREG_UCONST17, rvTypeFlags(RV64, RV32), isaExtsFlags()}},
      |                                                                     ^~~~
      |                                                                     gem5::enums::RV32
In file included from src/arch/riscv/regs/misc.hh:60,
                 from src/cpu/base.cc:53:
build/RISCV/enums/RiscvType.hh:15:9: note: ‘gem5::enums::RV32’ declared here
   15 |         RV32 = 0,
      |         ^~~~
In file included from src/cpu/base.cc:53:
src/arch/riscv/regs/misc.hh:1851:63: error: ‘RV64’ was not declared in this scope; did you mean ‘gem5::enums::RV64’?
 1851 |     {CSR_UCONST18, {"uconst18", MISCREG_UCONST18, rvTypeFlags(RV64, RV32), isaExtsFlags()}},
      |                                                               ^~~~
      |                                                               gem5::enums::RV64
In file included from src/arch/riscv/regs/misc.hh:60,
                 from src/cpu/base.cc:53:
build/RISCV/enums/RiscvType.hh:16:9: note: ‘gem5::enums::RV64’ declared here
   16 |         RV64 = 1,
      |         ^~~~
In file included from src/cpu/base.cc:53:
src/arch/riscv/regs/misc.hh:1851:69: error: ‘RV32’ was not declared in this scope; did you mean ‘gem5::enums::RV32’?
 1851 |     {CSR_UCONST18, {"uconst18", MISCREG_UCONST18, rvTypeFlags(RV64, RV32), isaExtsFlags()}},
      |                                                                     ^~~~
      |                                                                     gem5::enums::RV32
In file included from src/arch/riscv/regs/misc.hh:60,
                 from src/cpu/base.cc:53:
build/RISCV/enums/RiscvType.hh:15:9: note: ‘gem5::enums::RV32’ declared here
   15 |         RV32 = 0,
      |         ^~~~
In file included from src/cpu/base.cc:53:
src/arch/riscv/regs/misc.hh:1852:63: error: ‘RV64’ was not declared in this scope; did you mean ‘gem5::enums::RV64’?
 1852 |     {CSR_UCONST19, {"uconst19", MISCREG_UCONST19, rvTypeFlags(RV64, RV32), isaExtsFlags()}},
      |                                                               ^~~~
      |                                                               gem5::enums::RV64
In file included from src/arch/riscv/regs/misc.hh:60,
                 from src/cpu/base.cc:53:
build/RISCV/enums/RiscvType.hh:16:9: note: ‘gem5::enums::RV64’ declared here
   16 |         RV64 = 1,
      |         ^~~~
In file included from src/cpu/base.cc:53:
src/arch/riscv/regs/misc.hh:1852:69: error: ‘RV32’ was not declared in this scope; did you mean ‘gem5::enums::RV32’?
 1852 |     {CSR_UCONST19, {"uconst19", MISCREG_UCONST19, rvTypeFlags(RV64, RV32), isaExtsFlags()}},
      |                                                                     ^~~~
      |                                                                     gem5::enums::RV32
In file included from src/arch/riscv/regs/misc.hh:60,
                 from src/cpu/base.cc:53:
build/RISCV/enums/RiscvType.hh:15:9: note: ‘gem5::enums::RV32’ declared here
   15 |         RV32 = 0,
      |         ^~~~
In file included from src/cpu/base.cc:53:
src/arch/riscv/regs/misc.hh:1853:63: error: ‘RV64’ was not declared in this scope; did you mean ‘gem5::enums::RV64’?
 1853 |     {CSR_UCONST20, {"uconst20", MISCREG_UCONST20, rvTypeFlags(RV64, RV32), isaExtsFlags()}},
      |                                                               ^~~~
      |                                                               gem5::enums::RV64
In file included from src/arch/riscv/regs/misc.hh:60,
                 from src/cpu/base.cc:53:
build/RISCV/enums/RiscvType.hh:16:9: note: ‘gem5::enums::RV64’ declared here
   16 |         RV64 = 1,
      |         ^~~~
In file included from src/cpu/base.cc:53:
src/arch/riscv/regs/misc.hh:1853:69: error: ‘RV32’ was not declared in this scope; did you mean ‘gem5::enums::RV32’?
 1853 |     {CSR_UCONST20, {"uconst20", MISCREG_UCONST20, rvTypeFlags(RV64, RV32), isaExtsFlags()}},
      |                                                                     ^~~~
      |                                                                     gem5::enums::RV32
In file included from src/arch/riscv/regs/misc.hh:60,
                 from src/cpu/base.cc:53:
build/RISCV/enums/RiscvType.hh:15:9: note: ‘gem5::enums::RV32’ declared here
   15 |         RV32 = 0,
      |         ^~~~
In file included from src/cpu/base.cc:53:
src/arch/riscv/regs/misc.hh:1854:63: error: ‘RV64’ was not declared in this scope; did you mean ‘gem5::enums::RV64’?
 1854 |     {CSR_UCONST21, {"uconst21", MISCREG_UCONST21, rvTypeFlags(RV64, RV32), isaExtsFlags()}},
      |                                                               ^~~~
      |                                                               gem5::enums::RV64
In file included from src/arch/riscv/regs/misc.hh:60,
                 from src/cpu/base.cc:53:
build/RISCV/enums/RiscvType.hh:16:9: note: ‘gem5::enums::RV64’ declared here
   16 |         RV64 = 1,
      |         ^~~~
In file included from src/cpu/base.cc:53:
src/arch/riscv/regs/misc.hh:1854:69: error: ‘RV32’ was not declared in this scope; did you mean ‘gem5::enums::RV32’?
 1854 |     {CSR_UCONST21, {"uconst21", MISCREG_UCONST21, rvTypeFlags(RV64, RV32), isaExtsFlags()}},
      |                                                                     ^~~~
      |                                                                     gem5::enums::RV32
In file included from src/arch/riscv/regs/misc.hh:60,
                 from src/cpu/base.cc:53:
build/RISCV/enums/RiscvType.hh:15:9: note: ‘gem5::enums::RV32’ declared here
   15 |         RV32 = 0,
      |         ^~~~
In file included from src/cpu/base.cc:53:
src/arch/riscv/regs/misc.hh:1855:63: error: ‘RV64’ was not declared in this scope; did you mean ‘gem5::enums::RV64’?
 1855 |     {CSR_UCONST22, {"uconst22", MISCREG_UCONST22, rvTypeFlags(RV64, RV32), isaExtsFlags()}},
      |                                                               ^~~~
      |                                                               gem5::enums::RV64
In file included from src/arch/riscv/regs/misc.hh:60,
                 from src/cpu/base.cc:53:
build/RISCV/enums/RiscvType.hh:16:9: note: ‘gem5::enums::RV64’ declared here
   16 |         RV64 = 1,
      |         ^~~~
In file included from src/cpu/base.cc:53:
src/arch/riscv/regs/misc.hh:1855:69: error: ‘RV32’ was not declared in this scope; did you mean ‘gem5::enums::RV32’?
 1855 |     {CSR_UCONST22, {"uconst22", MISCREG_UCONST22, rvTypeFlags(RV64, RV32), isaExtsFlags()}},
      |                                                                     ^~~~
      |                                                                     gem5::enums::RV32
In file included from src/arch/riscv/regs/misc.hh:60,
                 from src/cpu/base.cc:53:
build/RISCV/enums/RiscvType.hh:15:9: note: ‘gem5::enums::RV32’ declared here
   15 |         RV32 = 0,
      |         ^~~~
In file included from src/cpu/base.cc:53:
src/arch/riscv/regs/misc.hh:1856:63: error: ‘RV64’ was not declared in this scope; did you mean ‘gem5::enums::RV64’?
 1856 |     {CSR_UCONST23, {"uconst23", MISCREG_UCONST23, rvTypeFlags(RV64, RV32), isaExtsFlags()}},
      |                                                               ^~~~
      |                                                               gem5::enums::RV64
In file included from src/arch/riscv/regs/misc.hh:60,
                 from src/cpu/base.cc:53:
build/RISCV/enums/RiscvType.hh:16:9: note: ‘gem5::enums::RV64’ declared here
   16 |         RV64 = 1,
      |         ^~~~
In file included from src/cpu/base.cc:53:
src/arch/riscv/regs/misc.hh:1856:69: error: ‘RV32’ was not declared in this scope; did you mean ‘gem5::enums::RV32’?
 1856 |     {CSR_UCONST23, {"uconst23", MISCREG_UCONST23, rvTypeFlags(RV64, RV32), isaExtsFlags()}},
      |                                                                     ^~~~
      |                                                                     gem5::enums::RV32
In file included from src/arch/riscv/regs/misc.hh:60,
                 from src/cpu/base.cc:53:
build/RISCV/enums/RiscvType.hh:15:9: note: ‘gem5::enums::RV32’ declared here
   15 |         RV32 = 0,
      |         ^~~~
In file included from src/cpu/base.cc:53:
src/arch/riscv/regs/misc.hh:1857:63: error: ‘RV64’ was not declared in this scope; did you mean ‘gem5::enums::RV64’?
 1857 |     {CSR_UCONST24, {"uconst24", MISCREG_UCONST24, rvTypeFlags(RV64, RV32), isaExtsFlags()}},
      |                                                               ^~~~
      |                                                               gem5::enums::RV64
In file included from src/arch/riscv/regs/misc.hh:60,
                 from src/cpu/base.cc:53:
build/RISCV/enums/RiscvType.hh:16:9: note: ‘gem5::enums::RV64’ declared here
   16 |         RV64 = 1,
      |         ^~~~
In file included from src/cpu/base.cc:53:
src/arch/riscv/regs/misc.hh:1857:69: error: ‘RV32’ was not declared in this scope; did you mean ‘gem5::enums::RV32’?
 1857 |     {CSR_UCONST24, {"uconst24", MISCREG_UCONST24, rvTypeFlags(RV64, RV32), isaExtsFlags()}},
      |                                                                     ^~~~
      |                                                                     gem5::enums::RV32
In file included from src/arch/riscv/regs/misc.hh:60,
                 from src/cpu/base.cc:53:
build/RISCV/enums/RiscvType.hh:15:9: note: ‘gem5::enums::RV32’ declared here
   15 |         RV32 = 0,
      |         ^~~~
In file included from src/cpu/base.cc:53:
src/arch/riscv/regs/misc.hh:1858:63: error: ‘RV64’ was not declared in this scope; did you mean ‘gem5::enums::RV64’?
 1858 |     {CSR_UCONST25, {"uconst25", MISCREG_UCONST25, rvTypeFlags(RV64, RV32), isaExtsFlags()}},
      |                                                               ^~~~
      |                                                               gem5::enums::RV64
In file included from src/arch/riscv/regs/misc.hh:60,
                 from src/cpu/base.cc:53:
build/RISCV/enums/RiscvType.hh:16:9: note: ‘gem5::enums::RV64’ declared here
   16 |         RV64 = 1,
      |         ^~~~
In file included from src/cpu/base.cc:53:
src/arch/riscv/regs/misc.hh:1858:69: error: ‘RV32’ was not declared in this scope; did you mean ‘gem5::enums::RV32’?
 1858 |     {CSR_UCONST25, {"uconst25", MISCREG_UCONST25, rvTypeFlags(RV64, RV32), isaExtsFlags()}},
      |                                                                     ^~~~
      |                                                                     gem5::enums::RV32
In file included from src/arch/riscv/regs/misc.hh:60,
                 from src/cpu/base.cc:53:
build/RISCV/enums/RiscvType.hh:15:9: note: ‘gem5::enums::RV32’ declared here
   15 |         RV32 = 0,
      |         ^~~~
In file included from src/cpu/base.cc:53:
src/arch/riscv/regs/misc.hh:1859:63: error: ‘RV64’ was not declared in this scope; did you mean ‘gem5::enums::RV64’?
 1859 |     {CSR_UCONST26, {"uconst26", MISCREG_UCONST26, rvTypeFlags(RV64, RV32), isaExtsFlags()}},
      |                                                               ^~~~
      |                                                               gem5::enums::RV64
In file included from src/arch/riscv/regs/misc.hh:60,
                 from src/cpu/base.cc:53:
build/RISCV/enums/RiscvType.hh:16:9: note: ‘gem5::enums::RV64’ declared here
   16 |         RV64 = 1,
      |         ^~~~
In file included from src/cpu/base.cc:53:
src/arch/riscv/regs/misc.hh:1859:69: error: ‘RV32’ was not declared in this scope; did you mean ‘gem5::enums::RV32’?
 1859 |     {CSR_UCONST26, {"uconst26", MISCREG_UCONST26, rvTypeFlags(RV64, RV32), isaExtsFlags()}},
      |                                                                     ^~~~
      |                                                                     gem5::enums::RV32
In file included from src/arch/riscv/regs/misc.hh:60,
                 from src/cpu/base.cc:53:
build/RISCV/enums/RiscvType.hh:15:9: note: ‘gem5::enums::RV32’ declared here
   15 |         RV32 = 0,
      |         ^~~~
In file included from src/cpu/base.cc:53:
src/arch/riscv/regs/misc.hh:1860:63: error: ‘RV64’ was not declared in this scope; did you mean ‘gem5::enums::RV64’?
 1860 |     {CSR_UCONST27, {"uconst27", MISCREG_UCONST27, rvTypeFlags(RV64, RV32), isaExtsFlags()}},
      |                                                               ^~~~
      |                                                               gem5::enums::RV64
In file included from src/arch/riscv/regs/misc.hh:60,
                 from src/cpu/base.cc:53:
build/RISCV/enums/RiscvType.hh:16:9: note: ‘gem5::enums::RV64’ declared here
   16 |         RV64 = 1,
      |         ^~~~
In file included from src/cpu/base.cc:53:
src/arch/riscv/regs/misc.hh:1860:69: error: ‘RV32’ was not declared in this scope; did you mean ‘gem5::enums::RV32’?
 1860 |     {CSR_UCONST27, {"uconst27", MISCREG_UCONST27, rvTypeFlags(RV64, RV32), isaExtsFlags()}},
      |                                                                     ^~~~
      |                                                                     gem5::enums::RV32
In file included from src/arch/riscv/regs/misc.hh:60,
                 from src/cpu/base.cc:53:
build/RISCV/enums/RiscvType.hh:15:9: note: ‘gem5::enums::RV32’ declared here
   15 |         RV32 = 0,
      |         ^~~~
In file included from src/cpu/base.cc:53:
src/arch/riscv/regs/misc.hh:1861:63: error: ‘RV64’ was not declared in this scope; did you mean ‘gem5::enums::RV64’?
 1861 |     {CSR_UCONST28, {"uconst28", MISCREG_UCONST28, rvTypeFlags(RV64, RV32), isaExtsFlags()}},
      |                                                               ^~~~
      |                                                               gem5::enums::RV64
In file included from src/arch/riscv/regs/misc.hh:60,
                 from src/cpu/base.cc:53:
build/RISCV/enums/RiscvType.hh:16:9: note: ‘gem5::enums::RV64’ declared here
   16 |         RV64 = 1,
      |         ^~~~
In file included from src/cpu/base.cc:53:
src/arch/riscv/regs/misc.hh:1861:69: error: ‘RV32’ was not declared in this scope; did you mean ‘gem5::enums::RV32’?
 1861 |     {CSR_UCONST28, {"uconst28", MISCREG_UCONST28, rvTypeFlags(RV64, RV32), isaExtsFlags()}},
      |                                                                     ^~~~
      |                                                                     gem5::enums::RV32
In file included from src/arch/riscv/regs/misc.hh:60,
                 from src/cpu/base.cc:53:
build/RISCV/enums/RiscvType.hh:15:9: note: ‘gem5::enums::RV32’ declared here
   15 |         RV32 = 0,
      |         ^~~~
In file included from src/cpu/base.cc:53:
src/arch/riscv/regs/misc.hh:1862:63: error: ‘RV64’ was not declared in this scope; did you mean ‘gem5::enums::RV64’?
 1862 |     {CSR_UCONST29, {"uconst29", MISCREG_UCONST29, rvTypeFlags(RV64, RV32), isaExtsFlags()}},
      |                                                               ^~~~
      |                                                               gem5::enums::RV64
In file included from src/arch/riscv/regs/misc.hh:60,
                 from src/cpu/base.cc:53:
build/RISCV/enums/RiscvType.hh:16:9: note: ‘gem5::enums::RV64’ declared here
   16 |         RV64 = 1,
      |         ^~~~
In file included from src/cpu/base.cc:53:
src/arch/riscv/regs/misc.hh:1862:69: error: ‘RV32’ was not declared in this scope; did you mean ‘gem5::enums::RV32’?
 1862 |     {CSR_UCONST29, {"uconst29", MISCREG_UCONST29, rvTypeFlags(RV64, RV32), isaExtsFlags()}},
      |                                                                     ^~~~
      |                                                                     gem5::enums::RV32
In file included from src/arch/riscv/regs/misc.hh:60,
                 from src/cpu/base.cc:53:
build/RISCV/enums/RiscvType.hh:15:9: note: ‘gem5::enums::RV32’ declared here
   15 |         RV32 = 0,
      |         ^~~~
In file included from src/cpu/base.cc:53:
src/arch/riscv/regs/misc.hh:1863:63: error: ‘RV64’ was not declared in this scope; did you mean ‘gem5::enums::RV64’?
 1863 |     {CSR_UCONST30, {"uconst30", MISCREG_UCONST30, rvTypeFlags(RV64, RV32), isaExtsFlags()}},
      |                                                               ^~~~
      |                                                               gem5::enums::RV64
In file included from src/arch/riscv/regs/misc.hh:60,
                 from src/cpu/base.cc:53:
build/RISCV/enums/RiscvType.hh:16:9: note: ‘gem5::enums::RV64’ declared here
   16 |         RV64 = 1,
      |         ^~~~
In file included from src/cpu/base.cc:53:
src/arch/riscv/regs/misc.hh:1863:69: error: ‘RV32’ was not declared in this scope; did you mean ‘gem5::enums::RV32’?
 1863 |     {CSR_UCONST30, {"uconst30", MISCREG_UCONST30, rvTypeFlags(RV64, RV32), isaExtsFlags()}},
      |                                                                     ^~~~
      |                                                                     gem5::enums::RV32
In file included from src/arch/riscv/regs/misc.hh:60,
                 from src/cpu/base.cc:53:
build/RISCV/enums/RiscvType.hh:15:9: note: ‘gem5::enums::RV32’ declared here
   15 |         RV32 = 0,
      |         ^~~~
In file included from src/cpu/base.cc:53:
src/arch/riscv/regs/misc.hh:1864:63: error: ‘RV64’ was not declared in this scope; did you mean ‘gem5::enums::RV64’?
 1864 |     {CSR_UCONST31, {"uconst31", MISCREG_UCONST31, rvTypeFlags(RV64, RV32), isaExtsFlags()}},
      |                                                               ^~~~
      |                                                               gem5::enums::RV64
In file included from src/arch/riscv/regs/misc.hh:60,
                 from src/cpu/base.cc:53:
build/RISCV/enums/RiscvType.hh:16:9: note: ‘gem5::enums::RV64’ declared here
   16 |         RV64 = 1,
      |         ^~~~
In file included from src/cpu/base.cc:53:
src/arch/riscv/regs/misc.hh:1864:69: error: ‘RV32’ was not declared in this scope; did you mean ‘gem5::enums::RV32’?
 1864 |     {CSR_UCONST31, {"uconst31", MISCREG_UCONST31, rvTypeFlags(RV64, RV32), isaExtsFlags()}},
      |                                                                     ^~~~
      |                                                                     gem5::enums::RV32
In file included from src/arch/riscv/regs/misc.hh:60,
                 from src/cpu/base.cc:53:
build/RISCV/enums/RiscvType.hh:15:9: note: ‘gem5::enums::RV32’ declared here
   15 |         RV32 = 0,
      |         ^~~~
In file included from src/cpu/base.cc:53:
src/arch/riscv/regs/misc.hh:1865:63: error: ‘RV64’ was not declared in this scope; did you mean ‘gem5::enums::RV64’?
 1865 |     {CSR_UCONST32, {"uconst32", MISCREG_UCONST32, rvTypeFlags(RV64, RV32), isaExtsFlags()}},
      |                                                               ^~~~
      |                                                               gem5::enums::RV64
In file included from src/arch/riscv/regs/misc.hh:60,
                 from src/cpu/base.cc:53:
build/RISCV/enums/RiscvType.hh:16:9: note: ‘gem5::enums::RV64’ declared here
   16 |         RV64 = 1,
      |         ^~~~
In file included from src/cpu/base.cc:53:
src/arch/riscv/regs/misc.hh:1865:69: error: ‘RV32’ was not declared in this scope; did you mean ‘gem5::enums::RV32’?
 1865 |     {CSR_UCONST32, {"uconst32", MISCREG_UCONST32, rvTypeFlags(RV64, RV32), isaExtsFlags()}},
      |                                                                     ^~~~
      |                                                                     gem5::enums::RV32
In file included from src/arch/riscv/regs/misc.hh:60,
                 from src/cpu/base.cc:53:
build/RISCV/enums/RiscvType.hh:15:9: note: ‘gem5::enums::RV32’ declared here
   15 |         RV32 = 0,
      |         ^~~~
In file included from src/cpu/base.cc:53:
src/arch/riscv/regs/misc.hh:1866:63: error: ‘RV64’ was not declared in this scope; did you mean ‘gem5::enums::RV64’?
 1866 |     {CSR_UCONST33, {"uconst33", MISCREG_UCONST33, rvTypeFlags(RV64, RV32), isaExtsFlags()}},
      |                                                               ^~~~
      |                                                               gem5::enums::RV64
In file included from src/arch/riscv/regs/misc.hh:60,
                 from src/cpu/base.cc:53:
build/RISCV/enums/RiscvType.hh:16:9: note: ‘gem5::enums::RV64’ declared here
   16 |         RV64 = 1,
      |         ^~~~
In file included from src/cpu/base.cc:53:
src/arch/riscv/regs/misc.hh:1866:69: error: ‘RV32’ was not declared in this scope; did you mean ‘gem5::enums::RV32’?
 1866 |     {CSR_UCONST33, {"uconst33", MISCREG_UCONST33, rvTypeFlags(RV64, RV32), isaExtsFlags()}},
      |                                                                     ^~~~
      |                                                                     gem5::enums::RV32
In file included from src/arch/riscv/regs/misc.hh:60,
                 from src/cpu/base.cc:53:
build/RISCV/enums/RiscvType.hh:15:9: note: ‘gem5::enums::RV32’ declared here
   15 |         RV32 = 0,
      |         ^~~~
In file included from src/cpu/base.cc:53:
src/arch/riscv/regs/misc.hh:1867:63: error: ‘RV64’ was not declared in this scope; did you mean ‘gem5::enums::RV64’?
 1867 |     {CSR_UCONST34, {"uconst34", MISCREG_UCONST34, rvTypeFlags(RV64, RV32), isaExtsFlags()}},
      |                                                               ^~~~
      |                                                               gem5::enums::RV64
In file included from src/arch/riscv/regs/misc.hh:60,
                 from src/cpu/base.cc:53:
build/RISCV/enums/RiscvType.hh:16:9: note: ‘gem5::enums::RV64’ declared here
   16 |         RV64 = 1,
      |         ^~~~
In file included from src/cpu/base.cc:53:
src/arch/riscv/regs/misc.hh:1867:69: error: ‘RV32’ was not declared in this scope; did you mean ‘gem5::enums::RV32’?
 1867 |     {CSR_UCONST34, {"uconst34", MISCREG_UCONST34, rvTypeFlags(RV64, RV32), isaExtsFlags()}},
      |                                                                     ^~~~
      |                                                                     gem5::enums::RV32
In file included from src/arch/riscv/regs/misc.hh:60,
                 from src/cpu/base.cc:53:
build/RISCV/enums/RiscvType.hh:15:9: note: ‘gem5::enums::RV32’ declared here
   15 |         RV32 = 0,
      |         ^~~~
In file included from src/cpu/base.cc:53:
src/arch/riscv/regs/misc.hh:1868:63: error: ‘RV64’ was not declared in this scope; did you mean ‘gem5::enums::RV64’?
 1868 |     {CSR_UCONST35, {"uconst35", MISCREG_UCONST35, rvTypeFlags(RV64, RV32), isaExtsFlags()}},
      |                                                               ^~~~
      |                                                               gem5::enums::RV64
In file included from src/arch/riscv/regs/misc.hh:60,
                 from src/cpu/base.cc:53:
build/RISCV/enums/RiscvType.hh:16:9: note: ‘gem5::enums::RV64’ declared here
   16 |         RV64 = 1,
      |         ^~~~
In file included from src/cpu/base.cc:53:
src/arch/riscv/regs/misc.hh:1868:69: error: ‘RV32’ was not declared in this scope; did you mean ‘gem5::enums::RV32’?
 1868 |     {CSR_UCONST35, {"uconst35", MISCREG_UCONST35, rvTypeFlags(RV64, RV32), isaExtsFlags()}},
      |                                                                     ^~~~
      |                                                                     gem5::enums::RV32
In file included from src/arch/riscv/regs/misc.hh:60,
                 from src/cpu/base.cc:53:
build/RISCV/enums/RiscvType.hh:15:9: note: ‘gem5::enums::RV32’ declared here
   15 |         RV32 = 0,
      |         ^~~~
In file included from src/cpu/base.cc:53:
src/arch/riscv/regs/misc.hh:1869:63: error: ‘RV64’ was not declared in this scope; did you mean ‘gem5::enums::RV64’?
 1869 |     {CSR_UCONST36, {"uconst36", MISCREG_UCONST36, rvTypeFlags(RV64, RV32), isaExtsFlags()}},
      |                                                               ^~~~
      |                                                               gem5::enums::RV64
In file included from src/arch/riscv/regs/misc.hh:60,
                 from src/cpu/base.cc:53:
build/RISCV/enums/RiscvType.hh:16:9: note: ‘gem5::enums::RV64’ declared here
   16 |         RV64 = 1,
      |         ^~~~
In file included from src/cpu/base.cc:53:
src/arch/riscv/regs/misc.hh:1869:69: error: ‘RV32’ was not declared in this scope; did you mean ‘gem5::enums::RV32’?
 1869 |     {CSR_UCONST36, {"uconst36", MISCREG_UCONST36, rvTypeFlags(RV64, RV32), isaExtsFlags()}},
      |                                                                     ^~~~
      |                                                                     gem5::enums::RV32
In file included from src/arch/riscv/regs/misc.hh:60,
                 from src/cpu/base.cc:53:
build/RISCV/enums/RiscvType.hh:15:9: note: ‘gem5::enums::RV32’ declared here
   15 |         RV32 = 0,
      |         ^~~~
In file included from src/cpu/base.cc:53:
src/arch/riscv/regs/misc.hh:1870:63: error: ‘RV64’ was not declared in this scope; did you mean ‘gem5::enums::RV64’?
 1870 |     {CSR_UCONST37, {"uconst37", MISCREG_UCONST37, rvTypeFlags(RV64, RV32), isaExtsFlags()}},
      |                                                               ^~~~
      |                                                               gem5::enums::RV64
In file included from src/arch/riscv/regs/misc.hh:60,
                 from src/cpu/base.cc:53:
build/RISCV/enums/RiscvType.hh:16:9: note: ‘gem5::enums::RV64’ declared here
   16 |         RV64 = 1,
      |         ^~~~
In file included from src/cpu/base.cc:53:
src/arch/riscv/regs/misc.hh:1870:69: error: ‘RV32’ was not declared in this scope; did you mean ‘gem5::enums::RV32’?
 1870 |     {CSR_UCONST37, {"uconst37", MISCREG_UCONST37, rvTypeFlags(RV64, RV32), isaExtsFlags()}},
      |                                                                     ^~~~
      |                                                                     gem5::enums::RV32
In file included from src/arch/riscv/regs/misc.hh:60,
                 from src/cpu/base.cc:53:
build/RISCV/enums/RiscvType.hh:15:9: note: ‘gem5::enums::RV32’ declared here
   15 |         RV32 = 0,
      |         ^~~~
In file included from src/cpu/base.cc:53:
src/arch/riscv/regs/misc.hh:1871:63: error: ‘RV64’ was not declared in this scope; did you mean ‘gem5::enums::RV64’?
 1871 |     {CSR_UCONST38, {"uconst38", MISCREG_UCONST38, rvTypeFlags(RV64, RV32), isaExtsFlags()}},
      |                                                               ^~~~
      |                                                               gem5::enums::RV64
In file included from src/arch/riscv/regs/misc.hh:60,
                 from src/cpu/base.cc:53:
build/RISCV/enums/RiscvType.hh:16:9: note: ‘gem5::enums::RV64’ declared here
   16 |         RV64 = 1,
      |         ^~~~
In file included from src/cpu/base.cc:53:
src/arch/riscv/regs/misc.hh:1871:69: error: ‘RV32’ was not declared in this scope; did you mean ‘gem5::enums::RV32’?
 1871 |     {CSR_UCONST38, {"uconst38", MISCREG_UCONST38, rvTypeFlags(RV64, RV32), isaExtsFlags()}},
      |                                                                     ^~~~
      |                                                                     gem5::enums::RV32
In file included from src/arch/riscv/regs/misc.hh:60,
                 from src/cpu/base.cc:53:
build/RISCV/enums/RiscvType.hh:15:9: note: ‘gem5::enums::RV32’ declared here
   15 |         RV32 = 0,
      |         ^~~~
In file included from src/cpu/base.cc:53:
src/arch/riscv/regs/misc.hh:1872:63: error: ‘RV64’ was not declared in this scope; did you mean ‘gem5::enums::RV64’?
 1872 |     {CSR_UCONST39, {"uconst39", MISCREG_UCONST39, rvTypeFlags(RV64, RV32), isaExtsFlags()}},
      |                                                               ^~~~
      |                                                               gem5::enums::RV64
In file included from src/arch/riscv/regs/misc.hh:60,
                 from src/cpu/base.cc:53:
build/RISCV/enums/RiscvType.hh:16:9: note: ‘gem5::enums::RV64’ declared here
   16 |         RV64 = 1,
      |         ^~~~
In file included from src/cpu/base.cc:53:
src/arch/riscv/regs/misc.hh:1872:69: error: ‘RV32’ was not declared in this scope; did you mean ‘gem5::enums::RV32’?
 1872 |     {CSR_UCONST39, {"uconst39", MISCREG_UCONST39, rvTypeFlags(RV64, RV32), isaExtsFlags()}},
      |                                                                     ^~~~
      |                                                                     gem5::enums::RV32
In file included from src/arch/riscv/regs/misc.hh:60,
                 from src/cpu/base.cc:53:
build/RISCV/enums/RiscvType.hh:15:9: note: ‘gem5::enums::RV32’ declared here
   15 |         RV32 = 0,
      |         ^~~~
In file included from src/cpu/base.cc:53:
src/arch/riscv/regs/misc.hh:1873:63: error: ‘RV64’ was not declared in this scope; did you mean ‘gem5::enums::RV64’?
 1873 |     {CSR_UCONST40, {"uconst40", MISCREG_UCONST40, rvTypeFlags(RV64, RV32), isaExtsFlags()}},
      |                                                               ^~~~
      |                                                               gem5::enums::RV64
In file included from src/arch/riscv/regs/misc.hh:60,
                 from src/cpu/base.cc:53:
build/RISCV/enums/RiscvType.hh:16:9: note: ‘gem5::enums::RV64’ declared here
   16 |         RV64 = 1,
      |         ^~~~
In file included from src/cpu/base.cc:53:
src/arch/riscv/regs/misc.hh:1873:69: error: ‘RV32’ was not declared in this scope; did you mean ‘gem5::enums::RV32’?
 1873 |     {CSR_UCONST40, {"uconst40", MISCREG_UCONST40, rvTypeFlags(RV64, RV32), isaExtsFlags()}},
      |                                                                     ^~~~
      |                                                                     gem5::enums::RV32
In file included from src/arch/riscv/regs/misc.hh:60,
                 from src/cpu/base.cc:53:
build/RISCV/enums/RiscvType.hh:15:9: note: ‘gem5::enums::RV32’ declared here
   15 |         RV32 = 0,
      |         ^~~~
In file included from src/cpu/base.cc:53:
src/arch/riscv/regs/misc.hh:1874:63: error: ‘RV64’ was not declared in this scope; did you mean ‘gem5::enums::RV64’?
 1874 |     {CSR_UCONST41, {"uconst41", MISCREG_UCONST41, rvTypeFlags(RV64, RV32), isaExtsFlags()}},
      |                                                               ^~~~
      |                                                               gem5::enums::RV64
In file included from src/arch/riscv/regs/misc.hh:60,
                 from src/cpu/base.cc:53:
build/RISCV/enums/RiscvType.hh:16:9: note: ‘gem5::enums::RV64’ declared here
   16 |         RV64 = 1,
      |         ^~~~
In file included from src/cpu/base.cc:53:
src/arch/riscv/regs/misc.hh:1874:69: error: ‘RV32’ was not declared in this scope; did you mean ‘gem5::enums::RV32’?
 1874 |     {CSR_UCONST41, {"uconst41", MISCREG_UCONST41, rvTypeFlags(RV64, RV32), isaExtsFlags()}},
      |                                                                     ^~~~
      |                                                                     gem5::enums::RV32
In file included from src/arch/riscv/regs/misc.hh:60,
                 from src/cpu/base.cc:53:
build/RISCV/enums/RiscvType.hh:15:9: note: ‘gem5::enums::RV32’ declared here
   15 |         RV32 = 0,
      |         ^~~~
In file included from src/cpu/base.cc:53:
src/arch/riscv/regs/misc.hh:1875:63: error: ‘RV64’ was not declared in this scope; did you mean ‘gem5::enums::RV64’?
 1875 |     {CSR_UCONST42, {"uconst42", MISCREG_UCONST42, rvTypeFlags(RV64, RV32), isaExtsFlags()}},
      |                                                               ^~~~
      |                                                               gem5::enums::RV64
In file included from src/arch/riscv/regs/misc.hh:60,
                 from src/cpu/base.cc:53:
build/RISCV/enums/RiscvType.hh:16:9: note: ‘gem5::enums::RV64’ declared here
   16 |         RV64 = 1,
      |         ^~~~
In file included from src/cpu/base.cc:53:
src/arch/riscv/regs/misc.hh:1875:69: error: ‘RV32’ was not declared in this scope; did you mean ‘gem5::enums::RV32’?
 1875 |     {CSR_UCONST42, {"uconst42", MISCREG_UCONST42, rvTypeFlags(RV64, RV32), isaExtsFlags()}},
      |                                                                     ^~~~
      |                                                                     gem5::enums::RV32
In file included from src/arch/riscv/regs/misc.hh:60,
                 from src/cpu/base.cc:53:
build/RISCV/enums/RiscvType.hh:15:9: note: ‘gem5::enums::RV32’ declared here
   15 |         RV32 = 0,
      |         ^~~~
In file included from src/cpu/base.cc:53:
src/arch/riscv/regs/misc.hh:1876:63: error: ‘RV64’ was not declared in this scope; did you mean ‘gem5::enums::RV64’?
 1876 |     {CSR_UCONST43, {"uconst43", MISCREG_UCONST43, rvTypeFlags(RV64, RV32), isaExtsFlags()}},
      |                                                               ^~~~
      |                                                               gem5::enums::RV64
In file included from src/arch/riscv/regs/misc.hh:60,
                 from src/cpu/base.cc:53:
build/RISCV/enums/RiscvType.hh:16:9: note: ‘gem5::enums::RV64’ declared here
   16 |         RV64 = 1,
      |         ^~~~
In file included from src/cpu/base.cc:53:
src/arch/riscv/regs/misc.hh:1876:69: error: ‘RV32’ was not declared in this scope; did you mean ‘gem5::enums::RV32’?
 1876 |     {CSR_UCONST43, {"uconst43", MISCREG_UCONST43, rvTypeFlags(RV64, RV32), isaExtsFlags()}},
      |                                                                     ^~~~
      |                                                                     gem5::enums::RV32
In file included from src/arch/riscv/regs/misc.hh:60,
                 from src/cpu/base.cc:53:
build/RISCV/enums/RiscvType.hh:15:9: note: ‘gem5::enums::RV32’ declared here
   15 |         RV32 = 0,
      |         ^~~~
In file included from src/cpu/base.cc:53:
src/arch/riscv/regs/misc.hh:1877:63: error: ‘RV64’ was not declared in this scope; did you mean ‘gem5::enums::RV64’?
 1877 |     {CSR_UCONST44, {"uconst44", MISCREG_UCONST44, rvTypeFlags(RV64, RV32), isaExtsFlags()}},
      |                                                               ^~~~
      |                                                               gem5::enums::RV64
In file included from src/arch/riscv/regs/misc.hh:60,
                 from src/cpu/base.cc:53:
build/RISCV/enums/RiscvType.hh:16:9: note: ‘gem5::enums::RV64’ declared here
   16 |         RV64 = 1,
      |         ^~~~
In file included from src/cpu/base.cc:53:
src/arch/riscv/regs/misc.hh:1877:69: error: ‘RV32’ was not declared in this scope; did you mean ‘gem5::enums::RV32’?
 1877 |     {CSR_UCONST44, {"uconst44", MISCREG_UCONST44, rvTypeFlags(RV64, RV32), isaExtsFlags()}},
      |                                                                     ^~~~
      |                                                                     gem5::enums::RV32
In file included from src/arch/riscv/regs/misc.hh:60,
                 from src/cpu/base.cc:53:
build/RISCV/enums/RiscvType.hh:15:9: note: ‘gem5::enums::RV32’ declared here
   15 |         RV32 = 0,
      |         ^~~~
In file included from src/cpu/base.cc:53:
src/arch/riscv/regs/misc.hh:1878:63: error: ‘RV64’ was not declared in this scope; did you mean ‘gem5::enums::RV64’?
 1878 |     {CSR_UCONST45, {"uconst45", MISCREG_UCONST45, rvTypeFlags(RV64, RV32), isaExtsFlags()}},
      |                                                               ^~~~
      |                                                               gem5::enums::RV64
In file included from src/arch/riscv/regs/misc.hh:60,
                 from src/cpu/base.cc:53:
build/RISCV/enums/RiscvType.hh:16:9: note: ‘gem5::enums::RV64’ declared here
   16 |         RV64 = 1,
      |         ^~~~
In file included from src/cpu/base.cc:53:
src/arch/riscv/regs/misc.hh:1878:69: error: ‘RV32’ was not declared in this scope; did you mean ‘gem5::enums::RV32’?
 1878 |     {CSR_UCONST45, {"uconst45", MISCREG_UCONST45, rvTypeFlags(RV64, RV32), isaExtsFlags()}},
      |                                                                     ^~~~
      |                                                                     gem5::enums::RV32
In file included from src/arch/riscv/regs/misc.hh:60,
                 from src/cpu/base.cc:53:
build/RISCV/enums/RiscvType.hh:15:9: note: ‘gem5::enums::RV32’ declared here
   15 |         RV32 = 0,
      |         ^~~~
In file included from src/cpu/base.cc:53:
src/arch/riscv/regs/misc.hh:1879:63: error: ‘RV64’ was not declared in this scope; did you mean ‘gem5::enums::RV64’?
 1879 |     {CSR_UCONST46, {"uconst46", MISCREG_UCONST46, rvTypeFlags(RV64, RV32), isaExtsFlags()}},
      |                                                               ^~~~
      |                                                               gem5::enums::RV64
In file included from src/arch/riscv/regs/misc.hh:60,
                 from src/cpu/base.cc:53:
build/RISCV/enums/RiscvType.hh:16:9: note: ‘gem5::enums::RV64’ declared here
   16 |         RV64 = 1,
      |         ^~~~
In file included from src/cpu/base.cc:53:
src/arch/riscv/regs/misc.hh:1879:69: error: ‘RV32’ was not declared in this scope; did you mean ‘gem5::enums::RV32’?
 1879 |     {CSR_UCONST46, {"uconst46", MISCREG_UCONST46, rvTypeFlags(RV64, RV32), isaExtsFlags()}},
      |                                                                     ^~~~
      |                                                                     gem5::enums::RV32
In file included from src/arch/riscv/regs/misc.hh:60,
                 from src/cpu/base.cc:53:
build/RISCV/enums/RiscvType.hh:15:9: note: ‘gem5::enums::RV32’ declared here
   15 |         RV32 = 0,
      |         ^~~~
In file included from src/cpu/base.cc:53:
src/arch/riscv/regs/misc.hh:1880:63: error: ‘RV64’ was not declared in this scope; did you mean ‘gem5::enums::RV64’?
 1880 |     {CSR_UCONST47, {"uconst47", MISCREG_UCONST47, rvTypeFlags(RV64, RV32), isaExtsFlags()}},
      |                                                               ^~~~
      |                                                               gem5::enums::RV64
In file included from src/arch/riscv/regs/misc.hh:60,
                 from src/cpu/base.cc:53:
build/RISCV/enums/RiscvType.hh:16:9: note: ‘gem5::enums::RV64’ declared here
   16 |         RV64 = 1,
      |         ^~~~
In file included from src/cpu/base.cc:53:
src/arch/riscv/regs/misc.hh:1880:69: error: ‘RV32’ was not declared in this scope; did you mean ‘gem5::enums::RV32’?
 1880 |     {CSR_UCONST47, {"uconst47", MISCREG_UCONST47, rvTypeFlags(RV64, RV32), isaExtsFlags()}},
      |                                                                     ^~~~
      |                                                                     gem5::enums::RV32
In file included from src/arch/riscv/regs/misc.hh:60,
                 from src/cpu/base.cc:53:
build/RISCV/enums/RiscvType.hh:15:9: note: ‘gem5::enums::RV32’ declared here
   15 |         RV32 = 0,
      |         ^~~~
In file included from src/cpu/base.cc:53:
src/arch/riscv/regs/misc.hh:1881:63: error: ‘RV64’ was not declared in this scope; did you mean ‘gem5::enums::RV64’?
 1881 |     {CSR_UCONST48, {"uconst48", MISCREG_UCONST48, rvTypeFlags(RV64, RV32), isaExtsFlags()}},
      |                                                               ^~~~
      |                                                               gem5::enums::RV64
In file included from src/arch/riscv/regs/misc.hh:60,
                 from src/cpu/base.cc:53:
build/RISCV/enums/RiscvType.hh:16:9: note: ‘gem5::enums::RV64’ declared here
   16 |         RV64 = 1,
      |         ^~~~
In file included from src/cpu/base.cc:53:
src/arch/riscv/regs/misc.hh:1881:69: error: ‘RV32’ was not declared in this scope; did you mean ‘gem5::enums::RV32’?
 1881 |     {CSR_UCONST48, {"uconst48", MISCREG_UCONST48, rvTypeFlags(RV64, RV32), isaExtsFlags()}},
      |                                                                     ^~~~
      |                                                                     gem5::enums::RV32
In file included from src/arch/riscv/regs/misc.hh:60,
                 from src/cpu/base.cc:53:
build/RISCV/enums/RiscvType.hh:15:9: note: ‘gem5::enums::RV32’ declared here
   15 |         RV32 = 0,
      |         ^~~~
In file included from src/cpu/base.cc:53:
src/arch/riscv/regs/misc.hh:1882:63: error: ‘RV64’ was not declared in this scope; did you mean ‘gem5::enums::RV64’?
 1882 |     {CSR_UCONST49, {"uconst49", MISCREG_UCONST49, rvTypeFlags(RV64, RV32), isaExtsFlags()}},
      |                                                               ^~~~
      |                                                               gem5::enums::RV64
In file included from src/arch/riscv/regs/misc.hh:60,
                 from src/cpu/base.cc:53:
build/RISCV/enums/RiscvType.hh:16:9: note: ‘gem5::enums::RV64’ declared here
   16 |         RV64 = 1,
      |         ^~~~
In file included from src/cpu/base.cc:53:
src/arch/riscv/regs/misc.hh:1882:69: error: ‘RV32’ was not declared in this scope; did you mean ‘gem5::enums::RV32’?
 1882 |     {CSR_UCONST49, {"uconst49", MISCREG_UCONST49, rvTypeFlags(RV64, RV32), isaExtsFlags()}},
      |                                                                     ^~~~
      |                                                                     gem5::enums::RV32
In file included from src/arch/riscv/regs/misc.hh:60,
                 from src/cpu/base.cc:53:
build/RISCV/enums/RiscvType.hh:15:9: note: ‘gem5::enums::RV32’ declared here
   15 |         RV32 = 0,
      |         ^~~~
In file included from src/cpu/base.cc:53:
src/arch/riscv/regs/misc.hh:1883:63: error: ‘RV64’ was not declared in this scope; did you mean ‘gem5::enums::RV64’?
 1883 |     {CSR_UCONST50, {"uconst50", MISCREG_UCONST50, rvTypeFlags(RV64, RV32), isaExtsFlags()}},
      |                                                               ^~~~
      |                                                               gem5::enums::RV64
In file included from src/arch/riscv/regs/misc.hh:60,
                 from src/cpu/base.cc:53:
build/RISCV/enums/RiscvType.hh:16:9: note: ‘gem5::enums::RV64’ declared here
   16 |         RV64 = 1,
      |         ^~~~
In file included from src/cpu/base.cc:53:
src/arch/riscv/regs/misc.hh:1883:69: error: ‘RV32’ was not declared in this scope; did you mean ‘gem5::enums::RV32’?
 1883 |     {CSR_UCONST50, {"uconst50", MISCREG_UCONST50, rvTypeFlags(RV64, RV32), isaExtsFlags()}},
      |                                                                     ^~~~
      |                                                                     gem5::enums::RV32
In file included from src/arch/riscv/regs/misc.hh:60,
                 from src/cpu/base.cc:53:
build/RISCV/enums/RiscvType.hh:15:9: note: ‘gem5::enums::RV32’ declared here
   15 |         RV32 = 0,
      |         ^~~~
In file included from src/cpu/base.cc:53:
src/arch/riscv/regs/misc.hh:1884:63: error: ‘RV64’ was not declared in this scope; did you mean ‘gem5::enums::RV64’?
 1884 |     {CSR_UCONST51, {"uconst51", MISCREG_UCONST51, rvTypeFlags(RV64, RV32), isaExtsFlags()}},
      |                                                               ^~~~
      |                                                               gem5::enums::RV64
In file included from src/arch/riscv/regs/misc.hh:60,
                 from src/cpu/base.cc:53:
build/RISCV/enums/RiscvType.hh:16:9: note: ‘gem5::enums::RV64’ declared here
   16 |         RV64 = 1,
      |         ^~~~
In file included from src/cpu/base.cc:53:
src/arch/riscv/regs/misc.hh:1884:69: error: ‘RV32’ was not declared in this scope; did you mean ‘gem5::enums::RV32’?
 1884 |     {CSR_UCONST51, {"uconst51", MISCREG_UCONST51, rvTypeFlags(RV64, RV32), isaExtsFlags()}},
      |                                                                     ^~~~
      |                                                                     gem5::enums::RV32
In file included from src/arch/riscv/regs/misc.hh:60,
                 from src/cpu/base.cc:53:
build/RISCV/enums/RiscvType.hh:15:9: note: ‘gem5::enums::RV32’ declared here
   15 |         RV32 = 0,
      |         ^~~~
In file included from src/cpu/base.cc:53:
src/arch/riscv/regs/misc.hh:1885:63: error: ‘RV64’ was not declared in this scope; did you mean ‘gem5::enums::RV64’?
 1885 |     {CSR_UCONST52, {"uconst52", MISCREG_UCONST52, rvTypeFlags(RV64, RV32), isaExtsFlags()}},
      |                                                               ^~~~
      |                                                               gem5::enums::RV64
In file included from src/arch/riscv/regs/misc.hh:60,
                 from src/cpu/base.cc:53:
build/RISCV/enums/RiscvType.hh:16:9: note: ‘gem5::enums::RV64’ declared here
   16 |         RV64 = 1,
      |         ^~~~
In file included from src/cpu/base.cc:53:
src/arch/riscv/regs/misc.hh:1885:69: error: ‘RV32’ was not declared in this scope; did you mean ‘gem5::enums::RV32’?
 1885 |     {CSR_UCONST52, {"uconst52", MISCREG_UCONST52, rvTypeFlags(RV64, RV32), isaExtsFlags()}},
      |                                                                     ^~~~
      |                                                                     gem5::enums::RV32
In file included from src/arch/riscv/regs/misc.hh:60,
                 from src/cpu/base.cc:53:
build/RISCV/enums/RiscvType.hh:15:9: note: ‘gem5::enums::RV32’ declared here
   15 |         RV32 = 0,
      |         ^~~~
In file included from src/cpu/base.cc:53:
src/arch/riscv/regs/misc.hh:1886:63: error: ‘RV64’ was not declared in this scope; did you mean ‘gem5::enums::RV64’?
 1886 |     {CSR_UCONST53, {"uconst53", MISCREG_UCONST53, rvTypeFlags(RV64, RV32), isaExtsFlags()}},
      |                                                               ^~~~
      |                                                               gem5::enums::RV64
In file included from src/arch/riscv/regs/misc.hh:60,
                 from src/cpu/base.cc:53:
build/RISCV/enums/RiscvType.hh:16:9: note: ‘gem5::enums::RV64’ declared here
   16 |         RV64 = 1,
      |         ^~~~
In file included from src/cpu/base.cc:53:
src/arch/riscv/regs/misc.hh:1886:69: error: ‘RV32’ was not declared in this scope; did you mean ‘gem5::enums::RV32’?
 1886 |     {CSR_UCONST53, {"uconst53", MISCREG_UCONST53, rvTypeFlags(RV64, RV32), isaExtsFlags()}},
      |                                                                     ^~~~
      |                                                                     gem5::enums::RV32
In file included from src/arch/riscv/regs/misc.hh:60,
                 from src/cpu/base.cc:53:
build/RISCV/enums/RiscvType.hh:15:9: note: ‘gem5::enums::RV32’ declared here
   15 |         RV32 = 0,
      |         ^~~~
In file included from src/cpu/base.cc:53:
src/arch/riscv/regs/misc.hh:1887:63: error: ‘RV64’ was not declared in this scope; did you mean ‘gem5::enums::RV64’?
 1887 |     {CSR_UCONST54, {"uconst54", MISCREG_UCONST54, rvTypeFlags(RV64, RV32), isaExtsFlags()}},
      |                                                               ^~~~
      |                                                               gem5::enums::RV64
In file included from src/arch/riscv/regs/misc.hh:60,
                 from src/cpu/base.cc:53:
build/RISCV/enums/RiscvType.hh:16:9: note: ‘gem5::enums::RV64’ declared here
   16 |         RV64 = 1,
      |         ^~~~
In file included from src/cpu/base.cc:53:
src/arch/riscv/regs/misc.hh:1887:69: error: ‘RV32’ was not declared in this scope; did you mean ‘gem5::enums::RV32’?
 1887 |     {CSR_UCONST54, {"uconst54", MISCREG_UCONST54, rvTypeFlags(RV64, RV32), isaExtsFlags()}},
      |                                                                     ^~~~
      |                                                                     gem5::enums::RV32
In file included from src/arch/riscv/regs/misc.hh:60,
                 from src/cpu/base.cc:53:
build/RISCV/enums/RiscvType.hh:15:9: note: ‘gem5::enums::RV32’ declared here
   15 |         RV32 = 0,
      |         ^~~~
In file included from src/cpu/base.cc:53:
src/arch/riscv/regs/misc.hh:1888:63: error: ‘RV64’ was not declared in this scope; did you mean ‘gem5::enums::RV64’?
 1888 |     {CSR_UCONST55, {"uconst55", MISCREG_UCONST55, rvTypeFlags(RV64, RV32), isaExtsFlags()}},
      |                                                               ^~~~
      |                                                               gem5::enums::RV64
In file included from src/arch/riscv/regs/misc.hh:60,
                 from src/cpu/base.cc:53:
build/RISCV/enums/RiscvType.hh:16:9: note: ‘gem5::enums::RV64’ declared here
   16 |         RV64 = 1,
      |         ^~~~
In file included from src/cpu/base.cc:53:
src/arch/riscv/regs/misc.hh:1888:69: error: ‘RV32’ was not declared in this scope; did you mean ‘gem5::enums::RV32’?
 1888 |     {CSR_UCONST55, {"uconst55", MISCREG_UCONST55, rvTypeFlags(RV64, RV32), isaExtsFlags()}},
      |                                                                     ^~~~
      |                                                                     gem5::enums::RV32
In file included from src/arch/riscv/regs/misc.hh:60,
                 from src/cpu/base.cc:53:
build/RISCV/enums/RiscvType.hh:15:9: note: ‘gem5::enums::RV32’ declared here
   15 |         RV32 = 0,
      |         ^~~~
In file included from src/cpu/base.cc:53:
src/arch/riscv/regs/misc.hh:1889:63: error: ‘RV64’ was not declared in this scope; did you mean ‘gem5::enums::RV64’?
 1889 |     {CSR_UCONST56, {"uconst56", MISCREG_UCONST56, rvTypeFlags(RV64, RV32), isaExtsFlags()}},
      |                                                               ^~~~
      |                                                               gem5::enums::RV64
In file included from src/arch/riscv/regs/misc.hh:60,
                 from src/cpu/base.cc:53:
build/RISCV/enums/RiscvType.hh:16:9: note: ‘gem5::enums::RV64’ declared here
   16 |         RV64 = 1,
      |         ^~~~
In file included from src/cpu/base.cc:53:
src/arch/riscv/regs/misc.hh:1889:69: error: ‘RV32’ was not declared in this scope; did you mean ‘gem5::enums::RV32’?
 1889 |     {CSR_UCONST56, {"uconst56", MISCREG_UCONST56, rvTypeFlags(RV64, RV32), isaExtsFlags()}},
      |                                                                     ^~~~
      |                                                                     gem5::enums::RV32
In file included from src/arch/riscv/regs/misc.hh:60,
                 from src/cpu/base.cc:53:
build/RISCV/enums/RiscvType.hh:15:9: note: ‘gem5::enums::RV32’ declared here
   15 |         RV32 = 0,
      |         ^~~~
In file included from src/cpu/base.cc:53:
src/arch/riscv/regs/misc.hh:1890:63: error: ‘RV64’ was not declared in this scope; did you mean ‘gem5::enums::RV64’?
 1890 |     {CSR_UCONST57, {"uconst57", MISCREG_UCONST57, rvTypeFlags(RV64, RV32), isaExtsFlags()}},
      |                                                               ^~~~
      |                                                               gem5::enums::RV64
In file included from src/arch/riscv/regs/misc.hh:60,
                 from src/cpu/base.cc:53:
build/RISCV/enums/RiscvType.hh:16:9: note: ‘gem5::enums::RV64’ declared here
   16 |         RV64 = 1,
      |         ^~~~
In file included from src/cpu/base.cc:53:
src/arch/riscv/regs/misc.hh:1890:69: error: ‘RV32’ was not declared in this scope; did you mean ‘gem5::enums::RV32’?
 1890 |     {CSR_UCONST57, {"uconst57", MISCREG_UCONST57, rvTypeFlags(RV64, RV32), isaExtsFlags()}},
      |                                                                     ^~~~
      |                                                                     gem5::enums::RV32
In file included from src/arch/riscv/regs/misc.hh:60,
                 from src/cpu/base.cc:53:
build/RISCV/enums/RiscvType.hh:15:9: note: ‘gem5::enums::RV32’ declared here
   15 |         RV32 = 0,
      |         ^~~~
In file included from src/cpu/base.cc:53:
src/arch/riscv/regs/misc.hh:1891:63: error: ‘RV64’ was not declared in this scope; did you mean ‘gem5::enums::RV64’?
 1891 |     {CSR_UCONST58, {"uconst58", MISCREG_UCONST58, rvTypeFlags(RV64, RV32), isaExtsFlags()}},
      |                                                               ^~~~
      |                                                               gem5::enums::RV64
In file included from src/arch/riscv/regs/misc.hh:60,
                 from src/cpu/base.cc:53:
build/RISCV/enums/RiscvType.hh:16:9: note: ‘gem5::enums::RV64’ declared here
   16 |         RV64 = 1,
      |         ^~~~
In file included from src/cpu/base.cc:53:
src/arch/riscv/regs/misc.hh:1891:69: error: ‘RV32’ was not declared in this scope; did you mean ‘gem5::enums::RV32’?
 1891 |     {CSR_UCONST58, {"uconst58", MISCREG_UCONST58, rvTypeFlags(RV64, RV32), isaExtsFlags()}},
      |                                                                     ^~~~
      |                                                                     gem5::enums::RV32
In file included from src/arch/riscv/regs/misc.hh:60,
                 from src/cpu/base.cc:53:
build/RISCV/enums/RiscvType.hh:15:9: note: ‘gem5::enums::RV32’ declared here
   15 |         RV32 = 0,
      |         ^~~~
In file included from src/cpu/base.cc:53:
src/arch/riscv/regs/misc.hh:1892:63: error: ‘RV64’ was not declared in this scope; did you mean ‘gem5::enums::RV64’?
 1892 |     {CSR_UCONST59, {"uconst59", MISCREG_UCONST59, rvTypeFlags(RV64, RV32), isaExtsFlags()}},
      |                                                               ^~~~
      |                                                               gem5::enums::RV64
In file included from src/arch/riscv/regs/misc.hh:60,
                 from src/cpu/base.cc:53:
build/RISCV/enums/RiscvType.hh:16:9: note: ‘gem5::enums::RV64’ declared here
   16 |         RV64 = 1,
      |         ^~~~
In file included from src/cpu/base.cc:53:
src/arch/riscv/regs/misc.hh:1892:69: error: ‘RV32’ was not declared in this scope; did you mean ‘gem5::enums::RV32’?
 1892 |     {CSR_UCONST59, {"uconst59", MISCREG_UCONST59, rvTypeFlags(RV64, RV32), isaExtsFlags()}},
      |                                                                     ^~~~
      |                                                                     gem5::enums::RV32
In file included from src/arch/riscv/regs/misc.hh:60,
                 from src/cpu/base.cc:53:
build/RISCV/enums/RiscvType.hh:15:9: note: ‘gem5::enums::RV32’ declared here
   15 |         RV32 = 0,
      |         ^~~~
In file included from src/cpu/base.cc:53:
src/arch/riscv/regs/misc.hh:1893:63: error: ‘RV64’ was not declared in this scope; did you mean ‘gem5::enums::RV64’?
 1893 |     {CSR_UCONST60, {"uconst60", MISCREG_UCONST60, rvTypeFlags(RV64, RV32), isaExtsFlags()}},
      |                                                               ^~~~
      |                                                               gem5::enums::RV64
In file included from src/arch/riscv/regs/misc.hh:60,
                 from src/cpu/base.cc:53:
build/RISCV/enums/RiscvType.hh:16:9: note: ‘gem5::enums::RV64’ declared here
   16 |         RV64 = 1,
      |         ^~~~
In file included from src/cpu/base.cc:53:
src/arch/riscv/regs/misc.hh:1893:69: error: ‘RV32’ was not declared in this scope; did you mean ‘gem5::enums::RV32’?
 1893 |     {CSR_UCONST60, {"uconst60", MISCREG_UCONST60, rvTypeFlags(RV64, RV32), isaExtsFlags()}},
      |                                                                     ^~~~
      |                                                                     gem5::enums::RV32
In file included from src/arch/riscv/regs/misc.hh:60,
                 from src/cpu/base.cc:53:
build/RISCV/enums/RiscvType.hh:15:9: note: ‘gem5::enums::RV32’ declared here
   15 |         RV32 = 0,
      |         ^~~~
In file included from src/cpu/base.cc:53:
src/arch/riscv/regs/misc.hh:1894:63: error: ‘RV64’ was not declared in this scope; did you mean ‘gem5::enums::RV64’?
 1894 |     {CSR_UCONST61, {"uconst61", MISCREG_UCONST61, rvTypeFlags(RV64, RV32), isaExtsFlags()}},
      |                                                               ^~~~
      |                                                               gem5::enums::RV64
In file included from src/arch/riscv/regs/misc.hh:60,
                 from src/cpu/base.cc:53:
build/RISCV/enums/RiscvType.hh:16:9: note: ‘gem5::enums::RV64’ declared here
   16 |         RV64 = 1,
      |         ^~~~
In file included from src/cpu/base.cc:53:
src/arch/riscv/regs/misc.hh:1894:69: error: ‘RV32’ was not declared in this scope; did you mean ‘gem5::enums::RV32’?
 1894 |     {CSR_UCONST61, {"uconst61", MISCREG_UCONST61, rvTypeFlags(RV64, RV32), isaExtsFlags()}},
      |                                                                     ^~~~
      |                                                                     gem5::enums::RV32
In file included from src/arch/riscv/regs/misc.hh:60,
                 from src/cpu/base.cc:53:
build/RISCV/enums/RiscvType.hh:15:9: note: ‘gem5::enums::RV32’ declared here
   15 |         RV32 = 0,
      |         ^~~~
In file included from src/cpu/base.cc:53:
src/arch/riscv/regs/misc.hh:1895:63: error: ‘RV64’ was not declared in this scope; did you mean ‘gem5::enums::RV64’?
 1895 |     {CSR_UCONST62, {"uconst62", MISCREG_UCONST62, rvTypeFlags(RV64, RV32), isaExtsFlags()}},
      |                                                               ^~~~
      |                                                               gem5::enums::RV64
In file included from src/arch/riscv/regs/misc.hh:60,
                 from src/cpu/base.cc:53:
build/RISCV/enums/RiscvType.hh:16:9: note: ‘gem5::enums::RV64’ declared here
   16 |         RV64 = 1,
      |         ^~~~
In file included from src/cpu/base.cc:53:
src/arch/riscv/regs/misc.hh:1895:69: error: ‘RV32’ was not declared in this scope; did you mean ‘gem5::enums::RV32’?
 1895 |     {CSR_UCONST62, {"uconst62", MISCREG_UCONST62, rvTypeFlags(RV64, RV32), isaExtsFlags()}},
      |                                                                     ^~~~
      |                                                                     gem5::enums::RV32
In file included from src/arch/riscv/regs/misc.hh:60,
                 from src/cpu/base.cc:53:
build/RISCV/enums/RiscvType.hh:15:9: note: ‘gem5::enums::RV32’ declared here
   15 |         RV32 = 0,
      |         ^~~~
In file included from src/cpu/base.cc:53:
src/arch/riscv/regs/misc.hh:1896:63: error: ‘RV64’ was not declared in this scope; did you mean ‘gem5::enums::RV64’?
 1896 |     {CSR_UCONST63, {"uconst63", MISCREG_UCONST63, rvTypeFlags(RV64, RV32), isaExtsFlags()}},
      |                                                               ^~~~
      |                                                               gem5::enums::RV64
In file included from src/arch/riscv/regs/misc.hh:60,
                 from src/cpu/base.cc:53:
build/RISCV/enums/RiscvType.hh:16:9: note: ‘gem5::enums::RV64’ declared here
   16 |         RV64 = 1,
      |         ^~~~
In file included from src/cpu/base.cc:53:
src/arch/riscv/regs/misc.hh:1896:69: error: ‘RV32’ was not declared in this scope; did you mean ‘gem5::enums::RV32’?
 1896 |     {CSR_UCONST63, {"uconst63", MISCREG_UCONST63, rvTypeFlags(RV64, RV32), isaExtsFlags()}},
      |                                                                     ^~~~
      |                                                                     gem5::enums::RV32
In file included from src/arch/riscv/regs/misc.hh:60,
                 from src/cpu/base.cc:53:
build/RISCV/enums/RiscvType.hh:15:9: note: ‘gem5::enums::RV32’ declared here
   15 |         RV32 = 0,
      |         ^~~~
In file included from src/cpu/base.cc:53:
src/arch/riscv/regs/misc.hh:1897:63: error: ‘RV64’ was not declared in this scope; did you mean ‘gem5::enums::RV64’?
 1897 |     {CSR_UCONST64, {"uconst64", MISCREG_UCONST64, rvTypeFlags(RV64, RV32), isaExtsFlags()}},
      |                                                               ^~~~
      |                                                               gem5::enums::RV64
In file included from src/arch/riscv/regs/misc.hh:60,
                 from src/cpu/base.cc:53:
build/RISCV/enums/RiscvType.hh:16:9: note: ‘gem5::enums::RV64’ declared here
   16 |         RV64 = 1,
      |         ^~~~
In file included from src/cpu/base.cc:53:
src/arch/riscv/regs/misc.hh:1897:69: error: ‘RV32’ was not declared in this scope; did you mean ‘gem5::enums::RV32’?
 1897 |     {CSR_UCONST64, {"uconst64", MISCREG_UCONST64, rvTypeFlags(RV64, RV32), isaExtsFlags()}},
      |                                                                     ^~~~
      |                                                                     gem5::enums::RV32
In file included from src/arch/riscv/regs/misc.hh:60,
                 from src/cpu/base.cc:53:
build/RISCV/enums/RiscvType.hh:15:9: note: ‘gem5::enums::RV32’ declared here
   15 |         RV32 = 0,
      |         ^~~~
In file included from src/cpu/base.cc:53:
src/arch/riscv/regs/misc.hh:1898:63: error: ‘RV64’ was not declared in this scope; did you mean ‘gem5::enums::RV64’?
 1898 |     {CSR_UCONST65, {"uconst65", MISCREG_UCONST65, rvTypeFlags(RV64, RV32), isaExtsFlags()}},
      |                                                               ^~~~
      |                                                               gem5::enums::RV64
In file included from src/arch/riscv/regs/misc.hh:60,
                 from src/cpu/base.cc:53:
build/RISCV/enums/RiscvType.hh:16:9: note: ‘gem5::enums::RV64’ declared here
   16 |         RV64 = 1,
      |         ^~~~
In file included from src/cpu/base.cc:53:
src/arch/riscv/regs/misc.hh:1898:69: error: ‘RV32’ was not declared in this scope; did you mean ‘gem5::enums::RV32’?
 1898 |     {CSR_UCONST65, {"uconst65", MISCREG_UCONST65, rvTypeFlags(RV64, RV32), isaExtsFlags()}},
      |                                                                     ^~~~
      |                                                                     gem5::enums::RV32
In file included from src/arch/riscv/regs/misc.hh:60,
                 from src/cpu/base.cc:53:
build/RISCV/enums/RiscvType.hh:15:9: note: ‘gem5::enums::RV32’ declared here
   15 |         RV32 = 0,
      |         ^~~~
In file included from src/cpu/base.cc:53:
src/arch/riscv/regs/misc.hh:1899:63: error: ‘RV64’ was not declared in this scope; did you mean ‘gem5::enums::RV64’?
 1899 |     {CSR_UCONST66, {"uconst66", MISCREG_UCONST66, rvTypeFlags(RV64, RV32), isaExtsFlags()}},
      |                                                               ^~~~
      |                                                               gem5::enums::RV64
In file included from src/arch/riscv/regs/misc.hh:60,
                 from src/cpu/base.cc:53:
build/RISCV/enums/RiscvType.hh:16:9: note: ‘gem5::enums::RV64’ declared here
   16 |         RV64 = 1,
      |         ^~~~
In file included from src/cpu/base.cc:53:
src/arch/riscv/regs/misc.hh:1899:69: error: ‘RV32’ was not declared in this scope; did you mean ‘gem5::enums::RV32’?
 1899 |     {CSR_UCONST66, {"uconst66", MISCREG_UCONST66, rvTypeFlags(RV64, RV32), isaExtsFlags()}},
      |                                                                     ^~~~
      |                                                                     gem5::enums::RV32
In file included from src/arch/riscv/regs/misc.hh:60,
                 from src/cpu/base.cc:53:
build/RISCV/enums/RiscvType.hh:15:9: note: ‘gem5::enums::RV32’ declared here
   15 |         RV32 = 0,
      |         ^~~~
In file included from src/cpu/base.cc:53:
src/arch/riscv/regs/misc.hh:1900:63: error: ‘RV64’ was not declared in this scope; did you mean ‘gem5::enums::RV64’?
 1900 |     {CSR_UCONST67, {"uconst67", MISCREG_UCONST67, rvTypeFlags(RV64, RV32), isaExtsFlags()}},
      |                                                               ^~~~
      |                                                               gem5::enums::RV64
In file included from src/arch/riscv/regs/misc.hh:60,
                 from src/cpu/base.cc:53:
build/RISCV/enums/RiscvType.hh:16:9: note: ‘gem5::enums::RV64’ declared here
   16 |         RV64 = 1,
      |         ^~~~
In file included from src/cpu/base.cc:53:
src/arch/riscv/regs/misc.hh:1900:69: error: ‘RV32’ was not declared in this scope; did you mean ‘gem5::enums::RV32’?
 1900 |     {CSR_UCONST67, {"uconst67", MISCREG_UCONST67, rvTypeFlags(RV64, RV32), isaExtsFlags()}},
      |                                                                     ^~~~
      |                                                                     gem5::enums::RV32
In file included from src/arch/riscv/regs/misc.hh:60,
                 from src/cpu/base.cc:53:
build/RISCV/enums/RiscvType.hh:15:9: note: ‘gem5::enums::RV32’ declared here
   15 |         RV32 = 0,
      |         ^~~~
In file included from src/cpu/base.cc:53:
src/arch/riscv/regs/misc.hh:1901:63: error: ‘RV64’ was not declared in this scope; did you mean ‘gem5::enums::RV64’?
 1901 |     {CSR_UCONST68, {"uconst68", MISCREG_UCONST68, rvTypeFlags(RV64, RV32), isaExtsFlags()}},
      |                                                               ^~~~
      |                                                               gem5::enums::RV64
In file included from src/arch/riscv/regs/misc.hh:60,
                 from src/cpu/base.cc:53:
build/RISCV/enums/RiscvType.hh:16:9: note: ‘gem5::enums::RV64’ declared here
   16 |         RV64 = 1,
      |         ^~~~
In file included from src/cpu/base.cc:53:
src/arch/riscv/regs/misc.hh:1901:69: error: ‘RV32’ was not declared in this scope; did you mean ‘gem5::enums::RV32’?
 1901 |     {CSR_UCONST68, {"uconst68", MISCREG_UCONST68, rvTypeFlags(RV64, RV32), isaExtsFlags()}},
      |                                                                     ^~~~
      |                                                                     gem5::enums::RV32
In file included from src/arch/riscv/regs/misc.hh:60,
                 from src/cpu/base.cc:53:
build/RISCV/enums/RiscvType.hh:15:9: note: ‘gem5::enums::RV32’ declared here
   15 |         RV32 = 0,
      |         ^~~~
In file included from src/cpu/base.cc:53:
src/arch/riscv/regs/misc.hh:1902:63: error: ‘RV64’ was not declared in this scope; did you mean ‘gem5::enums::RV64’?
 1902 |     {CSR_UCONST69, {"uconst69", MISCREG_UCONST69, rvTypeFlags(RV64, RV32), isaExtsFlags()}},
      |                                                               ^~~~
      |                                                               gem5::enums::RV64
In file included from src/arch/riscv/regs/misc.hh:60,
                 from src/cpu/base.cc:53:
build/RISCV/enums/RiscvType.hh:16:9: note: ‘gem5::enums::RV64’ declared here
   16 |         RV64 = 1,
      |         ^~~~
In file included from src/cpu/base.cc:53:
src/arch/riscv/regs/misc.hh:1902:69: error: ‘RV32’ was not declared in this scope; did you mean ‘gem5::enums::RV32’?
 1902 |     {CSR_UCONST69, {"uconst69", MISCREG_UCONST69, rvTypeFlags(RV64, RV32), isaExtsFlags()}},
      |                                                                     ^~~~
      |                                                                     gem5::enums::RV32
In file included from src/arch/riscv/regs/misc.hh:60,
                 from src/cpu/base.cc:53:
build/RISCV/enums/RiscvType.hh:15:9: note: ‘gem5::enums::RV32’ declared here
   15 |         RV32 = 0,
      |         ^~~~
In file included from src/cpu/base.cc:53:
src/arch/riscv/regs/misc.hh:1903:63: error: ‘RV64’ was not declared in this scope; did you mean ‘gem5::enums::RV64’?
 1903 |     {CSR_UCONST70, {"uconst70", MISCREG_UCONST70, rvTypeFlags(RV64, RV32), isaExtsFlags()}},
      |                                                               ^~~~
      |                                                               gem5::enums::RV64
In file included from src/arch/riscv/regs/misc.hh:60,
                 from src/cpu/base.cc:53:
build/RISCV/enums/RiscvType.hh:16:9: note: ‘gem5::enums::RV64’ declared here
   16 |         RV64 = 1,
      |         ^~~~
In file included from src/cpu/base.cc:53:
src/arch/riscv/regs/misc.hh:1903:69: error: ‘RV32’ was not declared in this scope; did you mean ‘gem5::enums::RV32’?
 1903 |     {CSR_UCONST70, {"uconst70", MISCREG_UCONST70, rvTypeFlags(RV64, RV32), isaExtsFlags()}},
      |                                                                     ^~~~
      |                                                                     gem5::enums::RV32
In file included from src/arch/riscv/regs/misc.hh:60,
                 from src/cpu/base.cc:53:
build/RISCV/enums/RiscvType.hh:15:9: note: ‘gem5::enums::RV32’ declared here
   15 |         RV32 = 0,
      |         ^~~~
In file included from src/cpu/base.cc:53:
src/arch/riscv/regs/misc.hh:1904:63: error: ‘RV64’ was not declared in this scope; did you mean ‘gem5::enums::RV64’?
 1904 |     {CSR_UCONST71, {"uconst71", MISCREG_UCONST71, rvTypeFlags(RV64, RV32), isaExtsFlags()}},
      |                                                               ^~~~
      |                                                               gem5::enums::RV64
In file included from src/arch/riscv/regs/misc.hh:60,
                 from src/cpu/base.cc:53:
build/RISCV/enums/RiscvType.hh:16:9: note: ‘gem5::enums::RV64’ declared here
   16 |         RV64 = 1,
      |         ^~~~
In file included from src/cpu/base.cc:53:
src/arch/riscv/regs/misc.hh:1904:69: error: ‘RV32’ was not declared in this scope; did you mean ‘gem5::enums::RV32’?
 1904 |     {CSR_UCONST71, {"uconst71", MISCREG_UCONST71, rvTypeFlags(RV64, RV32), isaExtsFlags()}},
      |                                                                     ^~~~
      |                                                                     gem5::enums::RV32
In file included from src/arch/riscv/regs/misc.hh:60,
                 from src/cpu/base.cc:53:
build/RISCV/enums/RiscvType.hh:15:9: note: ‘gem5::enums::RV32’ declared here
   15 |         RV32 = 0,
      |         ^~~~
In file included from src/cpu/base.cc:53:
src/arch/riscv/regs/misc.hh:1905:63: error: ‘RV64’ was not declared in this scope; did you mean ‘gem5::enums::RV64’?
 1905 |     {CSR_UCONST72, {"uconst72", MISCREG_UCONST72, rvTypeFlags(RV64, RV32), isaExtsFlags()}},
      |                                                               ^~~~
      |                                                               gem5::enums::RV64
In file included from src/arch/riscv/regs/misc.hh:60,
                 from src/cpu/base.cc:53:
build/RISCV/enums/RiscvType.hh:16:9: note: ‘gem5::enums::RV64’ declared here
   16 |         RV64 = 1,
      |         ^~~~
In file included from src/cpu/base.cc:53:
src/arch/riscv/regs/misc.hh:1905:69: error: ‘RV32’ was not declared in this scope; did you mean ‘gem5::enums::RV32’?
 1905 |     {CSR_UCONST72, {"uconst72", MISCREG_UCONST72, rvTypeFlags(RV64, RV32), isaExtsFlags()}},
      |                                                                     ^~~~
      |                                                                     gem5::enums::RV32
In file included from src/arch/riscv/regs/misc.hh:60,
                 from src/cpu/base.cc:53:
build/RISCV/enums/RiscvType.hh:15:9: note: ‘gem5::enums::RV32’ declared here
   15 |         RV32 = 0,
      |         ^~~~
In file included from src/cpu/base.cc:53:
src/arch/riscv/regs/misc.hh:1906:63: error: ‘RV64’ was not declared in this scope; did you mean ‘gem5::enums::RV64’?
 1906 |     {CSR_UCONST73, {"uconst73", MISCREG_UCONST73, rvTypeFlags(RV64, RV32), isaExtsFlags()}},
      |                                                               ^~~~
      |                                                               gem5::enums::RV64
In file included from src/arch/riscv/regs/misc.hh:60,
                 from src/cpu/base.cc:53:
build/RISCV/enums/RiscvType.hh:16:9: note: ‘gem5::enums::RV64’ declared here
   16 |         RV64 = 1,
      |         ^~~~
In file included from src/cpu/base.cc:53:
src/arch/riscv/regs/misc.hh:1906:69: error: ‘RV32’ was not declared in this scope; did you mean ‘gem5::enums::RV32’?
 1906 |     {CSR_UCONST73, {"uconst73", MISCREG_UCONST73, rvTypeFlags(RV64, RV32), isaExtsFlags()}},
      |                                                                     ^~~~
      |                                                                     gem5::enums::RV32
In file included from src/arch/riscv/regs/misc.hh:60,
                 from src/cpu/base.cc:53:
build/RISCV/enums/RiscvType.hh:15:9: note: ‘gem5::enums::RV32’ declared here
   15 |         RV32 = 0,
      |         ^~~~
In file included from src/cpu/base.cc:53:
src/arch/riscv/regs/misc.hh:1907:63: error: ‘RV64’ was not declared in this scope; did you mean ‘gem5::enums::RV64’?
 1907 |     {CSR_UCONST74, {"uconst74", MISCREG_UCONST74, rvTypeFlags(RV64, RV32), isaExtsFlags()}},
      |                                                               ^~~~
      |                                                               gem5::enums::RV64
In file included from src/arch/riscv/regs/misc.hh:60,
                 from src/cpu/base.cc:53:
build/RISCV/enums/RiscvType.hh:16:9: note: ‘gem5::enums::RV64’ declared here
   16 |         RV64 = 1,
      |         ^~~~
In file included from src/cpu/base.cc:53:
src/arch/riscv/regs/misc.hh:1907:69: error: ‘RV32’ was not declared in this scope; did you mean ‘gem5::enums::RV32’?
 1907 |     {CSR_UCONST74, {"uconst74", MISCREG_UCONST74, rvTypeFlags(RV64, RV32), isaExtsFlags()}},
      |                                                                     ^~~~
      |                                                                     gem5::enums::RV32
In file included from src/arch/riscv/regs/misc.hh:60,
                 from src/cpu/base.cc:53:
build/RISCV/enums/RiscvType.hh:15:9: note: ‘gem5::enums::RV32’ declared here
   15 |         RV32 = 0,
      |         ^~~~
In file included from src/cpu/base.cc:53:
src/arch/riscv/regs/misc.hh:1908:63: error: ‘RV64’ was not declared in this scope; did you mean ‘gem5::enums::RV64’?
 1908 |     {CSR_UCONST75, {"uconst75", MISCREG_UCONST75, rvTypeFlags(RV64, RV32), isaExtsFlags()}},
      |                                                               ^~~~
      |                                                               gem5::enums::RV64
In file included from src/arch/riscv/regs/misc.hh:60,
                 from src/cpu/base.cc:53:
build/RISCV/enums/RiscvType.hh:16:9: note: ‘gem5::enums::RV64’ declared here
   16 |         RV64 = 1,
      |         ^~~~
In file included from src/cpu/base.cc:53:
src/arch/riscv/regs/misc.hh:1908:69: error: ‘RV32’ was not declared in this scope; did you mean ‘gem5::enums::RV32’?
 1908 |     {CSR_UCONST75, {"uconst75", MISCREG_UCONST75, rvTypeFlags(RV64, RV32), isaExtsFlags()}},
      |                                                                     ^~~~
      |                                                                     gem5::enums::RV32
In file included from src/arch/riscv/regs/misc.hh:60,
                 from src/cpu/base.cc:53:
build/RISCV/enums/RiscvType.hh:15:9: note: ‘gem5::enums::RV32’ declared here
   15 |         RV32 = 0,
      |         ^~~~
In file included from src/cpu/base.cc:53:
src/arch/riscv/regs/misc.hh:1909:63: error: ‘RV64’ was not declared in this scope; did you mean ‘gem5::enums::RV64’?
 1909 |     {CSR_UCONST76, {"uconst76", MISCREG_UCONST76, rvTypeFlags(RV64, RV32), isaExtsFlags()}},
      |                                                               ^~~~
      |                                                               gem5::enums::RV64
In file included from src/arch/riscv/regs/misc.hh:60,
                 from src/cpu/base.cc:53:
build/RISCV/enums/RiscvType.hh:16:9: note: ‘gem5::enums::RV64’ declared here
   16 |         RV64 = 1,
      |         ^~~~
In file included from src/cpu/base.cc:53:
src/arch/riscv/regs/misc.hh:1909:69: error: ‘RV32’ was not declared in this scope; did you mean ‘gem5::enums::RV32’?
 1909 |     {CSR_UCONST76, {"uconst76", MISCREG_UCONST76, rvTypeFlags(RV64, RV32), isaExtsFlags()}},
      |                                                                     ^~~~
      |                                                                     gem5::enums::RV32
In file included from src/arch/riscv/regs/misc.hh:60,
                 from src/cpu/base.cc:53:
build/RISCV/enums/RiscvType.hh:15:9: note: ‘gem5::enums::RV32’ declared here
   15 |         RV32 = 0,
      |         ^~~~
In file included from src/cpu/base.cc:53:
src/arch/riscv/regs/misc.hh:1910:63: error: ‘RV64’ was not declared in this scope; did you mean ‘gem5::enums::RV64’?
 1910 |     {CSR_UCONST77, {"uconst77", MISCREG_UCONST77, rvTypeFlags(RV64, RV32), isaExtsFlags()}},
      |                                                               ^~~~
      |                                                               gem5::enums::RV64
In file included from src/arch/riscv/regs/misc.hh:60,
                 from src/cpu/base.cc:53:
build/RISCV/enums/RiscvType.hh:16:9: note: ‘gem5::enums::RV64’ declared here
   16 |         RV64 = 1,
      |         ^~~~
In file included from src/cpu/base.cc:53:
src/arch/riscv/regs/misc.hh:1910:69: error: ‘RV32’ was not declared in this scope; did you mean ‘gem5::enums::RV32’?
 1910 |     {CSR_UCONST77, {"uconst77", MISCREG_UCONST77, rvTypeFlags(RV64, RV32), isaExtsFlags()}},
      |                                                                     ^~~~
      |                                                                     gem5::enums::RV32
In file included from src/arch/riscv/regs/misc.hh:60,
                 from src/cpu/base.cc:53:
build/RISCV/enums/RiscvType.hh:15:9: note: ‘gem5::enums::RV32’ declared here
   15 |         RV32 = 0,
      |         ^~~~
In file included from src/cpu/base.cc:53:
src/arch/riscv/regs/misc.hh:1911:63: error: ‘RV64’ was not declared in this scope; did you mean ‘gem5::enums::RV64’?
 1911 |     {CSR_UCONST78, {"uconst78", MISCREG_UCONST78, rvTypeFlags(RV64, RV32), isaExtsFlags()}},
      |                                                               ^~~~
      |                                                               gem5::enums::RV64
In file included from src/arch/riscv/regs/misc.hh:60,
                 from src/cpu/base.cc:53:
build/RISCV/enums/RiscvType.hh:16:9: note: ‘gem5::enums::RV64’ declared here
   16 |         RV64 = 1,
      |         ^~~~
In file included from src/cpu/base.cc:53:
src/arch/riscv/regs/misc.hh:1911:69: error: ‘RV32’ was not declared in this scope; did you mean ‘gem5::enums::RV32’?
 1911 |     {CSR_UCONST78, {"uconst78", MISCREG_UCONST78, rvTypeFlags(RV64, RV32), isaExtsFlags()}},
      |                                                                     ^~~~
      |                                                                     gem5::enums::RV32
In file included from src/arch/riscv/regs/misc.hh:60,
                 from src/cpu/base.cc:53:
build/RISCV/enums/RiscvType.hh:15:9: note: ‘gem5::enums::RV32’ declared here
   15 |         RV32 = 0,
      |         ^~~~
In file included from src/cpu/base.cc:53:
src/arch/riscv/regs/misc.hh:1912:63: error: ‘RV64’ was not declared in this scope; did you mean ‘gem5::enums::RV64’?
 1912 |     {CSR_UCONST79, {"uconst79", MISCREG_UCONST79, rvTypeFlags(RV64, RV32), isaExtsFlags()}},
      |                                                               ^~~~
      |                                                               gem5::enums::RV64
In file included from src/arch/riscv/regs/misc.hh:60,
                 from src/cpu/base.cc:53:
build/RISCV/enums/RiscvType.hh:16:9: note: ‘gem5::enums::RV64’ declared here
   16 |         RV64 = 1,
      |         ^~~~
In file included from src/cpu/base.cc:53:
src/arch/riscv/regs/misc.hh:1912:69: error: ‘RV32’ was not declared in this scope; did you mean ‘gem5::enums::RV32’?
 1912 |     {CSR_UCONST79, {"uconst79", MISCREG_UCONST79, rvTypeFlags(RV64, RV32), isaExtsFlags()}},
      |                                                                     ^~~~
      |                                                                     gem5::enums::RV32
In file included from src/arch/riscv/regs/misc.hh:60,
                 from src/cpu/base.cc:53:
build/RISCV/enums/RiscvType.hh:15:9: note: ‘gem5::enums::RV32’ declared here
   15 |         RV32 = 0,
      |         ^~~~
In file included from src/cpu/base.cc:53:
src/arch/riscv/regs/misc.hh:1913:63: error: ‘RV64’ was not declared in this scope; did you mean ‘gem5::enums::RV64’?
 1913 |     {CSR_UCONST80, {"uconst80", MISCREG_UCONST80, rvTypeFlags(RV64, RV32), isaExtsFlags()}},
      |                                                               ^~~~
      |                                                               gem5::enums::RV64
In file included from src/arch/riscv/regs/misc.hh:60,
                 from src/cpu/base.cc:53:
build/RISCV/enums/RiscvType.hh:16:9: note: ‘gem5::enums::RV64’ declared here
   16 |         RV64 = 1,
      |         ^~~~
In file included from src/cpu/base.cc:53:
src/arch/riscv/regs/misc.hh:1913:69: error: ‘RV32’ was not declared in this scope; did you mean ‘gem5::enums::RV32’?
 1913 |     {CSR_UCONST80, {"uconst80", MISCREG_UCONST80, rvTypeFlags(RV64, RV32), isaExtsFlags()}},
      |                                                                     ^~~~
      |                                                                     gem5::enums::RV32
In file included from src/arch/riscv/regs/misc.hh:60,
                 from src/cpu/base.cc:53:
build/RISCV/enums/RiscvType.hh:15:9: note: ‘gem5::enums::RV32’ declared here
   15 |         RV32 = 0,
      |         ^~~~
In file included from src/cpu/base.cc:53:
src/arch/riscv/regs/misc.hh:1914:63: error: ‘RV64’ was not declared in this scope; did you mean ‘gem5::enums::RV64’?
 1914 |     {CSR_UCONST81, {"uconst81", MISCREG_UCONST81, rvTypeFlags(RV64, RV32), isaExtsFlags()}},
      |                                                               ^~~~
      |                                                               gem5::enums::RV64
In file included from src/arch/riscv/regs/misc.hh:60,
                 from src/cpu/base.cc:53:
build/RISCV/enums/RiscvType.hh:16:9: note: ‘gem5::enums::RV64’ declared here
   16 |         RV64 = 1,
      |         ^~~~
In file included from src/cpu/base.cc:53:
src/arch/riscv/regs/misc.hh:1914:69: error: ‘RV32’ was not declared in this scope; did you mean ‘gem5::enums::RV32’?
 1914 |     {CSR_UCONST81, {"uconst81", MISCREG_UCONST81, rvTypeFlags(RV64, RV32), isaExtsFlags()}},
      |                                                                     ^~~~
      |                                                                     gem5::enums::RV32
In file included from src/arch/riscv/regs/misc.hh:60,
                 from src/cpu/base.cc:53:
build/RISCV/enums/RiscvType.hh:15:9: note: ‘gem5::enums::RV32’ declared here
   15 |         RV32 = 0,
      |         ^~~~
In file included from src/cpu/base.cc:53:
src/arch/riscv/regs/misc.hh:1915:63: error: ‘RV64’ was not declared in this scope; did you mean ‘gem5::enums::RV64’?
 1915 |     {CSR_UCONST82, {"uconst82", MISCREG_UCONST82, rvTypeFlags(RV64, RV32), isaExtsFlags()}},
      |                                                               ^~~~
      |                                                               gem5::enums::RV64
In file included from src/arch/riscv/regs/misc.hh:60,
                 from src/cpu/base.cc:53:
build/RISCV/enums/RiscvType.hh:16:9: note: ‘gem5::enums::RV64’ declared here
   16 |         RV64 = 1,
      |         ^~~~
In file included from src/cpu/base.cc:53:
src/arch/riscv/regs/misc.hh:1915:69: error: ‘RV32’ was not declared in this scope; did you mean ‘gem5::enums::RV32’?
 1915 |     {CSR_UCONST82, {"uconst82", MISCREG_UCONST82, rvTypeFlags(RV64, RV32), isaExtsFlags()}},
      |                                                                     ^~~~
      |                                                                     gem5::enums::RV32
In file included from src/arch/riscv/regs/misc.hh:60,
                 from src/cpu/base.cc:53:
build/RISCV/enums/RiscvType.hh:15:9: note: ‘gem5::enums::RV32’ declared here
   15 |         RV32 = 0,
      |         ^~~~
In file included from src/cpu/base.cc:53:
src/arch/riscv/regs/misc.hh:1916:63: error: ‘RV64’ was not declared in this scope; did you mean ‘gem5::enums::RV64’?
 1916 |     {CSR_UCONST83, {"uconst83", MISCREG_UCONST83, rvTypeFlags(RV64, RV32), isaExtsFlags()}},
      |                                                               ^~~~
      |                                                               gem5::enums::RV64
In file included from src/arch/riscv/regs/misc.hh:60,
                 from src/cpu/base.cc:53:
build/RISCV/enums/RiscvType.hh:16:9: note: ‘gem5::enums::RV64’ declared here
   16 |         RV64 = 1,
      |         ^~~~
In file included from src/cpu/base.cc:53:
src/arch/riscv/regs/misc.hh:1916:69: error: ‘RV32’ was not declared in this scope; did you mean ‘gem5::enums::RV32’?
 1916 |     {CSR_UCONST83, {"uconst83", MISCREG_UCONST83, rvTypeFlags(RV64, RV32), isaExtsFlags()}},
      |                                                                     ^~~~
      |                                                                     gem5::enums::RV32
In file included from src/arch/riscv/regs/misc.hh:60,
                 from src/cpu/base.cc:53:
build/RISCV/enums/RiscvType.hh:15:9: note: ‘gem5::enums::RV32’ declared here
   15 |         RV32 = 0,
      |         ^~~~
In file included from src/cpu/base.cc:53:
src/arch/riscv/regs/misc.hh:1917:63: error: ‘RV64’ was not declared in this scope; did you mean ‘gem5::enums::RV64’?
 1917 |     {CSR_UCONST84, {"uconst84", MISCREG_UCONST84, rvTypeFlags(RV64, RV32), isaExtsFlags()}},
      |                                                               ^~~~
      |                                                               gem5::enums::RV64
In file included from src/arch/riscv/regs/misc.hh:60,
                 from src/cpu/base.cc:53:
build/RISCV/enums/RiscvType.hh:16:9: note: ‘gem5::enums::RV64’ declared here
   16 |         RV64 = 1,
      |         ^~~~
In file included from src/cpu/base.cc:53:
src/arch/riscv/regs/misc.hh:1917:69: error: ‘RV32’ was not declared in this scope; did you mean ‘gem5::enums::RV32’?
 1917 |     {CSR_UCONST84, {"uconst84", MISCREG_UCONST84, rvTypeFlags(RV64, RV32), isaExtsFlags()}},
      |                                                                     ^~~~
      |                                                                     gem5::enums::RV32
In file included from src/arch/riscv/regs/misc.hh:60,
                 from src/cpu/base.cc:53:
build/RISCV/enums/RiscvType.hh:15:9: note: ‘gem5::enums::RV32’ declared here
   15 |         RV32 = 0,
      |         ^~~~
In file included from src/cpu/base.cc:53:
src/arch/riscv/regs/misc.hh:1918:63: error: ‘RV64’ was not declared in this scope; did you mean ‘gem5::enums::RV64’?
 1918 |     {CSR_UCONST85, {"uconst85", MISCREG_UCONST85, rvTypeFlags(RV64, RV32), isaExtsFlags()}},
      |                                                               ^~~~
      |                                                               gem5::enums::RV64
In file included from src/arch/riscv/regs/misc.hh:60,
                 from src/cpu/base.cc:53:
build/RISCV/enums/RiscvType.hh:16:9: note: ‘gem5::enums::RV64’ declared here
   16 |         RV64 = 1,
      |         ^~~~
In file included from src/cpu/base.cc:53:
src/arch/riscv/regs/misc.hh:1918:69: error: ‘RV32’ was not declared in this scope; did you mean ‘gem5::enums::RV32’?
 1918 |     {CSR_UCONST85, {"uconst85", MISCREG_UCONST85, rvTypeFlags(RV64, RV32), isaExtsFlags()}},
      |                                                                     ^~~~
      |                                                                     gem5::enums::RV32
In file included from src/arch/riscv/regs/misc.hh:60,
                 from src/cpu/base.cc:53:
build/RISCV/enums/RiscvType.hh:15:9: note: ‘gem5::enums::RV32’ declared here
   15 |         RV32 = 0,
      |         ^~~~
In file included from src/cpu/base.cc:53:
src/arch/riscv/regs/misc.hh:1919:63: error: ‘RV64’ was not declared in this scope; did you mean ‘gem5::enums::RV64’?
 1919 |     {CSR_UCONST86, {"uconst86", MISCREG_UCONST86, rvTypeFlags(RV64, RV32), isaExtsFlags()}},
      |                                                               ^~~~
      |                                                               gem5::enums::RV64
In file included from src/arch/riscv/regs/misc.hh:60,
                 from src/cpu/base.cc:53:
build/RISCV/enums/RiscvType.hh:16:9: note: ‘gem5::enums::RV64’ declared here
   16 |         RV64 = 1,
      |         ^~~~
In file included from src/cpu/base.cc:53:
src/arch/riscv/regs/misc.hh:1919:69: error: ‘RV32’ was not declared in this scope; did you mean ‘gem5::enums::RV32’?
 1919 |     {CSR_UCONST86, {"uconst86", MISCREG_UCONST86, rvTypeFlags(RV64, RV32), isaExtsFlags()}},
      |                                                                     ^~~~
      |                                                                     gem5::enums::RV32
In file included from src/arch/riscv/regs/misc.hh:60,
                 from src/cpu/base.cc:53:
build/RISCV/enums/RiscvType.hh:15:9: note: ‘gem5::enums::RV32’ declared here
   15 |         RV32 = 0,
      |         ^~~~
In file included from src/cpu/base.cc:53:
src/arch/riscv/regs/misc.hh:1920:63: error: ‘RV64’ was not declared in this scope; did you mean ‘gem5::enums::RV64’?
 1920 |     {CSR_UCONST87, {"uconst87", MISCREG_UCONST87, rvTypeFlags(RV64, RV32), isaExtsFlags()}},
      |                                                               ^~~~
      |                                                               gem5::enums::RV64
In file included from src/arch/riscv/regs/misc.hh:60,
                 from src/cpu/base.cc:53:
build/RISCV/enums/RiscvType.hh:16:9: note: ‘gem5::enums::RV64’ declared here
   16 |         RV64 = 1,
      |         ^~~~
In file included from src/cpu/base.cc:53:
src/arch/riscv/regs/misc.hh:1920:69: error: ‘RV32’ was not declared in this scope; did you mean ‘gem5::enums::RV32’?
 1920 |     {CSR_UCONST87, {"uconst87", MISCREG_UCONST87, rvTypeFlags(RV64, RV32), isaExtsFlags()}},
      |                                                                     ^~~~
      |                                                                     gem5::enums::RV32
In file included from src/arch/riscv/regs/misc.hh:60,
                 from src/cpu/base.cc:53:
build/RISCV/enums/RiscvType.hh:15:9: note: ‘gem5::enums::RV32’ declared here
   15 |         RV32 = 0,
      |         ^~~~
In file included from src/cpu/base.cc:53:
src/arch/riscv/regs/misc.hh:1921:63: error: ‘RV64’ was not declared in this scope; did you mean ‘gem5::enums::RV64’?
 1921 |     {CSR_UCONST88, {"uconst88", MISCREG_UCONST88, rvTypeFlags(RV64, RV32), isaExtsFlags()}},
      |                                                               ^~~~
      |                                                               gem5::enums::RV64
In file included from src/arch/riscv/regs/misc.hh:60,
                 from src/cpu/base.cc:53:
build/RISCV/enums/RiscvType.hh:16:9: note: ‘gem5::enums::RV64’ declared here
   16 |         RV64 = 1,
      |         ^~~~
In file included from src/cpu/base.cc:53:
src/arch/riscv/regs/misc.hh:1921:69: error: ‘RV32’ was not declared in this scope; did you mean ‘gem5::enums::RV32’?
 1921 |     {CSR_UCONST88, {"uconst88", MISCREG_UCONST88, rvTypeFlags(RV64, RV32), isaExtsFlags()}},
      |                                                                     ^~~~
      |                                                                     gem5::enums::RV32
In file included from src/arch/riscv/regs/misc.hh:60,
                 from src/cpu/base.cc:53:
build/RISCV/enums/RiscvType.hh:15:9: note: ‘gem5::enums::RV32’ declared here
   15 |         RV32 = 0,
      |         ^~~~
In file included from src/cpu/base.cc:53:
src/arch/riscv/regs/misc.hh:1922:63: error: ‘RV64’ was not declared in this scope; did you mean ‘gem5::enums::RV64’?
 1922 |     {CSR_UCONST89, {"uconst89", MISCREG_UCONST89, rvTypeFlags(RV64, RV32), isaExtsFlags()}},
      |                                                               ^~~~
      |                                                               gem5::enums::RV64
In file included from src/arch/riscv/regs/misc.hh:60,
                 from src/cpu/base.cc:53:
build/RISCV/enums/RiscvType.hh:16:9: note: ‘gem5::enums::RV64’ declared here
   16 |         RV64 = 1,
      |         ^~~~
In file included from src/cpu/base.cc:53:
src/arch/riscv/regs/misc.hh:1922:69: error: ‘RV32’ was not declared in this scope; did you mean ‘gem5::enums::RV32’?
 1922 |     {CSR_UCONST89, {"uconst89", MISCREG_UCONST89, rvTypeFlags(RV64, RV32), isaExtsFlags()}},
      |                                                                     ^~~~
      |                                                                     gem5::enums::RV32
In file included from src/arch/riscv/regs/misc.hh:60,
                 from src/cpu/base.cc:53:
build/RISCV/enums/RiscvType.hh:15:9: note: ‘gem5::enums::RV32’ declared here
   15 |         RV32 = 0,
      |         ^~~~
In file included from src/cpu/base.cc:53:
src/arch/riscv/regs/misc.hh:1923:63: error: ‘RV64’ was not declared in this scope; did you mean ‘gem5::enums::RV64’?
 1923 |     {CSR_UCONST90, {"uconst90", MISCREG_UCONST90, rvTypeFlags(RV64, RV32), isaExtsFlags()}},
      |                                                               ^~~~
      |                                                               gem5::enums::RV64
In file included from src/arch/riscv/regs/misc.hh:60,
                 from src/cpu/base.cc:53:
build/RISCV/enums/RiscvType.hh:16:9: note: ‘gem5::enums::RV64’ declared here
   16 |         RV64 = 1,
      |         ^~~~
In file included from src/cpu/base.cc:53:
src/arch/riscv/regs/misc.hh:1923:69: error: ‘RV32’ was not declared in this scope; did you mean ‘gem5::enums::RV32’?
 1923 |     {CSR_UCONST90, {"uconst90", MISCREG_UCONST90, rvTypeFlags(RV64, RV32), isaExtsFlags()}},
      |                                                                     ^~~~
      |                                                                     gem5::enums::RV32
In file included from src/arch/riscv/regs/misc.hh:60,
                 from src/cpu/base.cc:53:
build/RISCV/enums/RiscvType.hh:15:9: note: ‘gem5::enums::RV32’ declared here
   15 |         RV32 = 0,
      |         ^~~~
In file included from src/cpu/base.cc:53:
src/arch/riscv/regs/misc.hh:1924:63: error: ‘RV64’ was not declared in this scope; did you mean ‘gem5::enums::RV64’?
 1924 |     {CSR_UCONST91, {"uconst91", MISCREG_UCONST91, rvTypeFlags(RV64, RV32), isaExtsFlags()}},
      |                                                               ^~~~
      |                                                               gem5::enums::RV64
In file included from src/arch/riscv/regs/misc.hh:60,
                 from src/cpu/base.cc:53:
build/RISCV/enums/RiscvType.hh:16:9: note: ‘gem5::enums::RV64’ declared here
   16 |         RV64 = 1,
      |         ^~~~
In file included from src/cpu/base.cc:53:
src/arch/riscv/regs/misc.hh:1924:69: error: ‘RV32’ was not declared in this scope; did you mean ‘gem5::enums::RV32’?
 1924 |     {CSR_UCONST91, {"uconst91", MISCREG_UCONST91, rvTypeFlags(RV64, RV32), isaExtsFlags()}},
      |                                                                     ^~~~
      |                                                                     gem5::enums::RV32
In file included from src/arch/riscv/regs/misc.hh:60,
                 from src/cpu/base.cc:53:
build/RISCV/enums/RiscvType.hh:15:9: note: ‘gem5::enums::RV32’ declared here
   15 |         RV32 = 0,
      |         ^~~~
In file included from src/cpu/base.cc:53:
src/arch/riscv/regs/misc.hh:1925:63: error: ‘RV64’ was not declared in this scope; did you mean ‘gem5::enums::RV64’?
 1925 |     {CSR_UCONST92, {"uconst92", MISCREG_UCONST92, rvTypeFlags(RV64, RV32), isaExtsFlags()}},
      |                                                               ^~~~
      |                                                               gem5::enums::RV64
In file included from src/arch/riscv/regs/misc.hh:60,
                 from src/cpu/base.cc:53:
build/RISCV/enums/RiscvType.hh:16:9: note: ‘gem5::enums::RV64’ declared here
   16 |         RV64 = 1,
      |         ^~~~
In file included from src/cpu/base.cc:53:
src/arch/riscv/regs/misc.hh:1925:69: error: ‘RV32’ was not declared in this scope; did you mean ‘gem5::enums::RV32’?
 1925 |     {CSR_UCONST92, {"uconst92", MISCREG_UCONST92, rvTypeFlags(RV64, RV32), isaExtsFlags()}},
      |                                                                     ^~~~
      |                                                                     gem5::enums::RV32
In file included from src/arch/riscv/regs/misc.hh:60,
                 from src/cpu/base.cc:53:
build/RISCV/enums/RiscvType.hh:15:9: note: ‘gem5::enums::RV32’ declared here
   15 |         RV32 = 0,
      |         ^~~~
In file included from src/cpu/base.cc:53:
src/arch/riscv/regs/misc.hh:1926:63: error: ‘RV64’ was not declared in this scope; did you mean ‘gem5::enums::RV64’?
 1926 |     {CSR_UCONST93, {"uconst93", MISCREG_UCONST93, rvTypeFlags(RV64, RV32), isaExtsFlags()}},
      |                                                               ^~~~
      |                                                               gem5::enums::RV64
In file included from src/arch/riscv/regs/misc.hh:60,
                 from src/cpu/base.cc:53:
build/RISCV/enums/RiscvType.hh:16:9: note: ‘gem5::enums::RV64’ declared here
   16 |         RV64 = 1,
      |         ^~~~
In file included from src/cpu/base.cc:53:
src/arch/riscv/regs/misc.hh:1926:69: error: ‘RV32’ was not declared in this scope; did you mean ‘gem5::enums::RV32’?
 1926 |     {CSR_UCONST93, {"uconst93", MISCREG_UCONST93, rvTypeFlags(RV64, RV32), isaExtsFlags()}},
      |                                                                     ^~~~
      |                                                                     gem5::enums::RV32
In file included from src/arch/riscv/regs/misc.hh:60,
                 from src/cpu/base.cc:53:
build/RISCV/enums/RiscvType.hh:15:9: note: ‘gem5::enums::RV32’ declared here
   15 |         RV32 = 0,
      |         ^~~~
In file included from src/cpu/base.cc:53:
src/arch/riscv/regs/misc.hh:1927:63: error: ‘RV64’ was not declared in this scope; did you mean ‘gem5::enums::RV64’?
 1927 |     {CSR_UCONST94, {"uconst94", MISCREG_UCONST94, rvTypeFlags(RV64, RV32), isaExtsFlags()}},
      |                                                               ^~~~
      |                                                               gem5::enums::RV64
In file included from src/arch/riscv/regs/misc.hh:60,
                 from src/cpu/base.cc:53:
build/RISCV/enums/RiscvType.hh:16:9: note: ‘gem5::enums::RV64’ declared here
   16 |         RV64 = 1,
      |         ^~~~
In file included from src/cpu/base.cc:53:
src/arch/riscv/regs/misc.hh:1927:69: error: ‘RV32’ was not declared in this scope; did you mean ‘gem5::enums::RV32’?
 1927 |     {CSR_UCONST94, {"uconst94", MISCREG_UCONST94, rvTypeFlags(RV64, RV32), isaExtsFlags()}},
      |                                                                     ^~~~
      |                                                                     gem5::enums::RV32
In file included from src/arch/riscv/regs/misc.hh:60,
                 from src/cpu/base.cc:53:
build/RISCV/enums/RiscvType.hh:15:9: note: ‘gem5::enums::RV32’ declared here
   15 |         RV32 = 0,
      |         ^~~~
In file included from src/cpu/base.cc:53:
src/arch/riscv/regs/misc.hh:1928:63: error: ‘RV64’ was not declared in this scope; did you mean ‘gem5::enums::RV64’?
 1928 |     {CSR_UCONST95, {"uconst95", MISCREG_UCONST95, rvTypeFlags(RV64, RV32), isaExtsFlags()}},
      |                                                               ^~~~
      |                                                               gem5::enums::RV64
In file included from src/arch/riscv/regs/misc.hh:60,
                 from src/cpu/base.cc:53:
build/RISCV/enums/RiscvType.hh:16:9: note: ‘gem5::enums::RV64’ declared here
   16 |         RV64 = 1,
      |         ^~~~
In file included from src/cpu/base.cc:53:
src/arch/riscv/regs/misc.hh:1928:69: error: ‘RV32’ was not declared in this scope; did you mean ‘gem5::enums::RV32’?
 1928 |     {CSR_UCONST95, {"uconst95", MISCREG_UCONST95, rvTypeFlags(RV64, RV32), isaExtsFlags()}},
      |                                                                     ^~~~
      |                                                                     gem5::enums::RV32
In file included from src/arch/riscv/regs/misc.hh:60,
                 from src/cpu/base.cc:53:
build/RISCV/enums/RiscvType.hh:15:9: note: ‘gem5::enums::RV32’ declared here
   15 |         RV32 = 0,
      |         ^~~~
In file included from src/cpu/base.cc:53:
src/arch/riscv/regs/misc.hh:1929:63: error: ‘RV64’ was not declared in this scope; did you mean ‘gem5::enums::RV64’?
 1929 |     {CSR_UCONST96, {"uconst96", MISCREG_UCONST96, rvTypeFlags(RV64, RV32), isaExtsFlags()}},
      |                                                               ^~~~
      |                                                               gem5::enums::RV64
In file included from src/arch/riscv/regs/misc.hh:60,
                 from src/cpu/base.cc:53:
build/RISCV/enums/RiscvType.hh:16:9: note: ‘gem5::enums::RV64’ declared here
   16 |         RV64 = 1,
      |         ^~~~
In file included from src/cpu/base.cc:53:
src/arch/riscv/regs/misc.hh:1929:69: error: ‘RV32’ was not declared in this scope; did you mean ‘gem5::enums::RV32’?
 1929 |     {CSR_UCONST96, {"uconst96", MISCREG_UCONST96, rvTypeFlags(RV64, RV32), isaExtsFlags()}},
      |                                                                     ^~~~
      |                                                                     gem5::enums::RV32
In file included from src/arch/riscv/regs/misc.hh:60,
                 from src/cpu/base.cc:53:
build/RISCV/enums/RiscvType.hh:15:9: note: ‘gem5::enums::RV32’ declared here
   15 |         RV32 = 0,
      |         ^~~~
In file included from src/cpu/base.cc:53:
src/arch/riscv/regs/misc.hh:1930:63: error: ‘RV64’ was not declared in this scope; did you mean ‘gem5::enums::RV64’?
 1930 |     {CSR_UCONST97, {"uconst97", MISCREG_UCONST97, rvTypeFlags(RV64, RV32), isaExtsFlags()}},
      |                                                               ^~~~
      |                                                               gem5::enums::RV64
In file included from src/arch/riscv/regs/misc.hh:60,
                 from src/cpu/base.cc:53:
build/RISCV/enums/RiscvType.hh:16:9: note: ‘gem5::enums::RV64’ declared here
   16 |         RV64 = 1,
      |         ^~~~
In file included from src/cpu/base.cc:53:
src/arch/riscv/regs/misc.hh:1930:69: error: ‘RV32’ was not declared in this scope; did you mean ‘gem5::enums::RV32’?
 1930 |     {CSR_UCONST97, {"uconst97", MISCREG_UCONST97, rvTypeFlags(RV64, RV32), isaExtsFlags()}},
      |                                                                     ^~~~
      |                                                                     gem5::enums::RV32
In file included from src/arch/riscv/regs/misc.hh:60,
                 from src/cpu/base.cc:53:
build/RISCV/enums/RiscvType.hh:15:9: note: ‘gem5::enums::RV32’ declared here
   15 |         RV32 = 0,
      |         ^~~~
In file included from src/cpu/base.cc:53:
src/arch/riscv/regs/misc.hh:1931:63: error: ‘RV64’ was not declared in this scope; did you mean ‘gem5::enums::RV64’?
 1931 |     {CSR_UCONST98, {"uconst98", MISCREG_UCONST98, rvTypeFlags(RV64, RV32), isaExtsFlags()}},
      |                                                               ^~~~
      |                                                               gem5::enums::RV64
In file included from src/arch/riscv/regs/misc.hh:60,
                 from src/cpu/base.cc:53:
build/RISCV/enums/RiscvType.hh:16:9: note: ‘gem5::enums::RV64’ declared here
   16 |         RV64 = 1,
      |         ^~~~
In file included from src/cpu/base.cc:53:
src/arch/riscv/regs/misc.hh:1931:69: error: ‘RV32’ was not declared in this scope; did you mean ‘gem5::enums::RV32’?
 1931 |     {CSR_UCONST98, {"uconst98", MISCREG_UCONST98, rvTypeFlags(RV64, RV32), isaExtsFlags()}},
      |                                                                     ^~~~
      |                                                                     gem5::enums::RV32
In file included from src/arch/riscv/regs/misc.hh:60,
                 from src/cpu/base.cc:53:
build/RISCV/enums/RiscvType.hh:15:9: note: ‘gem5::enums::RV32’ declared here
   15 |         RV32 = 0,
      |         ^~~~
In file included from src/cpu/base.cc:53:
src/arch/riscv/regs/misc.hh:1932:63: error: ‘RV64’ was not declared in this scope; did you mean ‘gem5::enums::RV64’?
 1932 |     {CSR_UCONST99, {"uconst99", MISCREG_UCONST99, rvTypeFlags(RV64, RV32), isaExtsFlags()}},
      |                                                               ^~~~
      |                                                               gem5::enums::RV64
In file included from src/arch/riscv/regs/misc.hh:60,
                 from src/cpu/base.cc:53:
build/RISCV/enums/RiscvType.hh:16:9: note: ‘gem5::enums::RV64’ declared here
   16 |         RV64 = 1,
      |         ^~~~
In file included from src/cpu/base.cc:53:
src/arch/riscv/regs/misc.hh:1932:69: error: ‘RV32’ was not declared in this scope; did you mean ‘gem5::enums::RV32’?
 1932 |     {CSR_UCONST99, {"uconst99", MISCREG_UCONST99, rvTypeFlags(RV64, RV32), isaExtsFlags()}},
      |                                                                     ^~~~
      |                                                                     gem5::enums::RV32
In file included from src/arch/riscv/regs/misc.hh:60,
                 from src/cpu/base.cc:53:
build/RISCV/enums/RiscvType.hh:15:9: note: ‘gem5::enums::RV32’ declared here
   15 |         RV32 = 0,
      |         ^~~~
In file included from src/cpu/base.cc:53:
src/arch/riscv/regs/misc.hh:1933:66: error: ‘RV64’ was not declared in this scope; did you mean ‘gem5::enums::RV64’?
 1933 |     {CSR_UCONST100, {"uconst100", MISCREG_UCONST100, rvTypeFlags(RV64, RV32), isaExtsFlags()}},
      |                                                                  ^~~~
      |                                                                  gem5::enums::RV64
In file included from src/arch/riscv/regs/misc.hh:60,
                 from src/cpu/base.cc:53:
build/RISCV/enums/RiscvType.hh:16:9: note: ‘gem5::enums::RV64’ declared here
   16 |         RV64 = 1,
      |         ^~~~
In file included from src/cpu/base.cc:53:
src/arch/riscv/regs/misc.hh:1933:72: error: ‘RV32’ was not declared in this scope; did you mean ‘gem5::enums::RV32’?
 1933 |     {CSR_UCONST100, {"uconst100", MISCREG_UCONST100, rvTypeFlags(RV64, RV32), isaExtsFlags()}},
      |                                                                        ^~~~
      |                                                                        gem5::enums::RV32
In file included from src/arch/riscv/regs/misc.hh:60,
                 from src/cpu/base.cc:53:
build/RISCV/enums/RiscvType.hh:15:9: note: ‘gem5::enums::RV32’ declared here
   15 |         RV32 = 0,
      |         ^~~~
In file included from src/cpu/base.cc:53:
src/arch/riscv/regs/misc.hh:1934:66: error: ‘RV64’ was not declared in this scope; did you mean ‘gem5::enums::RV64’?
 1934 |     {CSR_UCONST101, {"uconst101", MISCREG_UCONST101, rvTypeFlags(RV64, RV32), isaExtsFlags()}},
      |                                                                  ^~~~
      |                                                                  gem5::enums::RV64
In file included from src/arch/riscv/regs/misc.hh:60,
                 from src/cpu/base.cc:53:
build/RISCV/enums/RiscvType.hh:16:9: note: ‘gem5::enums::RV64’ declared here
   16 |         RV64 = 1,
      |         ^~~~
In file included from src/cpu/base.cc:53:
src/arch/riscv/regs/misc.hh:1934:72: error: ‘RV32’ was not declared in this scope; did you mean ‘gem5::enums::RV32’?
 1934 |     {CSR_UCONST101, {"uconst101", MISCREG_UCONST101, rvTypeFlags(RV64, RV32), isaExtsFlags()}},
      |                                                                        ^~~~
      |                                                                        gem5::enums::RV32
In file included from src/arch/riscv/regs/misc.hh:60,
                 from src/cpu/base.cc:53:
build/RISCV/enums/RiscvType.hh:15:9: note: ‘gem5::enums::RV32’ declared here
   15 |         RV32 = 0,
      |         ^~~~
In file included from src/cpu/base.cc:53:
src/arch/riscv/regs/misc.hh:1935:66: error: ‘RV64’ was not declared in this scope; did you mean ‘gem5::enums::RV64’?
 1935 |     {CSR_UCONST102, {"uconst102", MISCREG_UCONST102, rvTypeFlags(RV64, RV32), isaExtsFlags()}},
      |                                                                  ^~~~
      |                                                                  gem5::enums::RV64
In file included from src/arch/riscv/regs/misc.hh:60,
                 from src/cpu/base.cc:53:
build/RISCV/enums/RiscvType.hh:16:9: note: ‘gem5::enums::RV64’ declared here
   16 |         RV64 = 1,
      |         ^~~~
In file included from src/cpu/base.cc:53:
src/arch/riscv/regs/misc.hh:1935:72: error: ‘RV32’ was not declared in this scope; did you mean ‘gem5::enums::RV32’?
 1935 |     {CSR_UCONST102, {"uconst102", MISCREG_UCONST102, rvTypeFlags(RV64, RV32), isaExtsFlags()}},
      |                                                                        ^~~~
      |                                                                        gem5::enums::RV32
In file included from src/arch/riscv/regs/misc.hh:60,
                 from src/cpu/base.cc:53:
build/RISCV/enums/RiscvType.hh:15:9: note: ‘gem5::enums::RV32’ declared here
   15 |         RV32 = 0,
      |         ^~~~
In file included from src/cpu/base.cc:53:
src/arch/riscv/regs/misc.hh:1936:66: error: ‘RV64’ was not declared in this scope; did you mean ‘gem5::enums::RV64’?
 1936 |     {CSR_UCONST103, {"uconst103", MISCREG_UCONST103, rvTypeFlags(RV64, RV32), isaExtsFlags()}},
      |                                                                  ^~~~
      |                                                                  gem5::enums::RV64
In file included from src/arch/riscv/regs/misc.hh:60,
                 from src/cpu/base.cc:53:
build/RISCV/enums/RiscvType.hh:16:9: note: ‘gem5::enums::RV64’ declared here
   16 |         RV64 = 1,
      |         ^~~~
In file included from src/cpu/base.cc:53:
src/arch/riscv/regs/misc.hh:1936:72: error: ‘RV32’ was not declared in this scope; did you mean ‘gem5::enums::RV32’?
 1936 |     {CSR_UCONST103, {"uconst103", MISCREG_UCONST103, rvTypeFlags(RV64, RV32), isaExtsFlags()}},
      |                                                                        ^~~~
      |                                                                        gem5::enums::RV32
In file included from src/arch/riscv/regs/misc.hh:60,
                 from src/cpu/base.cc:53:
build/RISCV/enums/RiscvType.hh:15:9: note: ‘gem5::enums::RV32’ declared here
   15 |         RV32 = 0,
      |         ^~~~
In file included from src/cpu/base.cc:53:
src/arch/riscv/regs/misc.hh:1937:66: error: ‘RV64’ was not declared in this scope; did you mean ‘gem5::enums::RV64’?
 1937 |     {CSR_UCONST104, {"uconst104", MISCREG_UCONST104, rvTypeFlags(RV64, RV32), isaExtsFlags()}},
      |                                                                  ^~~~
      |                                                                  gem5::enums::RV64
In file included from src/arch/riscv/regs/misc.hh:60,
                 from src/cpu/base.cc:53:
build/RISCV/enums/RiscvType.hh:16:9: note: ‘gem5::enums::RV64’ declared here
   16 |         RV64 = 1,
      |         ^~~~
In file included from src/cpu/base.cc:53:
src/arch/riscv/regs/misc.hh:1937:72: error: ‘RV32’ was not declared in this scope; did you mean ‘gem5::enums::RV32’?
 1937 |     {CSR_UCONST104, {"uconst104", MISCREG_UCONST104, rvTypeFlags(RV64, RV32), isaExtsFlags()}},
      |                                                                        ^~~~
      |                                                                        gem5::enums::RV32
In file included from src/arch/riscv/regs/misc.hh:60,
                 from src/cpu/base.cc:53:
build/RISCV/enums/RiscvType.hh:15:9: note: ‘gem5::enums::RV32’ declared here
   15 |         RV32 = 0,
      |         ^~~~
In file included from src/cpu/base.cc:53:
src/arch/riscv/regs/misc.hh:1938:66: error: ‘RV64’ was not declared in this scope; did you mean ‘gem5::enums::RV64’?
 1938 |     {CSR_UCONST105, {"uconst105", MISCREG_UCONST105, rvTypeFlags(RV64, RV32), isaExtsFlags()}},
      |                                                                  ^~~~
      |                                                                  gem5::enums::RV64
In file included from src/arch/riscv/regs/misc.hh:60,
                 from src/cpu/base.cc:53:
build/RISCV/enums/RiscvType.hh:16:9: note: ‘gem5::enums::RV64’ declared here
   16 |         RV64 = 1,
      |         ^~~~
In file included from src/cpu/base.cc:53:
src/arch/riscv/regs/misc.hh:1938:72: error: ‘RV32’ was not declared in this scope; did you mean ‘gem5::enums::RV32’?
 1938 |     {CSR_UCONST105, {"uconst105", MISCREG_UCONST105, rvTypeFlags(RV64, RV32), isaExtsFlags()}},
      |                                                                        ^~~~
      |                                                                        gem5::enums::RV32
In file included from src/arch/riscv/regs/misc.hh:60,
                 from src/cpu/base.cc:53:
build/RISCV/enums/RiscvType.hh:15:9: note: ‘gem5::enums::RV32’ declared here
   15 |         RV32 = 0,
      |         ^~~~
In file included from src/cpu/base.cc:53:
src/arch/riscv/regs/misc.hh:1939:66: error: ‘RV64’ was not declared in this scope; did you mean ‘gem5::enums::RV64’?
 1939 |     {CSR_UCONST106, {"uconst106", MISCREG_UCONST106, rvTypeFlags(RV64, RV32), isaExtsFlags()}},
      |                                                                  ^~~~
      |                                                                  gem5::enums::RV64
In file included from src/arch/riscv/regs/misc.hh:60,
                 from src/cpu/base.cc:53:
build/RISCV/enums/RiscvType.hh:16:9: note: ‘gem5::enums::RV64’ declared here
   16 |         RV64 = 1,
      |         ^~~~
In file included from src/cpu/base.cc:53:
src/arch/riscv/regs/misc.hh:1939:72: error: ‘RV32’ was not declared in this scope; did you mean ‘gem5::enums::RV32’?
 1939 |     {CSR_UCONST106, {"uconst106", MISCREG_UCONST106, rvTypeFlags(RV64, RV32), isaExtsFlags()}},
      |                                                                        ^~~~
      |                                                                        gem5::enums::RV32
In file included from src/arch/riscv/regs/misc.hh:60,
                 from src/cpu/base.cc:53:
build/RISCV/enums/RiscvType.hh:15:9: note: ‘gem5::enums::RV32’ declared here
   15 |         RV32 = 0,
      |         ^~~~
In file included from src/cpu/base.cc:53:
src/arch/riscv/regs/misc.hh:1940:66: error: ‘RV64’ was not declared in this scope; did you mean ‘gem5::enums::RV64’?
 1940 |     {CSR_UCONST107, {"uconst107", MISCREG_UCONST107, rvTypeFlags(RV64, RV32), isaExtsFlags()}},
      |                                                                  ^~~~
      |                                                                  gem5::enums::RV64
In file included from src/arch/riscv/regs/misc.hh:60,
                 from src/cpu/base.cc:53:
build/RISCV/enums/RiscvType.hh:16:9: note: ‘gem5::enums::RV64’ declared here
   16 |         RV64 = 1,
      |         ^~~~
In file included from src/cpu/base.cc:53:
src/arch/riscv/regs/misc.hh:1940:72: error: ‘RV32’ was not declared in this scope; did you mean ‘gem5::enums::RV32’?
 1940 |     {CSR_UCONST107, {"uconst107", MISCREG_UCONST107, rvTypeFlags(RV64, RV32), isaExtsFlags()}},
      |                                                                        ^~~~
      |                                                                        gem5::enums::RV32
In file included from src/arch/riscv/regs/misc.hh:60,
                 from src/cpu/base.cc:53:
build/RISCV/enums/RiscvType.hh:15:9: note: ‘gem5::enums::RV32’ declared here
   15 |         RV32 = 0,
      |         ^~~~
In file included from src/cpu/base.cc:53:
src/arch/riscv/regs/misc.hh:1941:66: error: ‘RV64’ was not declared in this scope; did you mean ‘gem5::enums::RV64’?
 1941 |     {CSR_UCONST108, {"uconst108", MISCREG_UCONST108, rvTypeFlags(RV64, RV32), isaExtsFlags()}},
      |                                                                  ^~~~
      |                                                                  gem5::enums::RV64
In file included from src/arch/riscv/regs/misc.hh:60,
                 from src/cpu/base.cc:53:
build/RISCV/enums/RiscvType.hh:16:9: note: ‘gem5::enums::RV64’ declared here
   16 |         RV64 = 1,
      |         ^~~~
In file included from src/cpu/base.cc:53:
src/arch/riscv/regs/misc.hh:1941:72: error: ‘RV32’ was not declared in this scope; did you mean ‘gem5::enums::RV32’?
 1941 |     {CSR_UCONST108, {"uconst108", MISCREG_UCONST108, rvTypeFlags(RV64, RV32), isaExtsFlags()}},
      |                                                                        ^~~~
      |                                                                        gem5::enums::RV32
In file included from src/arch/riscv/regs/misc.hh:60,
                 from src/cpu/base.cc:53:
build/RISCV/enums/RiscvType.hh:15:9: note: ‘gem5::enums::RV32’ declared here
   15 |         RV32 = 0,
      |         ^~~~
In file included from src/cpu/base.cc:53:
src/arch/riscv/regs/misc.hh:1942:66: error: ‘RV64’ was not declared in this scope; did you mean ‘gem5::enums::RV64’?
 1942 |     {CSR_UCONST109, {"uconst109", MISCREG_UCONST109, rvTypeFlags(RV64, RV32), isaExtsFlags()}},
      |                                                                  ^~~~
      |                                                                  gem5::enums::RV64
In file included from src/arch/riscv/regs/misc.hh:60,
                 from src/cpu/base.cc:53:
build/RISCV/enums/RiscvType.hh:16:9: note: ‘gem5::enums::RV64’ declared here
   16 |         RV64 = 1,
      |         ^~~~
In file included from src/cpu/base.cc:53:
src/arch/riscv/regs/misc.hh:1942:72: error: ‘RV32’ was not declared in this scope; did you mean ‘gem5::enums::RV32’?
 1942 |     {CSR_UCONST109, {"uconst109", MISCREG_UCONST109, rvTypeFlags(RV64, RV32), isaExtsFlags()}},
      |                                                                        ^~~~
      |                                                                        gem5::enums::RV32
In file included from src/arch/riscv/regs/misc.hh:60,
                 from src/cpu/base.cc:53:
build/RISCV/enums/RiscvType.hh:15:9: note: ‘gem5::enums::RV32’ declared here
   15 |         RV32 = 0,
      |         ^~~~
In file included from src/cpu/base.cc:53:
src/arch/riscv/regs/misc.hh:1943:66: error: ‘RV64’ was not declared in this scope; did you mean ‘gem5::enums::RV64’?
 1943 |     {CSR_UCONST110, {"uconst110", MISCREG_UCONST110, rvTypeFlags(RV64, RV32), isaExtsFlags()}},
      |                                                                  ^~~~
      |                                                                  gem5::enums::RV64
In file included from src/arch/riscv/regs/misc.hh:60,
                 from src/cpu/base.cc:53:
build/RISCV/enums/RiscvType.hh:16:9: note: ‘gem5::enums::RV64’ declared here
   16 |         RV64 = 1,
      |         ^~~~
In file included from src/cpu/base.cc:53:
src/arch/riscv/regs/misc.hh:1943:72: error: ‘RV32’ was not declared in this scope; did you mean ‘gem5::enums::RV32’?
 1943 |     {CSR_UCONST110, {"uconst110", MISCREG_UCONST110, rvTypeFlags(RV64, RV32), isaExtsFlags()}},
      |                                                                        ^~~~
      |                                                                        gem5::enums::RV32
In file included from src/arch/riscv/regs/misc.hh:60,
                 from src/cpu/base.cc:53:
build/RISCV/enums/RiscvType.hh:15:9: note: ‘gem5::enums::RV32’ declared here
   15 |         RV32 = 0,
      |         ^~~~
In file included from src/cpu/base.cc:53:
src/arch/riscv/regs/misc.hh:1944:66: error: ‘RV64’ was not declared in this scope; did you mean ‘gem5::enums::RV64’?
 1944 |     {CSR_UCONST111, {"uconst111", MISCREG_UCONST111, rvTypeFlags(RV64, RV32), isaExtsFlags()}},
      |                                                                  ^~~~
      |                                                                  gem5::enums::RV64
In file included from src/arch/riscv/regs/misc.hh:60,
                 from src/cpu/base.cc:53:
build/RISCV/enums/RiscvType.hh:16:9: note: ‘gem5::enums::RV64’ declared here
   16 |         RV64 = 1,
      |         ^~~~
In file included from src/cpu/base.cc:53:
src/arch/riscv/regs/misc.hh:1944:72: error: ‘RV32’ was not declared in this scope; did you mean ‘gem5::enums::RV32’?
 1944 |     {CSR_UCONST111, {"uconst111", MISCREG_UCONST111, rvTypeFlags(RV64, RV32), isaExtsFlags()}},
      |                                                                        ^~~~
      |                                                                        gem5::enums::RV32
In file included from src/arch/riscv/regs/misc.hh:60,
                 from src/cpu/base.cc:53:
build/RISCV/enums/RiscvType.hh:15:9: note: ‘gem5::enums::RV32’ declared here
   15 |         RV32 = 0,
      |         ^~~~
In file included from src/cpu/base.cc:53:
src/arch/riscv/regs/misc.hh:1945:66: error: ‘RV64’ was not declared in this scope; did you mean ‘gem5::enums::RV64’?
 1945 |     {CSR_UCONST112, {"uconst112", MISCREG_UCONST112, rvTypeFlags(RV64, RV32), isaExtsFlags()}},
      |                                                                  ^~~~
      |                                                                  gem5::enums::RV64
In file included from src/arch/riscv/regs/misc.hh:60,
                 from src/cpu/base.cc:53:
build/RISCV/enums/RiscvType.hh:16:9: note: ‘gem5::enums::RV64’ declared here
   16 |         RV64 = 1,
      |         ^~~~
In file included from src/cpu/base.cc:53:
src/arch/riscv/regs/misc.hh:1945:72: error: ‘RV32’ was not declared in this scope; did you mean ‘gem5::enums::RV32’?
 1945 |     {CSR_UCONST112, {"uconst112", MISCREG_UCONST112, rvTypeFlags(RV64, RV32), isaExtsFlags()}},
      |                                                                        ^~~~
      |                                                                        gem5::enums::RV32
In file included from src/arch/riscv/regs/misc.hh:60,
                 from src/cpu/base.cc:53:
build/RISCV/enums/RiscvType.hh:15:9: note: ‘gem5::enums::RV32’ declared here
   15 |         RV32 = 0,
      |         ^~~~
In file included from src/cpu/base.cc:53:
src/arch/riscv/regs/misc.hh:1946:66: error: ‘RV64’ was not declared in this scope; did you mean ‘gem5::enums::RV64’?
 1946 |     {CSR_UCONST113, {"uconst113", MISCREG_UCONST113, rvTypeFlags(RV64, RV32), isaExtsFlags()}},
      |                                                                  ^~~~
      |                                                                  gem5::enums::RV64
In file included from src/arch/riscv/regs/misc.hh:60,
                 from src/cpu/base.cc:53:
build/RISCV/enums/RiscvType.hh:16:9: note: ‘gem5::enums::RV64’ declared here
   16 |         RV64 = 1,
      |         ^~~~
In file included from src/cpu/base.cc:53:
src/arch/riscv/regs/misc.hh:1946:72: error: ‘RV32’ was not declared in this scope; did you mean ‘gem5::enums::RV32’?
 1946 |     {CSR_UCONST113, {"uconst113", MISCREG_UCONST113, rvTypeFlags(RV64, RV32), isaExtsFlags()}},
      |                                                                        ^~~~
      |                                                                        gem5::enums::RV32
In file included from src/arch/riscv/regs/misc.hh:60,
                 from src/cpu/base.cc:53:
build/RISCV/enums/RiscvType.hh:15:9: note: ‘gem5::enums::RV32’ declared here
   15 |         RV32 = 0,
      |         ^~~~
In file included from src/cpu/base.cc:53:
src/arch/riscv/regs/misc.hh:1947:66: error: ‘RV64’ was not declared in this scope; did you mean ‘gem5::enums::RV64’?
 1947 |     {CSR_UCONST114, {"uconst114", MISCREG_UCONST114, rvTypeFlags(RV64, RV32), isaExtsFlags()}},
      |                                                                  ^~~~
      |                                                                  gem5::enums::RV64
In file included from src/arch/riscv/regs/misc.hh:60,
                 from src/cpu/base.cc:53:
build/RISCV/enums/RiscvType.hh:16:9: note: ‘gem5::enums::RV64’ declared here
   16 |         RV64 = 1,
      |         ^~~~
In file included from src/cpu/base.cc:53:
src/arch/riscv/regs/misc.hh:1947:72: error: ‘RV32’ was not declared in this scope; did you mean ‘gem5::enums::RV32’?
 1947 |     {CSR_UCONST114, {"uconst114", MISCREG_UCONST114, rvTypeFlags(RV64, RV32), isaExtsFlags()}},
      |                                                                        ^~~~
      |                                                                        gem5::enums::RV32
In file included from src/arch/riscv/regs/misc.hh:60,
                 from src/cpu/base.cc:53:
build/RISCV/enums/RiscvType.hh:15:9: note: ‘gem5::enums::RV32’ declared here
   15 |         RV32 = 0,
      |         ^~~~
In file included from src/cpu/base.cc:53:
src/arch/riscv/regs/misc.hh:1948:66: error: ‘RV64’ was not declared in this scope; did you mean ‘gem5::enums::RV64’?
 1948 |     {CSR_UCONST115, {"uconst115", MISCREG_UCONST115, rvTypeFlags(RV64, RV32), isaExtsFlags()}},
      |                                                                  ^~~~
      |                                                                  gem5::enums::RV64
In file included from src/arch/riscv/regs/misc.hh:60,
                 from src/cpu/base.cc:53:
build/RISCV/enums/RiscvType.hh:16:9: note: ‘gem5::enums::RV64’ declared here
   16 |         RV64 = 1,
      |         ^~~~
In file included from src/cpu/base.cc:53:
src/arch/riscv/regs/misc.hh:1948:72: error: ‘RV32’ was not declared in this scope; did you mean ‘gem5::enums::RV32’?
 1948 |     {CSR_UCONST115, {"uconst115", MISCREG_UCONST115, rvTypeFlags(RV64, RV32), isaExtsFlags()}},
      |                                                                        ^~~~
      |                                                                        gem5::enums::RV32
In file included from src/arch/riscv/regs/misc.hh:60,
                 from src/cpu/base.cc:53:
build/RISCV/enums/RiscvType.hh:15:9: note: ‘gem5::enums::RV32’ declared here
   15 |         RV32 = 0,
      |         ^~~~
In file included from src/cpu/base.cc:53:
src/arch/riscv/regs/misc.hh:1949:66: error: ‘RV64’ was not declared in this scope; did you mean ‘gem5::enums::RV64’?
 1949 |     {CSR_UCONST116, {"uconst116", MISCREG_UCONST116, rvTypeFlags(RV64, RV32), isaExtsFlags()}},
      |                                                                  ^~~~
      |                                                                  gem5::enums::RV64
In file included from src/arch/riscv/regs/misc.hh:60,
                 from src/cpu/base.cc:53:
build/RISCV/enums/RiscvType.hh:16:9: note: ‘gem5::enums::RV64’ declared here
   16 |         RV64 = 1,
      |         ^~~~
In file included from src/cpu/base.cc:53:
src/arch/riscv/regs/misc.hh:1949:72: error: ‘RV32’ was not declared in this scope; did you mean ‘gem5::enums::RV32’?
 1949 |     {CSR_UCONST116, {"uconst116", MISCREG_UCONST116, rvTypeFlags(RV64, RV32), isaExtsFlags()}},
      |                                                                        ^~~~
      |                                                                        gem5::enums::RV32
In file included from src/arch/riscv/regs/misc.hh:60,
                 from src/cpu/base.cc:53:
build/RISCV/enums/RiscvType.hh:15:9: note: ‘gem5::enums::RV32’ declared here
   15 |         RV32 = 0,
      |         ^~~~
In file included from src/cpu/base.cc:53:
src/arch/riscv/regs/misc.hh:1950:66: error: ‘RV64’ was not declared in this scope; did you mean ‘gem5::enums::RV64’?
 1950 |     {CSR_UCONST117, {"uconst117", MISCREG_UCONST117, rvTypeFlags(RV64, RV32), isaExtsFlags()}},
      |                                                                  ^~~~
      |                                                                  gem5::enums::RV64
In file included from src/arch/riscv/regs/misc.hh:60,
                 from src/cpu/base.cc:53:
build/RISCV/enums/RiscvType.hh:16:9: note: ‘gem5::enums::RV64’ declared here
   16 |         RV64 = 1,
      |         ^~~~
In file included from src/cpu/base.cc:53:
src/arch/riscv/regs/misc.hh:1950:72: error: ‘RV32’ was not declared in this scope; did you mean ‘gem5::enums::RV32’?
 1950 |     {CSR_UCONST117, {"uconst117", MISCREG_UCONST117, rvTypeFlags(RV64, RV32), isaExtsFlags()}},
      |                                                                        ^~~~
      |                                                                        gem5::enums::RV32
In file included from src/arch/riscv/regs/misc.hh:60,
                 from src/cpu/base.cc:53:
build/RISCV/enums/RiscvType.hh:15:9: note: ‘gem5::enums::RV32’ declared here
   15 |         RV32 = 0,
      |         ^~~~
In file included from src/cpu/base.cc:53:
src/arch/riscv/regs/misc.hh:1951:66: error: ‘RV64’ was not declared in this scope; did you mean ‘gem5::enums::RV64’?
 1951 |     {CSR_UCONST118, {"uconst118", MISCREG_UCONST118, rvTypeFlags(RV64, RV32), isaExtsFlags()}},
      |                                                                  ^~~~
      |                                                                  gem5::enums::RV64
In file included from src/arch/riscv/regs/misc.hh:60,
                 from src/cpu/base.cc:53:
build/RISCV/enums/RiscvType.hh:16:9: note: ‘gem5::enums::RV64’ declared here
   16 |         RV64 = 1,
      |         ^~~~
In file included from src/cpu/base.cc:53:
src/arch/riscv/regs/misc.hh:1951:72: error: ‘RV32’ was not declared in this scope; did you mean ‘gem5::enums::RV32’?
 1951 |     {CSR_UCONST118, {"uconst118", MISCREG_UCONST118, rvTypeFlags(RV64, RV32), isaExtsFlags()}},
      |                                                                        ^~~~
      |                                                                        gem5::enums::RV32
In file included from src/arch/riscv/regs/misc.hh:60,
                 from src/cpu/base.cc:53:
build/RISCV/enums/RiscvType.hh:15:9: note: ‘gem5::enums::RV32’ declared here
   15 |         RV32 = 0,
      |         ^~~~
In file included from src/cpu/base.cc:53:
src/arch/riscv/regs/misc.hh:1952:66: error: ‘RV64’ was not declared in this scope; did you mean ‘gem5::enums::RV64’?
 1952 |     {CSR_UCONST119, {"uconst119", MISCREG_UCONST119, rvTypeFlags(RV64, RV32), isaExtsFlags()}},
      |                                                                  ^~~~
      |                                                                  gem5::enums::RV64
In file included from src/arch/riscv/regs/misc.hh:60,
                 from src/cpu/base.cc:53:
build/RISCV/enums/RiscvType.hh:16:9: note: ‘gem5::enums::RV64’ declared here
   16 |         RV64 = 1,
      |         ^~~~
In file included from src/cpu/base.cc:53:
src/arch/riscv/regs/misc.hh:1952:72: error: ‘RV32’ was not declared in this scope; did you mean ‘gem5::enums::RV32’?
 1952 |     {CSR_UCONST119, {"uconst119", MISCREG_UCONST119, rvTypeFlags(RV64, RV32), isaExtsFlags()}},
      |                                                                        ^~~~
      |                                                                        gem5::enums::RV32
In file included from src/arch/riscv/regs/misc.hh:60,
                 from src/cpu/base.cc:53:
build/RISCV/enums/RiscvType.hh:15:9: note: ‘gem5::enums::RV32’ declared here
   15 |         RV32 = 0,
      |         ^~~~
In file included from src/cpu/base.cc:53:
src/arch/riscv/regs/misc.hh:1953:66: error: ‘RV64’ was not declared in this scope; did you mean ‘gem5::enums::RV64’?
 1953 |     {CSR_UCONST120, {"uconst120", MISCREG_UCONST120, rvTypeFlags(RV64, RV32), isaExtsFlags()}},
      |                                                                  ^~~~
      |                                                                  gem5::enums::RV64
In file included from src/arch/riscv/regs/misc.hh:60,
                 from src/cpu/base.cc:53:
build/RISCV/enums/RiscvType.hh:16:9: note: ‘gem5::enums::RV64’ declared here
   16 |         RV64 = 1,
      |         ^~~~
In file included from src/cpu/base.cc:53:
src/arch/riscv/regs/misc.hh:1953:72: error: ‘RV32’ was not declared in this scope; did you mean ‘gem5::enums::RV32’?
 1953 |     {CSR_UCONST120, {"uconst120", MISCREG_UCONST120, rvTypeFlags(RV64, RV32), isaExtsFlags()}},
      |                                                                        ^~~~
      |                                                                        gem5::enums::RV32
In file included from src/arch/riscv/regs/misc.hh:60,
                 from src/cpu/base.cc:53:
build/RISCV/enums/RiscvType.hh:15:9: note: ‘gem5::enums::RV32’ declared here
   15 |         RV32 = 0,
      |         ^~~~
In file included from src/cpu/base.cc:53:
src/arch/riscv/regs/misc.hh:1954:66: error: ‘RV64’ was not declared in this scope; did you mean ‘gem5::enums::RV64’?
 1954 |     {CSR_UCONST121, {"uconst121", MISCREG_UCONST121, rvTypeFlags(RV64, RV32), isaExtsFlags()}},
      |                                                                  ^~~~
      |                                                                  gem5::enums::RV64
In file included from src/arch/riscv/regs/misc.hh:60,
                 from src/cpu/base.cc:53:
build/RISCV/enums/RiscvType.hh:16:9: note: ‘gem5::enums::RV64’ declared here
   16 |         RV64 = 1,
      |         ^~~~
In file included from src/cpu/base.cc:53:
src/arch/riscv/regs/misc.hh:1954:72: error: ‘RV32’ was not declared in this scope; did you mean ‘gem5::enums::RV32’?
 1954 |     {CSR_UCONST121, {"uconst121", MISCREG_UCONST121, rvTypeFlags(RV64, RV32), isaExtsFlags()}},
      |                                                                        ^~~~
      |                                                                        gem5::enums::RV32
In file included from src/arch/riscv/regs/misc.hh:60,
                 from src/cpu/base.cc:53:
build/RISCV/enums/RiscvType.hh:15:9: note: ‘gem5::enums::RV32’ declared here
   15 |         RV32 = 0,
      |         ^~~~
In file included from src/cpu/base.cc:53:
src/arch/riscv/regs/misc.hh:1955:66: error: ‘RV64’ was not declared in this scope; did you mean ‘gem5::enums::RV64’?
 1955 |     {CSR_UCONST122, {"uconst122", MISCREG_UCONST122, rvTypeFlags(RV64, RV32), isaExtsFlags()}},
      |                                                                  ^~~~
      |                                                                  gem5::enums::RV64
In file included from src/arch/riscv/regs/misc.hh:60,
                 from src/cpu/base.cc:53:
build/RISCV/enums/RiscvType.hh:16:9: note: ‘gem5::enums::RV64’ declared here
   16 |         RV64 = 1,
      |         ^~~~
In file included from src/cpu/base.cc:53:
src/arch/riscv/regs/misc.hh:1955:72: error: ‘RV32’ was not declared in this scope; did you mean ‘gem5::enums::RV32’?
 1955 |     {CSR_UCONST122, {"uconst122", MISCREG_UCONST122, rvTypeFlags(RV64, RV32), isaExtsFlags()}},
      |                                                                        ^~~~
      |                                                                        gem5::enums::RV32
In file included from src/arch/riscv/regs/misc.hh:60,
                 from src/cpu/base.cc:53:
build/RISCV/enums/RiscvType.hh:15:9: note: ‘gem5::enums::RV32’ declared here
   15 |         RV32 = 0,
      |         ^~~~
In file included from src/cpu/base.cc:53:
src/arch/riscv/regs/misc.hh:1956:66: error: ‘RV64’ was not declared in this scope; did you mean ‘gem5::enums::RV64’?
 1956 |     {CSR_UCONST123, {"uconst123", MISCREG_UCONST123, rvTypeFlags(RV64, RV32), isaExtsFlags()}},
      |                                                                  ^~~~
      |                                                                  gem5::enums::RV64
In file included from src/arch/riscv/regs/misc.hh:60,
                 from src/cpu/base.cc:53:
build/RISCV/enums/RiscvType.hh:16:9: note: ‘gem5::enums::RV64’ declared here
   16 |         RV64 = 1,
      |         ^~~~
In file included from src/cpu/base.cc:53:
src/arch/riscv/regs/misc.hh:1956:72: error: ‘RV32’ was not declared in this scope; did you mean ‘gem5::enums::RV32’?
 1956 |     {CSR_UCONST123, {"uconst123", MISCREG_UCONST123, rvTypeFlags(RV64, RV32), isaExtsFlags()}},
      |                                                                        ^~~~
      |                                                                        gem5::enums::RV32
In file included from src/arch/riscv/regs/misc.hh:60,
                 from src/cpu/base.cc:53:
build/RISCV/enums/RiscvType.hh:15:9: note: ‘gem5::enums::RV32’ declared here
   15 |         RV32 = 0,
      |         ^~~~
In file included from src/cpu/base.cc:53:
src/arch/riscv/regs/misc.hh:1957:66: error: ‘RV64’ was not declared in this scope; did you mean ‘gem5::enums::RV64’?
 1957 |     {CSR_UCONST124, {"uconst124", MISCREG_UCONST124, rvTypeFlags(RV64, RV32), isaExtsFlags()}},
      |                                                                  ^~~~
      |                                                                  gem5::enums::RV64
In file included from src/arch/riscv/regs/misc.hh:60,
                 from src/cpu/base.cc:53:
build/RISCV/enums/RiscvType.hh:16:9: note: ‘gem5::enums::RV64’ declared here
   16 |         RV64 = 1,
      |         ^~~~
In file included from src/cpu/base.cc:53:
src/arch/riscv/regs/misc.hh:1957:72: error: ‘RV32’ was not declared in this scope; did you mean ‘gem5::enums::RV32’?
 1957 |     {CSR_UCONST124, {"uconst124", MISCREG_UCONST124, rvTypeFlags(RV64, RV32), isaExtsFlags()}},
      |                                                                        ^~~~
      |                                                                        gem5::enums::RV32
In file included from src/arch/riscv/regs/misc.hh:60,
                 from src/cpu/base.cc:53:
build/RISCV/enums/RiscvType.hh:15:9: note: ‘gem5::enums::RV32’ declared here
   15 |         RV32 = 0,
      |         ^~~~
In file included from src/cpu/base.cc:53:
src/arch/riscv/regs/misc.hh:1958:66: error: ‘RV64’ was not declared in this scope; did you mean ‘gem5::enums::RV64’?
 1958 |     {CSR_UCONST125, {"uconst125", MISCREG_UCONST125, rvTypeFlags(RV64, RV32), isaExtsFlags()}},
      |                                                                  ^~~~
      |                                                                  gem5::enums::RV64
In file included from src/arch/riscv/regs/misc.hh:60,
                 from src/cpu/base.cc:53:
build/RISCV/enums/RiscvType.hh:16:9: note: ‘gem5::enums::RV64’ declared here
   16 |         RV64 = 1,
      |         ^~~~
In file included from src/cpu/base.cc:53:
src/arch/riscv/regs/misc.hh:1958:72: error: ‘RV32’ was not declared in this scope; did you mean ‘gem5::enums::RV32’?
 1958 |     {CSR_UCONST125, {"uconst125", MISCREG_UCONST125, rvTypeFlags(RV64, RV32), isaExtsFlags()}},
      |                                                                        ^~~~
      |                                                                        gem5::enums::RV32
In file included from src/arch/riscv/regs/misc.hh:60,
                 from src/cpu/base.cc:53:
build/RISCV/enums/RiscvType.hh:15:9: note: ‘gem5::enums::RV32’ declared here
   15 |         RV32 = 0,
      |         ^~~~
In file included from src/cpu/base.cc:53:
src/arch/riscv/regs/misc.hh:1959:66: error: ‘RV64’ was not declared in this scope; did you mean ‘gem5::enums::RV64’?
 1959 |     {CSR_UCONST126, {"uconst126", MISCREG_UCONST126, rvTypeFlags(RV64, RV32), isaExtsFlags()}},
      |                                                                  ^~~~
      |                                                                  gem5::enums::RV64
In file included from src/arch/riscv/regs/misc.hh:60,
                 from src/cpu/base.cc:53:
build/RISCV/enums/RiscvType.hh:16:9: note: ‘gem5::enums::RV64’ declared here
   16 |         RV64 = 1,
      |         ^~~~
In file included from src/cpu/base.cc:53:
src/arch/riscv/regs/misc.hh:1959:72: error: ‘RV32’ was not declared in this scope; did you mean ‘gem5::enums::RV32’?
 1959 |     {CSR_UCONST126, {"uconst126", MISCREG_UCONST126, rvTypeFlags(RV64, RV32), isaExtsFlags()}},
      |                                                                        ^~~~
      |                                                                        gem5::enums::RV32
In file included from src/arch/riscv/regs/misc.hh:60,
                 from src/cpu/base.cc:53:
build/RISCV/enums/RiscvType.hh:15:9: note: ‘gem5::enums::RV32’ declared here
   15 |         RV32 = 0,
      |         ^~~~
In file included from src/cpu/base.cc:53:
src/arch/riscv/regs/misc.hh:1960:66: error: ‘RV64’ was not declared in this scope; did you mean ‘gem5::enums::RV64’?
 1960 |     {CSR_UCONST127, {"uconst127", MISCREG_UCONST127, rvTypeFlags(RV64, RV32), isaExtsFlags()}},
      |                                                                  ^~~~
      |                                                                  gem5::enums::RV64
In file included from src/arch/riscv/regs/misc.hh:60,
                 from src/cpu/base.cc:53:
build/RISCV/enums/RiscvType.hh:16:9: note: ‘gem5::enums::RV64’ declared here
   16 |         RV64 = 1,
      |         ^~~~
In file included from src/cpu/base.cc:53:
src/arch/riscv/regs/misc.hh:1960:72: error: ‘RV32’ was not declared in this scope; did you mean ‘gem5::enums::RV32’?
 1960 |     {CSR_UCONST127, {"uconst127", MISCREG_UCONST127, rvTypeFlags(RV64, RV32), isaExtsFlags()}},
      |                                                                        ^~~~
      |                                                                        gem5::enums::RV32
In file included from src/arch/riscv/regs/misc.hh:60,
                 from src/cpu/base.cc:53:
build/RISCV/enums/RiscvType.hh:15:9: note: ‘gem5::enums::RV32’ declared here
   15 |         RV32 = 0,
      |         ^~~~
In file included from src/cpu/base.cc:53:
src/arch/riscv/regs/misc.hh:1961:51: error: ‘RV64’ was not declared in this scope; did you mean ‘gem5::enums::RV64’?
 1961 |     {CSR_MHCR, {"mhcr", MISCREG_MHCR, rvTypeFlags(RV64, RV32), isaExtsFlags()}},
      |                                                   ^~~~
      |                                                   gem5::enums::RV64
In file included from src/arch/riscv/regs/misc.hh:60,
                 from src/cpu/base.cc:53:
build/RISCV/enums/RiscvType.hh:16:9: note: ‘gem5::enums::RV64’ declared here
   16 |         RV64 = 1,
      |         ^~~~
In file included from src/cpu/base.cc:53:
src/arch/riscv/regs/misc.hh:1961:57: error: ‘RV32’ was not declared in this scope; did you mean ‘gem5::enums::RV32’?
 1961 |     {CSR_MHCR, {"mhcr", MISCREG_MHCR, rvTypeFlags(RV64, RV32), isaExtsFlags()}},
      |                                                         ^~~~
      |                                                         gem5::enums::RV32
In file included from src/arch/riscv/regs/misc.hh:60,
                 from src/cpu/base.cc:53:
build/RISCV/enums/RiscvType.hh:15:9: note: ‘gem5::enums::RV32’ declared here
   15 |         RV32 = 0,
      |         ^~~~
In file included from src/cpu/base.cc:53:
src/arch/riscv/regs/misc.hh:1962:51: error: ‘RV64’ was not declared in this scope; did you mean ‘gem5::enums::RV64’?
 1962 |     {CSR_MCOR, {"mcor", MISCREG_MCOR, rvTypeFlags(RV64, RV32), isaExtsFlags()}}
      |                                                   ^~~~
      |                                                   gem5::enums::RV64
In file included from src/arch/riscv/regs/misc.hh:60,
                 from src/cpu/base.cc:53:
build/RISCV/enums/RiscvType.hh:16:9: note: ‘gem5::enums::RV64’ declared here
   16 |         RV64 = 1,
      |         ^~~~
In file included from src/cpu/base.cc:53:
src/arch/riscv/regs/misc.hh:1962:57: error: ‘RV32’ was not declared in this scope; did you mean ‘gem5::enums::RV32’?
 1962 |     {CSR_MCOR, {"mcor", MISCREG_MCOR, rvTypeFlags(RV64, RV32), isaExtsFlags()}}
      |                                                         ^~~~
      |                                                         gem5::enums::RV32
In file included from src/arch/riscv/regs/misc.hh:60,
                 from src/cpu/base.cc:53:
build/RISCV/enums/RiscvType.hh:15:9: note: ‘gem5::enums::RV32’ declared here
   15 |         RV32 = 0,
      |         ^~~~
In file included from src/cpu/base.cc:53:
src/arch/riscv/regs/misc.hh:1963:1: error: could not convert ‘{{gem5::RiscvISA::CSR_USTATUS, {"ustatus", gem5::RiscvISA::MISCREG_USTATUS, <expression error>, gem5::RiscvISA::isaExtsFlags<char>(110)}}, {gem5::RiscvISA::CSR_UIE, {"uie", gem5::RiscvISA::MISCREG_UIE, <expression error>, gem5::RiscvISA::isaExtsFlags<char>(110)}}, {gem5::RiscvISA::CSR_UTVEC, {"utvec", gem5::RiscvISA::MISCREG_UTVEC, <expression error>, gem5::RiscvISA::isaExtsFlags<char>(110)}}, {gem5::RiscvISA::CSR_USCRATCH, {"uscratch", gem5::RiscvISA::MISCREG_USCRATCH, <expression error>, gem5::RiscvISA::isaExtsFlags<char>(110)}}, {gem5::RiscvISA::CSR_UEPC, {"uepc", gem5::RiscvISA::MISCREG_UEPC, <expression error>, gem5::RiscvISA::isaExtsFlags<char>(110)}}, {gem5::RiscvISA::CSR_UCAUSE, {"ucause", gem5::RiscvISA::MISCREG_UCAUSE, <expression error>, gem5::RiscvISA::isaExtsFlags<char>(110)}}, {gem5::RiscvISA::CSR_UTVAL, {"utval", gem5::RiscvISA::MISCREG_UTVAL, <expression error>, gem5::RiscvISA::isaExtsFlags<char>(110)}}, {gem5::RiscvISA::CSR_UIP, {"uip", gem5::RiscvISA::MISCREG_UIP, <expression error>, gem5::RiscvISA::isaExtsFlags<char>(110)}}, {gem5::RiscvISA::CSR_FFLAGS, {"fflags", gem5::RiscvISA::MISCREG_FFLAGS, <expression error>, gem5::RiscvISA::isaExtsFlags<char>(102)}}, {gem5::RiscvISA::CSR_FRM, {"frm", gem5::RiscvISA::MISCREG_FRM, <expression error>, gem5::RiscvISA::isaExtsFlags<char>(102)}}, {gem5::RiscvISA::CSR_FCSR, {"fcsr", gem5::RiscvISA::MISCREG_FCSR, <expression error>, gem5::RiscvISA::isaExtsFlags<char>(102)}}, {gem5::RiscvISA::CSR_CYCLE, {"cycle", gem5::RiscvISA::MISCREG_CYCLE, <expression error>, gem5::RiscvISA::isaExtsFlags()}}, {gem5::RiscvISA::CSR_TIME, {"time", gem5::RiscvISA::MISCREG_TIME, <expression error>, gem5::RiscvISA::isaExtsFlags()}}, {gem5::RiscvISA::CSR_INSTRET, {"instret", gem5::RiscvISA::MISCREG_INSTRET, <expression error>, gem5::RiscvISA::isaExtsFlags()}}, {gem5::RiscvISA::CSR_HPMCOUNTER03, {"hpmcounter03", gem5::RiscvISA::MISCREG_HPMCOUNTER03, <expression error>, gem5::RiscvISA::isaExtsFlags()}}, {gem5::RiscvISA::CSR_HPMCOUNTER04, {"hpmcounter04", gem5::RiscvISA::MISCREG_HPMCOUNTER04, <expression error>, gem5::RiscvISA::isaExtsFlags()}}, {gem5::RiscvISA::CSR_HPMCOUNTER05, {"hpmcounter05", gem5::RiscvISA::MISCREG_HPMCOUNTER05, <expression error>, gem5::RiscvISA::isaExtsFlags()}}, {gem5::RiscvISA::CSR_HPMCOUNTER06, {"hpmcounter06", gem5::RiscvISA::MISCREG_HPMCOUNTER06, <expression error>, gem5::RiscvISA::isaExtsFlags()}}, {gem5::RiscvISA::CSR_HPMCOUNTER07, {"hpmcounter07", gem5::RiscvISA::MISCREG_HPMCOUNTER07, <expression error>, gem5::RiscvISA::isaExtsFlags()}}, {gem5::RiscvISA::CSR_HPMCOUNTER08, {"hpmcounter08", gem5::RiscvISA::MISCREG_HPMCOUNTER08, <expression error>, gem5::RiscvISA::isaExtsFlags()}}, {gem5::RiscvISA::CSR_HPMCOUNTER09, {"hpmcounter09", gem5::RiscvISA::MISCREG_HPMCOUNTER09, <expression error>, gem5::RiscvISA::isaExtsFlags()}}, {gem5::RiscvISA::CSR_HPMCOUNTER10, {"hpmcounter10", gem5::RiscvISA::MISCREG_HPMCOUNTER10, <expression error>, gem5::RiscvISA::isaExtsFlags()}}, {gem5::RiscvISA::CSR_HPMCOUNTER11, {"hpmcounter11", gem5::RiscvISA::MISCREG_HPMCOUNTER11, <expression error>, gem5::RiscvISA::isaExtsFlags()}}, {gem5::RiscvISA::CSR_HPMCOUNTER12, {"hpmcounter12", gem5::RiscvISA::MISCREG_HPMCOUNTER12, <expression error>, gem5::RiscvISA::isaExtsFlags()}}, {gem5::RiscvISA::CSR_HPMCOUNTER13, {"hpmcounter13", gem5::RiscvISA::MISCREG_HPMCOUNTER13, <expression error>, gem5::RiscvISA::isaExtsFlags()}}, {gem5::RiscvISA::CSR_HPMCOUNTER14, {"hpmcounter14", gem5::RiscvISA::MISCREG_HPMCOUNTER14, <expression error>, gem5::RiscvISA::isaExtsFlags()}}, {gem5::RiscvISA::CSR_HPMCOUNTER15, {"hpmcounter15", gem5::RiscvISA::MISCREG_HPMCOUNTER15, <expression error>, gem5::RiscvISA::isaExtsFlags()}}, {gem5::RiscvISA::CSR_HPMCOUNTER16, {"hpmcounter16", gem5::RiscvISA::MISCREG_HPMCOUNTER16, <expression error>, gem5::RiscvISA::isaExtsFlags()}}, {gem5::RiscvISA::CSR_HPMCOUNTER17, {"hpmcounter17", gem5::RiscvISA::MISCREG_HPMCOUNTER17, <expression error>, gem5::RiscvISA::isaExtsFlags()}}, {gem5::RiscvISA::CSR_HPMCOUNTER18, {"hpmcounter18", gem5::RiscvISA::MISCREG_HPMCOUNTER18, <expression error>, gem5::RiscvISA::isaExtsFlags()}}, {gem5::RiscvISA::CSR_HPMCOUNTER19, {"hpmcounter19", gem5::RiscvISA::MISCREG_HPMCOUNTER19, <expression error>, gem5::RiscvISA::isaExtsFlags()}}, {gem5::RiscvISA::CSR_HPMCOUNTER20, {"hpmcounter20", gem5::RiscvISA::MISCREG_HPMCOUNTER20, <expression error>, gem5::RiscvISA::isaExtsFlags()}}, {gem5::RiscvISA::CSR_HPMCOUNTER21, {"hpmcounter21", gem5::RiscvISA::MISCREG_HPMCOUNTER21, <expression error>, gem5::RiscvISA::isaExtsFlags()}}, {gem5::RiscvISA::CSR_HPMCOUNTER22, {"hpmcounter22", gem5::RiscvISA::MISCREG_HPMCOUNTER22, <expression error>, gem5::RiscvISA::isaExtsFlags()}}, {gem5::RiscvISA::CSR_HPMCOUNTER23, {"hpmcounter23", gem5::RiscvISA::MISCREG_HPMCOUNTER23, <expression error>, gem5::RiscvISA::isaExtsFlags()}}, {gem5::RiscvISA::CSR_HPMCOUNTER24, {"hpmcounter24", gem5::RiscvISA::MISCREG_HPMCOUNTER24, <expression error>, gem5::RiscvISA::isaExtsFlags()}}, {gem5::RiscvISA::CSR_HPMCOUNTER25, {"hpmcounter25", gem5::RiscvISA::MISCREG_HPMCOUNTER25, <expression error>, gem5::RiscvISA::isaExtsFlags()}}, {gem5::RiscvISA::CSR_HPMCOUNTER26, {"hpmcounter26", gem5::RiscvISA::MISCREG_HPMCOUNTER26, <expression error>, gem5::RiscvISA::isaExtsFlags()}}, {gem5::RiscvISA::CSR_HPMCOUNTER27, {"hpmcounter27", gem5::RiscvISA::MISCREG_HPMCOUNTER27, <expression error>, gem5::RiscvISA::isaExtsFlags()}}, {gem5::RiscvISA::CSR_HPMCOUNTER28, {"hpmcounter28", gem5::RiscvISA::MISCREG_HPMCOUNTER28, <expression error>, gem5::RiscvISA::isaExtsFlags()}}, {gem5::RiscvISA::CSR_HPMCOUNTER29, {"hpmcounter29", gem5::RiscvISA::MISCREG_HPMCOUNTER29, <expression error>, gem5::RiscvISA::isaExtsFlags()}}, {gem5::RiscvISA::CSR_HPMCOUNTER30, {"hpmcounter30", gem5::RiscvISA::MISCREG_HPMCOUNTER30, <expression error>, gem5::RiscvISA::isaExtsFlags()}}, {gem5::RiscvISA::CSR_HPMCOUNTER31, {"hpmcounter31", gem5::RiscvISA::MISCREG_HPMCOUNTER31, <expression error>, gem5::RiscvISA::isaExtsFlags()}}, {gem5::RiscvISA::CSR_CYCLEH, {"cycleh", gem5::RiscvISA::MISCREG_CYCLEH, <expression error>, gem5::RiscvISA::isaExtsFlags()}}, {gem5::RiscvISA::CSR_TIMEH, {"timeh", gem5::RiscvISA::MISCREG_TIMEH, <expression error>, gem5::RiscvISA::isaExtsFlags()}}, {gem5::RiscvISA::CSR_INSTRETH, {"instreth", gem5::RiscvISA::MISCREG_INSTRETH, <expression error>, gem5::RiscvISA::isaExtsFlags()}}, {gem5::RiscvISA::CSR_HPMCOUNTER03H, {"hpmcounter03h", gem5::RiscvISA::MISCREG_HPMCOUNTER03H, <expression error>, gem5::RiscvISA::isaExtsFlags()}}, {gem5::RiscvISA::CSR_HPMCOUNTER04H, {"hpmcounter04h", gem5::RiscvISA::MISCREG_HPMCOUNTER04H, <expression error>, gem5::RiscvISA::isaExtsFlags()}}, {gem5::RiscvISA::CSR_HPMCOUNTER05H, {"hpmcounter05h", gem5::RiscvISA::MISCREG_HPMCOUNTER05H, <expression error>, gem5::RiscvISA::isaExtsFlags()}}, {gem5::RiscvISA::CSR_HPMCOUNTER06H, {"hpmcounter06h", gem5::RiscvISA::MISCREG_HPMCOUNTER06H, <expression error>, gem5::RiscvISA::isaExtsFlags()}}, {gem5::RiscvISA::CSR_HPMCOUNTER07H, {"hpmcounter07h", gem5::RiscvISA::MISCREG_HPMCOUNTER07H, <expression error>, gem5::RiscvISA::isaExtsFlags()}}, {gem5::RiscvISA::CSR_HPMCOUNTER08H, {"hpmcounter08h", gem5::RiscvISA::MISCREG_HPMCOUNTER08H, <expression error>, gem5::RiscvISA::isaExtsFlags()}}, {gem5::RiscvISA::CSR_HPMCOUNTER09H, {"hpmcounter09h", gem5::RiscvISA::MISCREG_HPMCOUNTER09H, <expression error>, gem5::RiscvISA::isaExtsFlags()}}, {gem5::RiscvISA::CSR_HPMCOUNTER10H, {"hpmcounter10h", gem5::RiscvISA::MISCREG_HPMCOUNTER10H, <expression error>, gem5::RiscvISA::isaExtsFlags()}}, {gem5::RiscvISA::CSR_HPMCOUNTER11H, {"hpmcounter11h", gem5::RiscvISA::MISCREG_HPMCOUNTER11H, <expression error>, gem5::RiscvISA::isaExtsFlags()}}, {gem5::RiscvISA::CSR_HPMCOUNTER12H, {"hpmcounter12h", gem5::RiscvISA::MISCREG_HPMCOUNTER12H, <expression error>, gem5::RiscvISA::isaExtsFlags()}}, {gem5::RiscvISA::CSR_HPMCOUNTER13H, {"hpmcounter13h", gem5::RiscvISA::MISCREG_HPMCOUNTER13H, <expression error>, gem5::RiscvISA::isaExtsFlags()}}, {gem5::RiscvISA::CSR_HPMCOUNTER14H, {"hpmcounter14h", gem5::RiscvISA::MISCREG_HPMCOUNTER14H, <expression error>, gem5::RiscvISA::isaExtsFlags()}}, {gem5::RiscvISA::CSR_HPMCOUNTER15H, {"hpmcounter15h", gem5::RiscvISA::MISCREG_HPMCOUNTER15H, <expression error>, gem5::RiscvISA::isaExtsFlags()}}, {gem5::RiscvISA::CSR_HPMCOUNTER16H, {"hpmcounter16h", gem5::RiscvISA::MISCREG_HPMCOUNTER16H, <expression error>, gem5::RiscvISA::isaExtsFlags()}}, {gem5::RiscvISA::CSR_HPMCOUNTER17H, {"hpmcounter17h", gem5::RiscvISA::MISCREG_HPMCOUNTER17H, <expression error>, gem5::RiscvISA::isaExtsFlags()}}, {gem5::RiscvISA::CSR_HPMCOUNTER18H, {"hpmcounter18h", gem5::RiscvISA::MISCREG_HPMCOUNTER18H, <expression error>, gem5::RiscvISA::isaExtsFlags()}}, {gem5::RiscvISA::CSR_HPMCOUNTER19H, {"hpmcounter19h", gem5::RiscvISA::MISCREG_HPMCOUNTER19H, <expression error>, gem5::RiscvISA::isaExtsFlags()}}, {gem5::RiscvISA::CSR_HPMCOUNTER20H, {"hpmcounter20h", gem5::RiscvISA::MISCREG_HPMCOUNTER20H, <expression error>, gem5::RiscvISA::isaExtsFlags()}}, {gem5::RiscvISA::CSR_HPMCOUNTER21H, {"hpmcounter21h", gem5::RiscvISA::MISCREG_HPMCOUNTER21H, <expression error>, gem5::RiscvISA::isaExtsFlags()}}, {gem5::RiscvISA::CSR_HPMCOUNTER22H, {"hpmcounter22h", gem5::RiscvISA::MISCREG_HPMCOUNTER22H, <expression error>, gem5::RiscvISA::isaExtsFlags()}}, {gem5::RiscvISA::CSR_HPMCOUNTER23H, {"hpmcounter23h", gem5::RiscvISA::MISCREG_HPMCOUNTER23H, <expression error>, gem5::RiscvISA::isaExtsFlags()}}, {gem5::RiscvISA::CSR_HPMCOUNTER24H, {"hpmcounter24h", gem5::RiscvISA::MISCREG_HPMCOUNTER24H, <expression error>, gem5::RiscvISA::isaExtsFlags()}}, {gem5::RiscvISA::CSR_HPMCOUNTER25H, {"hpmcounter25h", gem5::RiscvISA::MISCREG_HPMCOUNTER25H, <expression error>, gem5::RiscvISA::isaExtsFlags()}}, {gem5::RiscvISA::CSR_HPMCOUNTER26H, {"hpmcounter26h", gem5::RiscvISA::MISCREG_HPMCOUNTER26H, <expression error>, gem5::RiscvISA::isaExtsFlags()}}, {gem5::RiscvISA::CSR_HPMCOUNTER27H, {"hpmcounter27h", gem5::RiscvISA::MISCREG_HPMCOUNTER27H, <expression error>, gem5::RiscvISA::isaExtsFlags()}}, {gem5::RiscvISA::CSR_HPMCOUNTER28H, {"hpmcounter28h", gem5::RiscvISA::MISCREG_HPMCOUNTER28H, <expression error>, gem5::RiscvISA::isaExtsFlags()}}, {gem5::RiscvISA::CSR_HPMCOUNTER29H, {"hpmcounter29h", gem5::RiscvISA::MISCREG_HPMCOUNTER29H, <expression error>, gem5::RiscvISA::isaExtsFlags()}}, {gem5::RiscvISA::CSR_HPMCOUNTER30H, {"hpmcounter30h", gem5::RiscvISA::MISCREG_HPMCOUNTER30H, <expression error>, gem5::RiscvISA::isaExtsFlags()}}, {gem5::RiscvISA::CSR_HPMCOUNTER31H, {"hpmcounter31h", gem5::RiscvISA::MISCREG_HPMCOUNTER31H, <expression error>, gem5::RiscvISA::isaExtsFlags()}}, {gem5::RiscvISA::CSR_SSTATUS, {"sstatus", gem5::RiscvISA::MISCREG_SSTATUS, <expression error>, gem5::RiscvISA::isaExtsFlags<char>(115)}}, {gem5::RiscvISA::CSR_SEDELEG, {"sedeleg", gem5::RiscvISA::MISCREG_SEDELEG, <expression error>, gem5::RiscvISA::isaExtsFlags<char>(115)}}, {gem5::RiscvISA::CSR_SIDELEG, {"sideleg", gem5::RiscvISA::MISCREG_SIDELEG, <expression error>, gem5::RiscvISA::isaExtsFlags<char>(115)}}, {gem5::RiscvISA::CSR_SIE, {"sie", gem5::RiscvISA::MISCREG_SIE, <expression error>, gem5::RiscvISA::isaExtsFlags<char>(115)}}, {gem5::RiscvISA::CSR_STVEC, {"stvec", gem5::RiscvISA::MISCREG_STVEC, <expression error>, gem5::RiscvISA::isaExtsFlags<char>(115)}}, {gem5::RiscvISA::CSR_SCOUNTEREN, {"scounteren", gem5::RiscvISA::MISCREG_SCOUNTEREN, <expression error>, gem5::RiscvISA::isaExtsFlags<char>(115)}}, {gem5::RiscvISA::CSR_SSCRATCH, {"sscratch", gem5::RiscvISA::MISCREG_SSCRATCH, <expression error>, gem5::RiscvISA::isaExtsFlags<char>(115)}}, {gem5::RiscvISA::CSR_SEPC, {"sepc", gem5::RiscvISA::MISCREG_SEPC, <expression error>, gem5::RiscvISA::isaExtsFlags<char>(115)}}, {gem5::RiscvISA::CSR_SCAUSE, {"scause", gem5::RiscvISA::MISCREG_SCAUSE, <expression error>, gem5::RiscvISA::isaExtsFlags<char>(115)}}, {gem5::RiscvISA::CSR_STVAL, {"stval", gem5::RiscvISA::MISCREG_STVAL, <expression error>, gem5::RiscvISA::isaExtsFlags<char>(115)}}, {gem5::RiscvISA::CSR_SIP, {"sip", gem5::RiscvISA::MISCREG_SIP, <expression error>, gem5::RiscvISA::isaExtsFlags<char>(115)}}, {gem5::RiscvISA::CSR_SATP, {"satp", gem5::RiscvISA::MISCREG_SATP, <expression error>, gem5::RiscvISA::isaExtsFlags<char>(115)}}, {gem5::RiscvISA::CSR_MVENDORID, {"mvendorid", gem5::RiscvISA::MISCREG_VENDORID, <expression error>, gem5::RiscvISA::isaExtsFlags()}}, {gem5::RiscvISA::CSR_MARCHID, {"marchid", gem5::RiscvISA::MISCREG_ARCHID, <expression error>, gem5::RiscvISA::isaExtsFlags()}}, {gem5::RiscvISA::CSR_MIMPID, {"mimpid", gem5::RiscvISA::MISCREG_IMPID, <expression error>, gem5::RiscvISA::isaExtsFlags()}}, {gem5::RiscvISA::CSR_MHARTID, {"mhartid", gem5::RiscvISA::MISCREG_HARTID, <expression error>, gem5::RiscvISA::isaExtsFlags()}}, {gem5::RiscvISA::CSR_MSTATUS, {"mstatus", gem5::RiscvISA::MISCREG_MSTATUS, <expression error>, gem5::RiscvISA::isaExtsFlags()}}, {gem5::RiscvISA::CSR_MISA, {"misa", gem5::RiscvISA::MISCREG_ISA, <expression error>, gem5::RiscvISA::isaExtsFlags()}}, {gem5::RiscvISA::CSR_MEDELEG, {"medeleg", gem5::RiscvISA::MISCREG_MEDELEG, <expression error>, gem5::RiscvISA::isaExtsFlags()}}, {gem5::RiscvISA::CSR_MIDELEG, {"mideleg", gem5::RiscvISA::MISCREG_MIDELEG, <expression error>, gem5::RiscvISA::isaExtsFlags()}}, {gem5::RiscvISA::CSR_MIE, {"mie", gem5::RiscvISA::MISCREG_MIE, <expression error>, gem5::RiscvISA::isaExtsFlags()}}, {gem5::RiscvISA::CSR_MTVEC, {"mtvec", gem5::RiscvISA::MISCREG_MTVEC, <expression error>, gem5::RiscvISA::isaExtsFlags()}}, {gem5::RiscvISA::CSR_MCOUNTEREN, {"mcounteren", gem5::RiscvISA::MISCREG_MCOUNTEREN, <expression error>, gem5::RiscvISA::isaExtsFlags()}}, {gem5::RiscvISA::CSR_MSTATUSH, {"mstatush", gem5::RiscvISA::MISCREG_MSTATUSH, <expression error>, gem5::RiscvISA::isaExtsFlags()}}, {gem5::RiscvISA::CSR_MSCRATCH, {"mscratch", gem5::RiscvISA::MISCREG_MSCRATCH, <expression error>, gem5::RiscvISA::isaExtsFlags()}}, {gem5::RiscvISA::CSR_MEPC, {"mepc", gem5::RiscvISA::MISCREG_MEPC, <expression error>, gem5::RiscvISA::isaExtsFlags()}}, {gem5::RiscvISA::CSR_MCAUSE, {"mcause", gem5::RiscvISA::MISCREG_MCAUSE, <expression error>, gem5::RiscvISA::isaExtsFlags()}}, {gem5::RiscvISA::CSR_MTVAL, {"mtval", gem5::RiscvISA::MISCREG_MTVAL, <expression error>, gem5::RiscvISA::isaExtsFlags()}}, {gem5::RiscvISA::CSR_MIP, {"mip", gem5::RiscvISA::MISCREG_MIP, <expression error>, gem5::RiscvISA::isaExtsFlags()}}, {gem5::RiscvISA::CSR_PMPCFG0, {"pmpcfg0", gem5::RiscvISA::MISCREG_PMPCFG0, <expression error>, gem5::RiscvISA::isaExtsFlags()}}, {gem5::RiscvISA::CSR_PMPCFG1, {"pmpcfg1", gem5::RiscvISA::MISCREG_PMPCFG1, <expression error>, gem5::RiscvISA::isaExtsFlags()}}, {gem5::RiscvISA::CSR_PMPCFG2, {"pmpcfg2", gem5::RiscvISA::MISCREG_PMPCFG2, <expression error>, gem5::RiscvISA::isaExtsFlags()}}, {gem5::RiscvISA::CSR_PMPCFG3, {"pmpcfg3", gem5::RiscvISA::MISCREG_PMPCFG3, <expression error>, gem5::RiscvISA::isaExtsFlags()}}, {gem5::RiscvISA::CSR_PMPADDR00, {"pmpaddr0", gem5::RiscvISA::MISCREG_PMPADDR00, <expression error>, gem5::RiscvISA::isaExtsFlags()}}, {gem5::RiscvISA::CSR_PMPADDR01, {"pmpaddr1", gem5::RiscvISA::MISCREG_PMPADDR01, <expression error>, gem5::RiscvISA::isaExtsFlags()}}, {gem5::RiscvISA::CSR_PMPADDR02, {"pmpaddr2", gem5::RiscvISA::MISCREG_PMPADDR02, <expression error>, gem5::RiscvISA::isaExtsFlags()}}, {gem5::RiscvISA::CSR_PMPADDR03, {"pmpaddr3", gem5::RiscvISA::MISCREG_PMPADDR03, <expression error>, gem5::RiscvISA::isaExtsFlags()}}, {gem5::RiscvISA::CSR_PMPADDR04, {"pmpaddr4", gem5::RiscvISA::MISCREG_PMPADDR04, <expression error>, gem5::RiscvISA::isaExtsFlags()}}, {gem5::RiscvISA::CSR_PMPADDR05, {"pmpaddr5", gem5::RiscvISA::MISCREG_PMPADDR05, <expression error>, gem5::RiscvISA::isaExtsFlags()}}, {gem5::RiscvISA::CSR_PMPADDR06, {"pmpaddr6", gem5::RiscvISA::MISCREG_PMPADDR06, <expression error>, gem5::RiscvISA::isaExtsFlags()}}, {gem5::RiscvISA::CSR_PMPADDR07, {"pmpaddr7", gem5::RiscvISA::MISCREG_PMPADDR07, <expression error>, gem5::RiscvISA::isaExtsFlags()}}, {gem5::RiscvISA::CSR_PMPADDR08, {"pmpaddr8", gem5::RiscvISA::MISCREG_PMPADDR08, <expression error>, gem5::RiscvISA::isaExtsFlags()}}, {gem5::RiscvISA::CSR_PMPADDR09, {"pmpaddr9", gem5::RiscvISA::MISCREG_PMPADDR09, <expression error>, gem5::RiscvISA::isaExtsFlags()}}, {gem5::RiscvISA::CSR_PMPADDR10, {"pmpaddr10", gem5::RiscvISA::MISCREG_PMPADDR10, <expression error>, gem5::RiscvISA::isaExtsFlags()}}, {gem5::RiscvISA::CSR_PMPADDR11, {"pmpaddr11", gem5::RiscvISA::MISCREG_PMPADDR11, <expression error>, gem5::RiscvISA::isaExtsFlags()}}, {gem5::RiscvISA::CSR_PMPADDR12, {"pmpaddr12", gem5::RiscvISA::MISCREG_PMPADDR12, <expression error>, gem5::RiscvISA::isaExtsFlags()}}, {gem5::RiscvISA::CSR_PMPADDR13, {"pmpaddr13", gem5::RiscvISA::MISCREG_PMPADDR13, <expression error>, gem5::RiscvISA::isaExtsFlags()}}, {gem5::RiscvISA::CSR_PMPADDR14, {"pmpaddr14", gem5::RiscvISA::MISCREG_PMPADDR14, <expression error>, gem5::RiscvISA::isaExtsFlags()}}, {gem5::RiscvISA::CSR_PMPADDR15, {"pmpaddr15", gem5::RiscvISA::MISCREG_PMPADDR15, <expression error>, gem5::RiscvISA::isaExtsFlags()}}, {gem5::RiscvISA::CSR_MCYCLE, {"mcycle", gem5::RiscvISA::MISCREG_CYCLE, <expression error>, gem5::RiscvISA::isaExtsFlags()}}, {gem5::RiscvISA::CSR_MINSTRET, {"minstret", gem5::RiscvISA::MISCREG_INSTRET, <expression error>, gem5::RiscvISA::isaExtsFlags()}}, {gem5::RiscvISA::CSR_MHPMCOUNTER03, {"mhpmcounter03", gem5::RiscvISA::MISCREG_HPMCOUNTER03, <expression error>, gem5::RiscvISA::isaExtsFlags()}}, {gem5::RiscvISA::CSR_MHPMCOUNTER04, {"mhpmcounter04", gem5::RiscvISA::MISCREG_HPMCOUNTER04, <expression error>, gem5::RiscvISA::isaExtsFlags()}}, {gem5::RiscvISA::CSR_MHPMCOUNTER05, {"mhpmcounter05", gem5::RiscvISA::MISCREG_HPMCOUNTER05, <expression error>, gem5::RiscvISA::isaExtsFlags()}}, {gem5::RiscvISA::CSR_MHPMCOUNTER06, {"mhpmcounter06", gem5::RiscvISA::MISCREG_HPMCOUNTER06, <expression error>, gem5::RiscvISA::isaExtsFlags()}}, {gem5::RiscvISA::CSR_MHPMCOUNTER07, {"mhpmcounter07", gem5::RiscvISA::MISCREG_HPMCOUNTER07, <expression error>, gem5::RiscvISA::isaExtsFlags()}}, {gem5::RiscvISA::CSR_MHPMCOUNTER08, {"mhpmcounter08", gem5::RiscvISA::MISCREG_HPMCOUNTER08, <expression error>, gem5::RiscvISA::isaExtsFlags()}}, {gem5::RiscvISA::CSR_MHPMCOUNTER09, {"mhpmcounter09", gem5::RiscvISA::MISCREG_HPMCOUNTER09, <expression error>, gem5::RiscvISA::isaExtsFlags()}}, {gem5::RiscvISA::CSR_MHPMCOUNTER10, {"mhpmcounter10", gem5::RiscvISA::MISCREG_HPMCOUNTER10, <expression error>, gem5::RiscvISA::isaExtsFlags()}}, {gem5::RiscvISA::CSR_MHPMCOUNTER11, {"mhpmcounter11", gem5::RiscvISA::MISCREG_HPMCOUNTER11, <expression error>, gem5::RiscvISA::isaExtsFlags()}}, {gem5::RiscvISA::CSR_MHPMCOUNTER12, {"mhpmcounter12", gem5::RiscvISA::MISCREG_HPMCOUNTER12, <expression error>, gem5::RiscvISA::isaExtsFlags()}}, {gem5::RiscvISA::CSR_MHPMCOUNTER13, {"mhpmcounter13", gem5::RiscvISA::MISCREG_HPMCOUNTER13, <expression error>, gem5::RiscvISA::isaExtsFlags()}}, {gem5::RiscvISA::CSR_MHPMCOUNTER14, {"mhpmcounter14", gem5::RiscvISA::MISCREG_HPMCOUNTER14, <expression error>, gem5::RiscvISA::isaExtsFlags()}}, {gem5::RiscvISA::CSR_MHPMCOUNTER15, {"mhpmcounter15", gem5::RiscvISA::MISCREG_HPMCOUNTER15, <expression error>, gem5::RiscvISA::isaExtsFlags()}}, {gem5::RiscvISA::CSR_MHPMCOUNTER16, {"mhpmcounter16", gem5::RiscvISA::MISCREG_HPMCOUNTER16, <expression error>, gem5::RiscvISA::isaExtsFlags()}}, {gem5::RiscvISA::CSR_MHPMCOUNTER17, {"mhpmcounter17", gem5::RiscvISA::MISCREG_HPMCOUNTER17, <expression error>, gem5::RiscvISA::isaExtsFlags()}}, {gem5::RiscvISA::CSR_MHPMCOUNTER18, {"mhpmcounter18", gem5::RiscvISA::MISCREG_HPMCOUNTER18, <expression error>, gem5::RiscvISA::isaExtsFlags()}}, {gem5::RiscvISA::CSR_MHPMCOUNTER19, {"mhpmcounter19", gem5::RiscvISA::MISCREG_HPMCOUNTER19, <expression error>, gem5::RiscvISA::isaExtsFlags()}}, {gem5::RiscvISA::CSR_MHPMCOUNTER20, {"mhpmcounter20", gem5::RiscvISA::MISCREG_HPMCOUNTER20, <expression error>, gem5::RiscvISA::isaExtsFlags()}}, {gem5::RiscvISA::CSR_MHPMCOUNTER21, {"mhpmcounter21", gem5::RiscvISA::MISCREG_HPMCOUNTER21, <expression error>, gem5::RiscvISA::isaExtsFlags()}}, {gem5::RiscvISA::CSR_MHPMCOUNTER22, {"mhpmcounter22", gem5::RiscvISA::MISCREG_HPMCOUNTER22, <expression error>, gem5::RiscvISA::isaExtsFlags()}}, {gem5::RiscvISA::CSR_MHPMCOUNTER23, {"mhpmcounter23", gem5::RiscvISA::MISCREG_HPMCOUNTER23, <expression error>, gem5::RiscvISA::isaExtsFlags()}}, {gem5::RiscvISA::CSR_MHPMCOUNTER24, {"mhpmcounter24", gem5::RiscvISA::MISCREG_HPMCOUNTER24, <expression error>, gem5::RiscvISA::isaExtsFlags()}}, {gem5::RiscvISA::CSR_MHPMCOUNTER25, {"mhpmcounter25", gem5::RiscvISA::MISCREG_HPMCOUNTER25, <expression error>, gem5::RiscvISA::isaExtsFlags()}}, {gem5::RiscvISA::CSR_MHPMCOUNTER26, {"mhpmcounter26", gem5::RiscvISA::MISCREG_HPMCOUNTER26, <expression error>, gem5::RiscvISA::isaExtsFlags()}}, {gem5::RiscvISA::CSR_MHPMCOUNTER27, {"mhpmcounter27", gem5::RiscvISA::MISCREG_HPMCOUNTER27, <expression error>, gem5::RiscvISA::isaExtsFlags()}}, {gem5::RiscvISA::CSR_MHPMCOUNTER28, {"mhpmcounter28", gem5::RiscvISA::MISCREG_HPMCOUNTER28, <expression error>, gem5::RiscvISA::isaExtsFlags()}}, {gem5::RiscvISA::CSR_MHPMCOUNTER29, {"mhpmcounter29", gem5::RiscvISA::MISCREG_HPMCOUNTER29, <expression error>, gem5::RiscvISA::isaExtsFlags()}}, {gem5::RiscvISA::CSR_MHPMCOUNTER30, {"mhpmcounter30", gem5::RiscvISA::MISCREG_HPMCOUNTER30, <expression error>, gem5::RiscvISA::isaExtsFlags()}}, {gem5::RiscvISA::CSR_MHPMCOUNTER31, {"mhpmcounter31", gem5::RiscvISA::MISCREG_HPMCOUNTER31, <expression error>, gem5::RiscvISA::isaExtsFlags()}}, {gem5::RiscvISA::CSR_MCYCLEH, {"mcycleh", gem5::RiscvISA::MISCREG_CYCLEH, <expression error>, gem5::RiscvISA::isaExtsFlags()}}, {gem5::RiscvISA::CSR_MINSTRETH, {"minstreth", gem5::RiscvISA::MISCREG_INSTRETH, <expression error>, gem5::RiscvISA::isaExtsFlags()}}, {gem5::RiscvISA::CSR_MHPMCOUNTER03H, {"mhpmcounter03h", gem5::RiscvISA::MISCREG_HPMCOUNTER03H, <expression error>, gem5::RiscvISA::isaExtsFlags()}}, {gem5::RiscvISA::CSR_MHPMCOUNTER04H, {"mhpmcounter04h", gem5::RiscvISA::MISCREG_HPMCOUNTER04H, <expression error>, gem5::RiscvISA::isaExtsFlags()}}, {gem5::RiscvISA::CSR_MHPMCOUNTER05H, {"mhpmcounter05h", gem5::RiscvISA::MISCREG_HPMCOUNTER05H, <expression error>, gem5::RiscvISA::isaExtsFlags()}}, {gem5::RiscvISA::CSR_MHPMCOUNTER06H, {"mhpmcounter06h", gem5::RiscvISA::MISCREG_HPMCOUNTER06H, <expression error>, gem5::RiscvISA::isaExtsFlags()}}, {gem5::RiscvISA::CSR_MHPMCOUNTER07H, {"mhpmcounter07h", gem5::RiscvISA::MISCREG_HPMCOUNTER07H, <expression error>, gem5::RiscvISA::isaExtsFlags()}}, {gem5::RiscvISA::CSR_MHPMCOUNTER08H, {"mhpmcounter08h", gem5::RiscvISA::MISCREG_HPMCOUNTER08H, <expression error>, gem5::RiscvISA::isaExtsFlags()}}, {gem5::RiscvISA::CSR_MHPMCOUNTER09H, {"mhpmcounter09h", gem5::RiscvISA::MISCREG_HPMCOUNTER09H, <expression error>, gem5::RiscvISA::isaExtsFlags()}}, {gem5::RiscvISA::CSR_MHPMCOUNTER10H, {"mhpmcounter10h", gem5::RiscvISA::MISCREG_HPMCOUNTER10H, <expression error>, gem5::RiscvISA::isaExtsFlags()}}, {gem5::RiscvISA::CSR_MHPMCOUNTER11H, {"mhpmcounter11h", gem5::RiscvISA::MISCREG_HPMCOUNTER11H, <expression error>, gem5::RiscvISA::isaExtsFlags()}}, {gem5::RiscvISA::CSR_MHPMCOUNTER12H, {"mhpmcounter12h", gem5::RiscvISA::MISCREG_HPMCOUNTER12H, <expression error>, gem5::RiscvISA::isaExtsFlags()}}, {gem5::RiscvISA::CSR_MHPMCOUNTER13H, {"mhpmcounter13h", gem5::RiscvISA::MISCREG_HPMCOUNTER13H, <expression error>, gem5::RiscvISA::isaExtsFlags()}}, {gem5::RiscvISA::CSR_MHPMCOUNTER14H, {"mhpmcounter14h", gem5::RiscvISA::MISCREG_HPMCOUNTER14H, <expression error>, gem5::RiscvISA::isaExtsFlags()}}, {gem5::RiscvISA::CSR_MHPMCOUNTER15H, {"mhpmcounter15h", gem5::RiscvISA::MISCREG_HPMCOUNTER15H, <expression error>, gem5::RiscvISA::isaExtsFlags()}}, {gem5::RiscvISA::CSR_MHPMCOUNTER16H, {"mhpmcounter16h", gem5::RiscvISA::MISCREG_HPMCOUNTER16H, <expression error>, gem5::RiscvISA::isaExtsFlags()}}, {gem5::RiscvISA::CSR_MHPMCOUNTER17H, {"mhpmcounter17h", gem5::RiscvISA::MISCREG_HPMCOUNTER17H, <expression error>, gem5::RiscvISA::isaExtsFlags()}}, {gem5::RiscvISA::CSR_MHPMCOUNTER18H, {"mhpmcounter18h", gem5::RiscvISA::MISCREG_HPMCOUNTER18H, <expression error>, gem5::RiscvISA::isaExtsFlags()}}, {gem5::RiscvISA::CSR_MHPMCOUNTER19H, {"mhpmcounter19h", gem5::RiscvISA::MISCREG_HPMCOUNTER19H, <expression error>, gem5::RiscvISA::isaExtsFlags()}}, {gem5::RiscvISA::CSR_MHPMCOUNTER20H, {"mhpmcounter20h", gem5::RiscvISA::MISCREG_HPMCOUNTER20H, <expression error>, gem5::RiscvISA::isaExtsFlags()}}, {gem5::RiscvISA::CSR_MHPMCOUNTER21H, {"mhpmcounter21h", gem5::RiscvISA::MISCREG_HPMCOUNTER21H, <expression error>, gem5::RiscvISA::isaExtsFlags()}}, {gem5::RiscvISA::CSR_MHPMCOUNTER22H, {"mhpmcounter22h", gem5::RiscvISA::MISCREG_HPMCOUNTER22H, <expression error>, gem5::RiscvISA::isaExtsFlags()}}, {gem5::RiscvISA::CSR_MHPMCOUNTER23H, {"mhpmcounter23h", gem5::RiscvISA::MISCREG_HPMCOUNTER23H, <expression error>, gem5::RiscvISA::isaExtsFlags()}}, {gem5::RiscvISA::CSR_MHPMCOUNTER24H, {"mhpmcounter24h", gem5::RiscvISA::MISCREG_HPMCOUNTER24H, <expression error>, gem5::RiscvISA::isaExtsFlags()}}, {gem5::RiscvISA::CSR_MHPMCOUNTER25H, {"mhpmcounter25h", gem5::RiscvISA::MISCREG_HPMCOUNTER25H, <expression error>, gem5::RiscvISA::isaExtsFlags()}}, {gem5::RiscvISA::CSR_MHPMCOUNTER26H, {"mhpmcounter26h", gem5::RiscvISA::MISCREG_HPMCOUNTER26H, <expression error>, gem5::RiscvISA::isaExtsFlags()}}, {gem5::RiscvISA::CSR_MHPMCOUNTER27H, {"mhpmcounter27h", gem5::RiscvISA::MISCREG_HPMCOUNTER27H, <expression error>, gem5::RiscvISA::isaExtsFlags()}}, {gem5::RiscvISA::CSR_MHPMCOUNTER28H, {"mhpmcounter28h", gem5::RiscvISA::MISCREG_HPMCOUNTER28H, <expression error>, gem5::RiscvISA::isaExtsFlags()}}, {gem5::RiscvISA::CSR_MHPMCOUNTER29H, {"mhpmcounter29h", gem5::RiscvISA::MISCREG_HPMCOUNTER29H, <expression error>, gem5::RiscvISA::isaExtsFlags()}}, {gem5::RiscvISA::CSR_MHPMCOUNTER30H, {"mhpmcounter30h", gem5::RiscvISA::MISCREG_HPMCOUNTER30H, <expression error>, gem5::RiscvISA::isaExtsFlags()}}, {gem5::RiscvISA::CSR_MHPMCOUNTER31H, {"mhpmcounter31h", gem5::RiscvISA::MISCREG_HPMCOUNTER31H, <expression error>, gem5::RiscvISA::isaExtsFlags()}}, {gem5::RiscvISA::CSR_MHPMEVENT03, {"mhpmevent03", gem5::RiscvISA::MISCREG_HPMEVENT03, <expression error>, gem5::RiscvISA::isaExtsFlags()}}, {gem5::RiscvISA::CSR_MHPMEVENT04, {"mhpmevent04", gem5::RiscvISA::MISCREG_HPMEVENT04, <expression error>, gem5::RiscvISA::isaExtsFlags()}}, {gem5::RiscvISA::CSR_MHPMEVENT05, {"mhpmevent05", gem5::RiscvISA::MISCREG_HPMEVENT05, <expression error>, gem5::RiscvISA::isaExtsFlags()}}, {gem5::RiscvISA::CSR_MHPMEVENT06, {"mhpmevent06", gem5::RiscvISA::MISCREG_HPMEVENT06, <expression error>, gem5::RiscvISA::isaExtsFlags()}}, {gem5::RiscvISA::CSR_MHPMEVENT07, {"mhpmevent07", gem5::RiscvISA::MISCREG_HPMEVENT07, <expression error>, gem5::RiscvISA::isaExtsFlags()}}, {gem5::RiscvISA::CSR_MHPMEVENT08, {"mhpmevent08", gem5::RiscvISA::MISCREG_HPMEVENT08, <expression error>, gem5::RiscvISA::isaExtsFlags()}}, {gem5::RiscvISA::CSR_MHPMEVENT09, {"mhpmevent09", gem5::RiscvISA::MISCREG_HPMEVENT09, <expression error>, gem5::RiscvISA::isaExtsFlags()}}, {gem5::RiscvISA::CSR_MHPMEVENT10, {"mhpmevent10", gem5::RiscvISA::MISCREG_HPMEVENT10, <expression error>, gem5::RiscvISA::isaExtsFlags()}}, {gem5::RiscvISA::CSR_MHPMEVENT11, {"mhpmevent11", gem5::RiscvISA::MISCREG_HPMEVENT11, <expression error>, gem5::RiscvISA::isaExtsFlags()}}, {gem5::RiscvISA::CSR_MHPMEVENT12, {"mhpmevent12", gem5::RiscvISA::MISCREG_HPMEVENT12, <expression error>, gem5::RiscvISA::isaExtsFlags()}}, {gem5::RiscvISA::CSR_MHPMEVENT13, {"mhpmevent13", gem5::RiscvISA::MISCREG_HPMEVENT13, <expression error>, gem5::RiscvISA::isaExtsFlags()}}, {gem5::RiscvISA::CSR_MHPMEVENT14, {"mhpmevent14", gem5::RiscvISA::MISCREG_HPMEVENT14, <expression error>, gem5::RiscvISA::isaExtsFlags()}}, {gem5::RiscvISA::CSR_MHPMEVENT15, {"mhpmevent15", gem5::RiscvISA::MISCREG_HPMEVENT15, <expression error>, gem5::RiscvISA::isaExtsFlags()}}, {gem5::RiscvISA::CSR_MHPMEVENT16, {"mhpmevent16", gem5::RiscvISA::MISCREG_HPMEVENT16, <expression error>, gem5::RiscvISA::isaExtsFlags()}}, {gem5::RiscvISA::CSR_MHPMEVENT17, {"mhpmevent17", gem5::RiscvISA::MISCREG_HPMEVENT17, <expression error>, gem5::RiscvISA::isaExtsFlags()}}, {gem5::RiscvISA::CSR_MHPMEVENT18, {"mhpmevent18", gem5::RiscvISA::MISCREG_HPMEVENT18, <expression error>, gem5::RiscvISA::isaExtsFlags()}}, {gem5::RiscvISA::CSR_MHPMEVENT19, {"mhpmevent19", gem5::RiscvISA::MISCREG_HPMEVENT19, <expression error>, gem5::RiscvISA::isaExtsFlags()}}, {gem5::RiscvISA::CSR_MHPMEVENT20, {"mhpmevent20", gem5::RiscvISA::MISCREG_HPMEVENT20, <expression error>, gem5::RiscvISA::isaExtsFlags()}}, {gem5::RiscvISA::CSR_MHPMEVENT21, {"mhpmevent21", gem5::RiscvISA::MISCREG_HPMEVENT21, <expression error>, gem5::RiscvISA::isaExtsFlags()}}, {gem5::RiscvISA::CSR_MHPMEVENT22, {"mhpmevent22", gem5::RiscvISA::MISCREG_HPMEVENT22, <expression error>, gem5::RiscvISA::isaExtsFlags()}}, {gem5::RiscvISA::CSR_MHPMEVENT23, {"mhpmevent23", gem5::RiscvISA::MISCREG_HPMEVENT23, <expression error>, gem5::RiscvISA::isaExtsFlags()}}, {gem5::RiscvISA::CSR_MHPMEVENT24, {"mhpmevent24", gem5::RiscvISA::MISCREG_HPMEVENT24, <expression error>, gem5::RiscvISA::isaExtsFlags()}}, {gem5::RiscvISA::CSR_MHPMEVENT25, {"mhpmevent25", gem5::RiscvISA::MISCREG_HPMEVENT25, <expression error>, gem5::RiscvISA::isaExtsFlags()}}, {gem5::RiscvISA::CSR_MHPMEVENT26, {"mhpmevent26", gem5::RiscvISA::MISCREG_HPMEVENT26, <expression error>, gem5::RiscvISA::isaExtsFlags()}}, {gem5::RiscvISA::CSR_MHPMEVENT27, {"mhpmevent27", gem5::RiscvISA::MISCREG_HPMEVENT27, <expression error>, gem5::RiscvISA::isaExtsFlags()}}, {gem5::RiscvISA::CSR_MHPMEVENT28, {"mhpmevent28", gem5::RiscvISA::MISCREG_HPMEVENT28, <expression error>, gem5::RiscvISA::isaExtsFlags()}}, {gem5::RiscvISA::CSR_MHPMEVENT29, {"mhpmevent29", gem5::RiscvISA::MISCREG_HPMEVENT29, <expression error>, gem5::RiscvISA::isaExtsFlags()}}, {gem5::RiscvISA::CSR_MHPMEVENT30, {"mhpmevent30", gem5::RiscvISA::MISCREG_HPMEVENT30, <expression error>, gem5::RiscvISA::isaExtsFlags()}}, {gem5::RiscvISA::CSR_MHPMEVENT31, {"mhpmevent31", gem5::RiscvISA::MISCREG_HPMEVENT31, <expression error>, gem5::RiscvISA::isaExtsFlags()}}, {gem5::RiscvISA::CSR_TSELECT, {"tselect", gem5::RiscvISA::MISCREG_TSELECT, <expression error>, gem5::RiscvISA::isaExtsFlags()}}, {gem5::RiscvISA::CSR_TDATA1, {"tdata1", gem5::RiscvISA::MISCREG_TDATA1, <expression error>, gem5::RiscvISA::isaExtsFlags()}}, {gem5::RiscvISA::CSR_TDATA2, {"tdata2", gem5::RiscvISA::MISCREG_TDATA2, <expression error>, gem5::RiscvISA::isaExtsFlags()}}, {gem5::RiscvISA::CSR_TDATA3, {"tdata3", gem5::RiscvISA::MISCREG_TDATA3, <expression error>, gem5::RiscvISA::isaExtsFlags()}}, {gem5::RiscvISA::CSR_DCSR, {"dcsr", gem5::RiscvISA::MISCREG_DCSR, <expression error>, gem5::RiscvISA::isaExtsFlags()}}, {gem5::RiscvISA::CSR_DPC, {"dpc", gem5::RiscvISA::MISCREG_DPC, <expression error>, gem5::RiscvISA::isaExtsFlags()}}, {gem5::RiscvISA::CSR_DSCRATCH, {"dscratch", gem5::RiscvISA::MISCREG_DSCRATCH, <expression error>, gem5::RiscvISA::isaExtsFlags()}}, {gem5::RiscvISA::CSR_VSTART, {"vstart", gem5::RiscvISA::MISCREG_VSTART, <expression error>, gem5::RiscvISA::isaExtsFlags<char>(118)}}, {gem5::RiscvISA::CSR_VXSAT, {"vxsat", gem5::RiscvISA::MISCREG_VXSAT, <expression error>, gem5::RiscvISA::isaExtsFlags<char>(118)}}, {gem5::RiscvISA::CSR_VXRM, {"vxrm", gem5::RiscvISA::MISCREG_VXRM, <expression error>, gem5::RiscvISA::isaExtsFlags<char>(118)}}, {gem5::RiscvISA::CSR_VCSR, {"vcsr", gem5::RiscvISA::MISCREG_VCSR, <expression error>, gem5::RiscvISA::isaExtsFlags<char>(118)}}, {gem5::RiscvISA::CSR_VL, {"vl", gem5::RiscvISA::MISCREG_VL, <expression error>, gem5::RiscvISA::isaExtsFlags<char>(118)}}, {gem5::RiscvISA::CSR_VTYPE, {"vtype", gem5::RiscvISA::MISCREG_VTYPE, <expression error>, gem5::RiscvISA::isaExtsFlags<char>(118)}}, {gem5::RiscvISA::CSR_VLENB, {"VLENB", gem5::RiscvISA::MISCREG_VLENB, <expression error>, gem5::RiscvISA::isaExtsFlags<char>(118)}}, {gem5::RiscvISA::CSR_UIMM0, {"uimm0", gem5::RiscvISA::MISCREG_UIMM0, <expression error>, gem5::RiscvISA::isaExtsFlags()}}, {gem5::RiscvISA::CSR_UIMM1, {"uimm1", gem5::RiscvISA::MISCREG_UIMM1, <expression error>, gem5::RiscvISA::isaExtsFlags()}}, {gem5::RiscvISA::CSR_UIMM2, {"uimm2", gem5::RiscvISA::MISCREG_UIMM2, <expression error>, gem5::RiscvISA::isaExtsFlags()}}, {gem5::RiscvISA::CSR_UIMM3, {"uimm3", gem5::RiscvISA::MISCREG_UIMM3, <expression error>, gem5::RiscvISA::isaExtsFlags()}}, {gem5::RiscvISA::CSR_UIMM4, {"uimm4", gem5::RiscvISA::MISCREG_UIMM4, <expression error>, gem5::RiscvISA::isaExtsFlags()}}, {gem5::RiscvISA::CSR_UIMM5, {"uimm5", gem5::RiscvISA::MISCREG_UIMM5, <expression error>, gem5::RiscvISA::isaExtsFlags()}}, {gem5::RiscvISA::CSR_UIMM6, {"uimm6", gem5::RiscvISA::MISCREG_UIMM6, <expression error>, gem5::RiscvISA::isaExtsFlags()}}, {gem5::RiscvISA::CSR_UIMM7, {"uimm7", gem5::RiscvISA::MISCREG_UIMM7, <expression error>, gem5::RiscvISA::isaExtsFlags()}}, {gem5::RiscvISA::CSR_UIMM8, {"uimm8", gem5::RiscvISA::MISCREG_UIMM8, <expression error>, gem5::RiscvISA::isaExtsFlags()}}, {gem5::RiscvISA::CSR_UIMM9, {"uimm9", gem5::RiscvISA::MISCREG_UIMM9, <expression error>, gem5::RiscvISA::isaExtsFlags()}}, {gem5::RiscvISA::CSR_UIMM10, {"uimm10", gem5::RiscvISA::MISCREG_UIMM10, <expression error>, gem5::RiscvISA::isaExtsFlags()}}, {gem5::RiscvISA::CSR_UIMM11, {"uimm11", gem5::RiscvISA::MISCREG_UIMM11, <expression error>, gem5::RiscvISA::isaExtsFlags()}}, {gem5::RiscvISA::CSR_UIMM12, {"uimm12", gem5::RiscvISA::MISCREG_UIMM12, <expression error>, gem5::RiscvISA::isaExtsFlags()}}, {gem5::RiscvISA::CSR_UIMM13, {"uimm13", gem5::RiscvISA::MISCREG_UIMM13, <expression error>, gem5::RiscvISA::isaExtsFlags()}}, {gem5::RiscvISA::CSR_UIMM14, {"uimm14", gem5::RiscvISA::MISCREG_UIMM14, <expression error>, gem5::RiscvISA::isaExtsFlags()}}, {gem5::RiscvISA::CSR_UIMM15, {"uimm15", gem5::RiscvISA::MISCREG_UIMM15, <expression error>, gem5::RiscvISA::isaExtsFlags()}}, {gem5::RiscvISA::CSR_UIMM16, {"uimm16", gem5::RiscvISA::MISCREG_UIMM16, <expression error>, gem5::RiscvISA::isaExtsFlags()}}, {gem5::RiscvISA::CSR_UIMM17, {"uimm17", gem5::RiscvISA::MISCREG_UIMM17, <expression error>, gem5::RiscvISA::isaExtsFlags()}}, {gem5::RiscvISA::CSR_UIMM18, {"uimm18", gem5::RiscvISA::MISCREG_UIMM18, <expression error>, gem5::RiscvISA::isaExtsFlags()}}, {gem5::RiscvISA::CSR_UIMM19, {"uimm19", gem5::RiscvISA::MISCREG_UIMM19, <expression error>, gem5::RiscvISA::isaExtsFlags()}}, {gem5::RiscvISA::CSR_UIMM20, {"uimm20", gem5::RiscvISA::MISCREG_UIMM20, <expression error>, gem5::RiscvISA::isaExtsFlags()}}, {gem5::RiscvISA::CSR_UIMM21, {"uimm21", gem5::RiscvISA::MISCREG_UIMM21, <expression error>, gem5::RiscvISA::isaExtsFlags()}}, {gem5::RiscvISA::CSR_UIMM22, {"uimm22", gem5::RiscvISA::MISCREG_UIMM22, <expression error>, gem5::RiscvISA::isaExtsFlags()}}, {gem5::RiscvISA::CSR_UIMM23, {"uimm23", gem5::RiscvISA::MISCREG_UIMM23, <expression error>, gem5::RiscvISA::isaExtsFlags()}}, {gem5::RiscvISA::CSR_UIMM24, {"uimm24", gem5::RiscvISA::MISCREG_UIMM24, <expression error>, gem5::RiscvISA::isaExtsFlags()}}, {gem5::RiscvISA::CSR_UIMM25, {"uimm25", gem5::RiscvISA::MISCREG_UIMM25, <expression error>, gem5::RiscvISA::isaExtsFlags()}}, {gem5::RiscvISA::CSR_UIMM26, {"uimm26", gem5::RiscvISA::MISCREG_UIMM26, <expression error>, gem5::RiscvISA::isaExtsFlags()}}, {gem5::RiscvISA::CSR_UIMM27, {"uimm27", gem5::RiscvISA::MISCREG_UIMM27, <expression error>, gem5::RiscvISA::isaExtsFlags()}}, {gem5::RiscvISA::CSR_UIMM28, {"uimm28", gem5::RiscvISA::MISCREG_UIMM28, <expression error>, gem5::RiscvISA::isaExtsFlags()}}, {gem5::RiscvISA::CSR_UIMM29, {"uimm29", gem5::RiscvISA::MISCREG_UIMM29, <expression error>, gem5::RiscvISA::isaExtsFlags()}}, {gem5::RiscvISA::CSR_UIMM30, {"uimm30", gem5::RiscvISA::MISCREG_UIMM30, <expression error>, gem5::RiscvISA::isaExtsFlags()}}, {gem5::RiscvISA::CSR_UIMM31, {"uimm31", gem5::RiscvISA::MISCREG_UIMM31, <expression error>, gem5::RiscvISA::isaExtsFlags()}}, {gem5::RiscvISA::CSR_UIMM32, {"uimm32", gem5::RiscvISA::MISCREG_UIMM32, <expression error>, gem5::RiscvISA::isaExtsFlags()}}, {gem5::RiscvISA::CSR_UIMM33, {"uimm33", gem5::RiscvISA::MISCREG_UIMM33, <expression error>, gem5::RiscvISA::isaExtsFlags()}}, {gem5::RiscvISA::CSR_UIMM34, {"uimm34", gem5::RiscvISA::MISCREG_UIMM34, <expression error>, gem5::RiscvISA::isaExtsFlags()}}, {gem5::RiscvISA::CSR_UIMM35, {"uimm35", gem5::RiscvISA::MISCREG_UIMM35, <expression error>, gem5::RiscvISA::isaExtsFlags()}}, {gem5::RiscvISA::CSR_UIMM36, {"uimm36", gem5::RiscvISA::MISCREG_UIMM36, <expression error>, gem5::RiscvISA::isaExtsFlags()}}, {gem5::RiscvISA::CSR_UIMM37, {"uimm37", gem5::RiscvISA::MISCREG_UIMM37, <expression error>, gem5::RiscvISA::isaExtsFlags()}}, {gem5::RiscvISA::CSR_UIMM38, {"uimm38", gem5::RiscvISA::MISCREG_UIMM38, <expression error>, gem5::RiscvISA::isaExtsFlags()}}, {gem5::RiscvISA::CSR_UIMM39, {"uimm39", gem5::RiscvISA::MISCREG_UIMM39, <expression error>, gem5::RiscvISA::isaExtsFlags()}}, {gem5::RiscvISA::CSR_UIMM40, {"uimm40", gem5::RiscvISA::MISCREG_UIMM40, <expression error>, gem5::RiscvISA::isaExtsFlags()}}, {gem5::RiscvISA::CSR_UIMM41, {"uimm41", gem5::RiscvISA::MISCREG_UIMM41, <expression error>, gem5::RiscvISA::isaExtsFlags()}}, {gem5::RiscvISA::CSR_UIMM42, {"uimm42", gem5::RiscvISA::MISCREG_UIMM42, <expression error>, gem5::RiscvISA::isaExtsFlags()}}, {gem5::RiscvISA::CSR_UIMM43, {"uimm43", gem5::RiscvISA::MISCREG_UIMM43, <expression error>, gem5::RiscvISA::isaExtsFlags()}}, {gem5::RiscvISA::CSR_UIMM44, {"uimm44", gem5::RiscvISA::MISCREG_UIMM44, <expression error>, gem5::RiscvISA::isaExtsFlags()}}, {gem5::RiscvISA::CSR_UIMM45, {"uimm45", gem5::RiscvISA::MISCREG_UIMM45, <expression error>, gem5::RiscvISA::isaExtsFlags()}}, {gem5::RiscvISA::CSR_UIMM46, {"uimm46", gem5::RiscvISA::MISCREG_UIMM46, <expression error>, gem5::RiscvISA::isaExtsFlags()}}, {gem5::RiscvISA::CSR_UIMM47, {"uimm47", gem5::RiscvISA::MISCREG_UIMM47, <expression error>, gem5::RiscvISA::isaExtsFlags()}}, {gem5::RiscvISA::CSR_UIMM48, {"uimm48", gem5::RiscvISA::MISCREG_UIMM48, <expression error>, gem5::RiscvISA::isaExtsFlags()}}, {gem5::RiscvISA::CSR_UIMM49, {"uimm49", gem5::RiscvISA::MISCREG_UIMM49, <expression error>, gem5::RiscvISA::isaExtsFlags()}}, {gem5::RiscvISA::CSR_UIMM50, {"uimm50", gem5::RiscvISA::MISCREG_UIMM50, <expression error>, gem5::RiscvISA::isaExtsFlags()}}, {gem5::RiscvISA::CSR_UIMM51, {"uimm51", gem5::RiscvISA::MISCREG_UIMM51, <expression error>, gem5::RiscvISA::isaExtsFlags()}}, {gem5::RiscvISA::CSR_UIMM52, {"uimm52", gem5::RiscvISA::MISCREG_UIMM52, <expression error>, gem5::RiscvISA::isaExtsFlags()}}, {gem5::RiscvISA::CSR_UIMM53, {"uimm53", gem5::RiscvISA::MISCREG_UIMM53, <expression error>, gem5::RiscvISA::isaExtsFlags()}}, {gem5::RiscvISA::CSR_UIMM54, {"uimm54", gem5::RiscvISA::MISCREG_UIMM54, <expression error>, gem5::RiscvISA::isaExtsFlags()}}, {gem5::RiscvISA::CSR_UIMM55, {"uimm55", gem5::RiscvISA::MISCREG_UIMM55, <expression error>, gem5::RiscvISA::isaExtsFlags()}}, {gem5::RiscvISA::CSR_UIMM56, {"uimm56", gem5::RiscvISA::MISCREG_UIMM56, <expression error>, gem5::RiscvISA::isaExtsFlags()}}, {gem5::RiscvISA::CSR_UIMM57, {"uimm57", gem5::RiscvISA::MISCREG_UIMM57, <expression error>, gem5::RiscvISA::isaExtsFlags()}}, {gem5::RiscvISA::CSR_UIMM58, {"uimm58", gem5::RiscvISA::MISCREG_UIMM58, <expression error>, gem5::RiscvISA::isaExtsFlags()}}, {gem5::RiscvISA::CSR_UIMM59, {"uimm59", gem5::RiscvISA::MISCREG_UIMM59, <expression error>, gem5::RiscvISA::isaExtsFlags()}}, {gem5::RiscvISA::CSR_UIMM60, {"uimm60", gem5::RiscvISA::MISCREG_UIMM60, <expression error>, gem5::RiscvISA::isaExtsFlags()}}, {gem5::RiscvISA::CSR_UIMM61, {"uimm61", gem5::RiscvISA::MISCREG_UIMM61, <expression error>, gem5::RiscvISA::isaExtsFlags()}}, {gem5::RiscvISA::CSR_UIMM62, {"uimm62", gem5::RiscvISA::MISCREG_UIMM62, <expression error>, gem5::RiscvISA::isaExtsFlags()}}, {gem5::RiscvISA::CSR_UIMM63, {"uimm63", gem5::RiscvISA::MISCREG_UIMM63, <expression error>, gem5::RiscvISA::isaExtsFlags()}}, {gem5::RiscvISA::CSR_UIMM64, {"uimm64", gem5::RiscvISA::MISCREG_UIMM64, <expression error>, gem5::RiscvISA::isaExtsFlags()}}, {gem5::RiscvISA::CSR_UIMM65, {"uimm65", gem5::RiscvISA::MISCREG_UIMM65, <expression error>, gem5::RiscvISA::isaExtsFlags()}}, {gem5::RiscvISA::CSR_UIMM66, {"uimm66", gem5::RiscvISA::MISCREG_UIMM66, <expression error>, gem5::RiscvISA::isaExtsFlags()}}, {gem5::RiscvISA::CSR_UIMM67, {"uimm67", gem5::RiscvISA::MISCREG_UIMM67, <expression error>, gem5::RiscvISA::isaExtsFlags()}}, {gem5::RiscvISA::CSR_UIMM68, {"uimm68", gem5::RiscvISA::MISCREG_UIMM68, <expression error>, gem5::RiscvISA::isaExtsFlags()}}, {gem5::RiscvISA::CSR_UIMM69, {"uimm69", gem5::RiscvISA::MISCREG_UIMM69, <expression error>, gem5::RiscvISA::isaExtsFlags()}}, {gem5::RiscvISA::CSR_UIMM70, {"uimm70", gem5::RiscvISA::MISCREG_UIMM70, <expression error>, gem5::RiscvISA::isaExtsFlags()}}, {gem5::RiscvISA::CSR_UIMM71, {"uimm71", gem5::RiscvISA::MISCREG_UIMM71, <expression error>, gem5::RiscvISA::isaExtsFlags()}}, {gem5::RiscvISA::CSR_UIMM72, {"uimm72", gem5::RiscvISA::MISCREG_UIMM72, <expression error>, gem5::RiscvISA::isaExtsFlags()}}, {gem5::RiscvISA::CSR_UIMM73, {"uimm73", gem5::RiscvISA::MISCREG_UIMM73, <expression error>, gem5::RiscvISA::isaExtsFlags()}}, {gem5::RiscvISA::CSR_UIMM74, {"uimm74", gem5::RiscvISA::MISCREG_UIMM74, <expression error>, gem5::RiscvISA::isaExtsFlags()}}, {gem5::RiscvISA::CSR_UIMM75, {"uimm75", gem5::RiscvISA::MISCREG_UIMM75, <expression error>, gem5::RiscvISA::isaExtsFlags()}}, {gem5::RiscvISA::CSR_UIMM76, {"uimm76", gem5::RiscvISA::MISCREG_UIMM76, <expression error>, gem5::RiscvISA::isaExtsFlags()}}, {gem5::RiscvISA::CSR_UIMM77, {"uimm77", gem5::RiscvISA::MISCREG_UIMM77, <expression error>, gem5::RiscvISA::isaExtsFlags()}}, {gem5::RiscvISA::CSR_UIMM78, {"uimm78", gem5::RiscvISA::MISCREG_UIMM78, <expression error>, gem5::RiscvISA::isaExtsFlags()}}, {gem5::RiscvISA::CSR_UIMM79, {"uimm79", gem5::RiscvISA::MISCREG_UIMM79, <expression error>, gem5::RiscvISA::isaExtsFlags()}}, {gem5::RiscvISA::CSR_UIMM80, {"uimm80", gem5::RiscvISA::MISCREG_UIMM80, <expression error>, gem5::RiscvISA::isaExtsFlags()}}, {gem5::RiscvISA::CSR_UIMM81, {"uimm81", gem5::RiscvISA::MISCREG_UIMM81, <expression error>, gem5::RiscvISA::isaExtsFlags()}}, {gem5::RiscvISA::CSR_UIMM82, {"uimm82", gem5::RiscvISA::MISCREG_UIMM82, <expression error>, gem5::RiscvISA::isaExtsFlags()}}, {gem5::RiscvISA::CSR_UIMM83, {"uimm83", gem5::RiscvISA::MISCREG_UIMM83, <expression error>, gem5::RiscvISA::isaExtsFlags()}}, {gem5::RiscvISA::CSR_UIMM84, {"uimm84", gem5::RiscvISA::MISCREG_UIMM84, <expression error>, gem5::RiscvISA::isaExtsFlags()}}, {gem5::RiscvISA::CSR_UIMM85, {"uimm85", gem5::RiscvISA::MISCREG_UIMM85, <expression error>, gem5::RiscvISA::isaExtsFlags()}}, {gem5::RiscvISA::CSR_UIMM86, {"uimm86", gem5::RiscvISA::MISCREG_UIMM86, <expression error>, gem5::RiscvISA::isaExtsFlags()}}, {gem5::RiscvISA::CSR_UIMM87, {"uimm87", gem5::RiscvISA::MISCREG_UIMM87, <expression error>, gem5::RiscvISA::isaExtsFlags()}}, {gem5::RiscvISA::CSR_UIMM88, {"uimm88", gem5::RiscvISA::MISCREG_UIMM88, <expression error>, gem5::RiscvISA::isaExtsFlags()}}, {gem5::RiscvISA::CSR_UIMM89, {"uimm89", gem5::RiscvISA::MISCREG_UIMM89, <expression error>, gem5::RiscvISA::isaExtsFlags()}}, {gem5::RiscvISA::CSR_UIMM90, {"uimm90", gem5::RiscvISA::MISCREG_UIMM90, <expression error>, gem5::RiscvISA::isaExtsFlags()}}, {gem5::RiscvISA::CSR_UIMM91, {"uimm91", gem5::RiscvISA::MISCREG_UIMM91, <expression error>, gem5::RiscvISA::isaExtsFlags()}}, {gem5::RiscvISA::CSR_UIMM92, {"uimm92", gem5::RiscvISA::MISCREG_UIMM92, <expression error>, gem5::RiscvISA::isaExtsFlags()}}, {gem5::RiscvISA::CSR_UIMM93, {"uimm93", gem5::RiscvISA::MISCREG_UIMM93, <expression error>, gem5::RiscvISA::isaExtsFlags()}}, {gem5::RiscvISA::CSR_UIMM94, {"uimm94", gem5::RiscvISA::MISCREG_UIMM94, <expression error>, gem5::RiscvISA::isaExtsFlags()}}, {gem5::RiscvISA::CSR_UIMM95, {"uimm95", gem5::RiscvISA::MISCREG_UIMM95, <expression error>, gem5::RiscvISA::isaExtsFlags()}}, {gem5::RiscvISA::CSR_UIMM96, {"uimm96", gem5::RiscvISA::MISCREG_UIMM96, <expression error>, gem5::RiscvISA::isaExtsFlags()}}, {gem5::RiscvISA::CSR_UIMM97, {"uimm97", gem5::RiscvISA::MISCREG_UIMM97, <expression error>, gem5::RiscvISA::isaExtsFlags()}}, {gem5::RiscvISA::CSR_UIMM98, {"uimm98", gem5::RiscvISA::MISCREG_UIMM98, <expression error>, gem5::RiscvISA::isaExtsFlags()}}, {gem5::RiscvISA::CSR_UIMM99, {"uimm99", gem5::RiscvISA::MISCREG_UIMM99, <expression error>, gem5::RiscvISA::isaExtsFlags()}}, {gem5::RiscvISA::CSR_UIMM100, {"uimm100", gem5::RiscvISA::MISCREG_UIMM100, <expression error>, gem5::RiscvISA::isaExtsFlags()}}, {gem5::RiscvISA::CSR_UIMM101, {"uimm101", gem5::RiscvISA::MISCREG_UIMM101, <expression error>, gem5::RiscvISA::isaExtsFlags()}}, {gem5::RiscvISA::CSR_UIMM102, {"uimm102", gem5::RiscvISA::MISCREG_UIMM102, <expression error>, gem5::RiscvISA::isaExtsFlags()}}, {gem5::RiscvISA::CSR_UIMM103, {"uimm103", gem5::RiscvISA::MISCREG_UIMM103, <expression error>, gem5::RiscvISA::isaExtsFlags()}}, {gem5::RiscvISA::CSR_UIMM104, {"uimm104", gem5::RiscvISA::MISCREG_UIMM104, <expression error>, gem5::RiscvISA::isaExtsFlags()}}, {gem5::RiscvISA::CSR_UIMM105, {"uimm105", gem5::RiscvISA::MISCREG_UIMM105, <expression error>, gem5::RiscvISA::isaExtsFlags()}}, {gem5::RiscvISA::CSR_UIMM106, {"uimm106", gem5::RiscvISA::MISCREG_UIMM106, <expression error>, gem5::RiscvISA::isaExtsFlags()}}, {gem5::RiscvISA::CSR_UIMM107, {"uimm107", gem5::RiscvISA::MISCREG_UIMM107, <expression error>, gem5::RiscvISA::isaExtsFlags()}}, {gem5::RiscvISA::CSR_UIMM108, {"uimm108", gem5::RiscvISA::MISCREG_UIMM108, <expression error>, gem5::RiscvISA::isaExtsFlags()}}, {gem5::RiscvISA::CSR_UIMM109, {"uimm109", gem5::RiscvISA::MISCREG_UIMM109, <expression error>, gem5::RiscvISA::isaExtsFlags()}}, {gem5::RiscvISA::CSR_UIMM110, {"uimm110", gem5::RiscvISA::MISCREG_UIMM110, <expression error>, gem5::RiscvISA::isaExtsFlags()}}, {gem5::RiscvISA::CSR_UIMM111, {"uimm111", gem5::RiscvISA::MISCREG_UIMM111, <expression error>, gem5::RiscvISA::isaExtsFlags()}}, {gem5::RiscvISA::CSR_UIMM112, {"uimm112", gem5::RiscvISA::MISCREG_UIMM112, <expression error>, gem5::RiscvISA::isaExtsFlags()}}, {gem5::RiscvISA::CSR_UIMM113, {"uimm113", gem5::RiscvISA::MISCREG_UIMM113, <expression error>, gem5::RiscvISA::isaExtsFlags()}}, {gem5::RiscvISA::CSR_UIMM114, {"uimm114", gem5::RiscvISA::MISCREG_UIMM114, <expression error>, gem5::RiscvISA::isaExtsFlags()}}, {gem5::RiscvISA::CSR_UIMM115, {"uimm115", gem5::RiscvISA::MISCREG_UIMM115, <expression error>, gem5::RiscvISA::isaExtsFlags()}}, {gem5::RiscvISA::CSR_UIMM116, {"uimm116", gem5::RiscvISA::MISCREG_UIMM116, <expression error>, gem5::RiscvISA::isaExtsFlags()}}, {gem5::RiscvISA::CSR_UIMM117, {"uimm117", gem5::RiscvISA::MISCREG_UIMM117, <expression error>, gem5::RiscvISA::isaExtsFlags()}}, {gem5::RiscvISA::CSR_UIMM118, {"uimm118", gem5::RiscvISA::MISCREG_UIMM118, <expression error>, gem5::RiscvISA::isaExtsFlags()}}, {gem5::RiscvISA::CSR_UIMM119, {"uimm119", gem5::RiscvISA::MISCREG_UIMM119, <expression error>, gem5::RiscvISA::isaExtsFlags()}}, {gem5::RiscvISA::CSR_UIMM120, {"uimm120", gem5::RiscvISA::MISCREG_UIMM120, <expression error>, gem5::RiscvISA::isaExtsFlags()}}, {gem5::RiscvISA::CSR_UIMM121, {"uimm121", gem5::RiscvISA::MISCREG_UIMM121, <expression error>, gem5::RiscvISA::isaExtsFlags()}}, {gem5::RiscvISA::CSR_UIMM122, {"uimm122", gem5::RiscvISA::MISCREG_UIMM122, <expression error>, gem5::RiscvISA::isaExtsFlags()}}, {gem5::RiscvISA::CSR_UIMM123, {"uimm123", gem5::RiscvISA::MISCREG_UIMM123, <expression error>, gem5::RiscvISA::isaExtsFlags()}}, {gem5::RiscvISA::CSR_UIMM124, {"uimm124", gem5::RiscvISA::MISCREG_UIMM124, <expression error>, gem5::RiscvISA::isaExtsFlags()}}, {gem5::RiscvISA::CSR_UIMM125, {"uimm125", gem5::RiscvISA::MISCREG_UIMM125, <expression error>, gem5::RiscvISA::isaExtsFlags()}}, {gem5::RiscvISA::CSR_UIMM126, {"uimm126", gem5::RiscvISA::MISCREG_UIMM126, <expression error>, gem5::RiscvISA::isaExtsFlags()}}, {gem5::RiscvISA::CSR_UIMM127, {"uimm127", gem5::RiscvISA::MISCREG_UIMM127, <expression error>, gem5::RiscvISA::isaExtsFlags()}}, {gem5::RiscvISA::CSR_UCONST0, {"uconst0", gem5::RiscvISA::MISCREG_UCONST0, <expression error>, gem5::RiscvISA::isaExtsFlags()}}, {gem5::RiscvISA::CSR_UCONST1, {"uconst1", gem5::RiscvISA::MISCREG_UCONST1, <expression error>, gem5::RiscvISA::isaExtsFlags()}}, {gem5::RiscvISA::CSR_UCONST2, {"uconst2", gem5::RiscvISA::MISCREG_UCONST2, <expression error>, gem5::RiscvISA::isaExtsFlags()}}, {gem5::RiscvISA::CSR_UCONST3, {"uconst3", gem5::RiscvISA::MISCREG_UCONST3, <expression error>, gem5::RiscvISA::isaExtsFlags()}}, {gem5::RiscvISA::CSR_UCONST4, {"uconst4", gem5::RiscvISA::MISCREG_UCONST4, <expression error>, gem5::RiscvISA::isaExtsFlags()}}, {gem5::RiscvISA::CSR_UCONST5, {"uconst5", gem5::RiscvISA::MISCREG_UCONST5, <expression error>, gem5::RiscvISA::isaExtsFlags()}}, {gem5::RiscvISA::CSR_UCONST6, {"uconst6", gem5::RiscvISA::MISCREG_UCONST6, <expression error>, gem5::RiscvISA::isaExtsFlags()}}, {gem5::RiscvISA::CSR_UCONST7, {"uconst7", gem5::RiscvISA::MISCREG_UCONST7, <expression error>, gem5::RiscvISA::isaExtsFlags()}}, {gem5::RiscvISA::CSR_UCONST8, {"uconst8", gem5::RiscvISA::MISCREG_UCONST8, <expression error>, gem5::RiscvISA::isaExtsFlags()}}, {gem5::RiscvISA::CSR_UCONST9, {"uconst9", gem5::RiscvISA::MISCREG_UCONST9, <expression error>, gem5::RiscvISA::isaExtsFlags()}}, {gem5::RiscvISA::CSR_UCONST10, {"uconst10", gem5::RiscvISA::MISCREG_UCONST10, <expression error>, gem5::RiscvISA::isaExtsFlags()}}, {gem5::RiscvISA::CSR_UCONST11, {"uconst11", gem5::RiscvISA::MISCREG_UCONST11, <expression error>, gem5::RiscvISA::isaExtsFlags()}}, {gem5::RiscvISA::CSR_UCONST12, {"uconst12", gem5::RiscvISA::MISCREG_UCONST12, <expression error>, gem5::RiscvISA::isaExtsFlags()}}, {gem5::RiscvISA::CSR_UCONST13, {"uconst13", gem5::RiscvISA::MISCREG_UCONST13, <expression error>, gem5::RiscvISA::isaExtsFlags()}}, {gem5::RiscvISA::CSR_UCONST14, {"uconst14", gem5::RiscvISA::MISCREG_UCONST14, <expression error>, gem5::RiscvISA::isaExtsFlags()}}, {gem5::RiscvISA::CSR_UCONST15, {"uconst15", gem5::RiscvISA::MISCREG_UCONST15, <expression error>, gem5::RiscvISA::isaExtsFlags()}}, {gem5::RiscvISA::CSR_UCONST16, {"uconst16", gem5::RiscvISA::MISCREG_UCONST16, <expression error>, gem5::RiscvISA::isaExtsFlags()}}, {gem5::RiscvISA::CSR_UCONST17, {"uconst17", gem5::RiscvISA::MISCREG_UCONST17, <expression error>, gem5::RiscvISA::isaExtsFlags()}}, {gem5::RiscvISA::CSR_UCONST18, {"uconst18", gem5::RiscvISA::MISCREG_UCONST18, <expression error>, gem5::RiscvISA::isaExtsFlags()}}, {gem5::RiscvISA::CSR_UCONST19, {"uconst19", gem5::RiscvISA::MISCREG_UCONST19, <expression error>, gem5::RiscvISA::isaExtsFlags()}}, {gem5::RiscvISA::CSR_UCONST20, {"uconst20", gem5::RiscvISA::MISCREG_UCONST20, <expression error>, gem5::RiscvISA::isaExtsFlags()}}, {gem5::RiscvISA::CSR_UCONST21, {"uconst21", gem5::RiscvISA::MISCREG_UCONST21, <expression error>, gem5::RiscvISA::isaExtsFlags()}}, {gem5::RiscvISA::CSR_UCONST22, {"uconst22", gem5::RiscvISA::MISCREG_UCONST22, <expression error>, gem5::RiscvISA::isaExtsFlags()}}, {gem5::RiscvISA::CSR_UCONST23, {"uconst23", gem5::RiscvISA::MISCREG_UCONST23, <expression error>, gem5::RiscvISA::isaExtsFlags()}}, {gem5::RiscvISA::CSR_UCONST24, {"uconst24", gem5::RiscvISA::MISCREG_UCONST24, <expression error>, gem5::RiscvISA::isaExtsFlags()}}, {gem5::RiscvISA::CSR_UCONST25, {"uconst25", gem5::RiscvISA::MISCREG_UCONST25, <expression error>, gem5::RiscvISA::isaExtsFlags()}}, {gem5::RiscvISA::CSR_UCONST26, {"uconst26", gem5::RiscvISA::MISCREG_UCONST26, <expression error>, gem5::RiscvISA::isaExtsFlags()}}, {gem5::RiscvISA::CSR_UCONST27, {"uconst27", gem5::RiscvISA::MISCREG_UCONST27, <expression error>, gem5::RiscvISA::isaExtsFlags()}}, {gem5::RiscvISA::CSR_UCONST28, {"uconst28", gem5::RiscvISA::MISCREG_UCONST28, <expression error>, gem5::RiscvISA::isaExtsFlags()}}, {gem5::RiscvISA::CSR_UCONST29, {"uconst29", gem5::RiscvISA::MISCREG_UCONST29, <expression error>, gem5::RiscvISA::isaExtsFlags()}}, {gem5::RiscvISA::CSR_UCONST30, {"uconst30", gem5::RiscvISA::MISCREG_UCONST30, <expression error>, gem5::RiscvISA::isaExtsFlags()}}, {gem5::RiscvISA::CSR_UCONST31, {"uconst31", gem5::RiscvISA::MISCREG_UCONST31, <expression error>, gem5::RiscvISA::isaExtsFlags()}}, {gem5::RiscvISA::CSR_UCONST32, {"uconst32", gem5::RiscvISA::MISCREG_UCONST32, <expression error>, gem5::RiscvISA::isaExtsFlags()}}, {gem5::RiscvISA::CSR_UCONST33, {"uconst33", gem5::RiscvISA::MISCREG_UCONST33, <expression error>, gem5::RiscvISA::isaExtsFlags()}}, {gem5::RiscvISA::CSR_UCONST34, {"uconst34", gem5::RiscvISA::MISCREG_UCONST34, <expression error>, gem5::RiscvISA::isaExtsFlags()}}, {gem5::RiscvISA::CSR_UCONST35, {"uconst35", gem5::RiscvISA::MISCREG_UCONST35, <expression error>, gem5::RiscvISA::isaExtsFlags()}}, {gem5::RiscvISA::CSR_UCONST36, {"uconst36", gem5::RiscvISA::MISCREG_UCONST36, <expression error>, gem5::RiscvISA::isaExtsFlags()}}, {gem5::RiscvISA::CSR_UCONST37, {"uconst37", gem5::RiscvISA::MISCREG_UCONST37, <expression error>, gem5::RiscvISA::isaExtsFlags()}}, {gem5::RiscvISA::CSR_UCONST38, {"uconst38", gem5::RiscvISA::MISCREG_UCONST38, <expression error>, gem5::RiscvISA::isaExtsFlags()}}, {gem5::RiscvISA::CSR_UCONST39, {"uconst39", gem5::RiscvISA::MISCREG_UCONST39, <expression error>, gem5::RiscvISA::isaExtsFlags()}}, {gem5::RiscvISA::CSR_UCONST40, {"uconst40", gem5::RiscvISA::MISCREG_UCONST40, <expression error>, gem5::RiscvISA::isaExtsFlags()}}, {gem5::RiscvISA::CSR_UCONST41, {"uconst41", gem5::RiscvISA::MISCREG_UCONST41, <expression error>, gem5::RiscvISA::isaExtsFlags()}}, {gem5::RiscvISA::CSR_UCONST42, {"uconst42", gem5::RiscvISA::MISCREG_UCONST42, <expression error>, gem5::RiscvISA::isaExtsFlags()}}, {gem5::RiscvISA::CSR_UCONST43, {"uconst43", gem5::RiscvISA::MISCREG_UCONST43, <expression error>, gem5::RiscvISA::isaExtsFlags()}}, {gem5::RiscvISA::CSR_UCONST44, {"uconst44", gem5::RiscvISA::MISCREG_UCONST44, <expression error>, gem5::RiscvISA::isaExtsFlags()}}, {gem5::RiscvISA::CSR_UCONST45, {"uconst45", gem5::RiscvISA::MISCREG_UCONST45, <expression error>, gem5::RiscvISA::isaExtsFlags()}}, {gem5::RiscvISA::CSR_UCONST46, {"uconst46", gem5::RiscvISA::MISCREG_UCONST46, <expression error>, gem5::RiscvISA::isaExtsFlags()}}, {gem5::RiscvISA::CSR_UCONST47, {"uconst47", gem5::RiscvISA::MISCREG_UCONST47, <expression error>, gem5::RiscvISA::isaExtsFlags()}}, {gem5::RiscvISA::CSR_UCONST48, {"uconst48", gem5::RiscvISA::MISCREG_UCONST48, <expression error>, gem5::RiscvISA::isaExtsFlags()}}, {gem5::RiscvISA::CSR_UCONST49, {"uconst49", gem5::RiscvISA::MISCREG_UCONST49, <expression error>, gem5::RiscvISA::isaExtsFlags()}}, {gem5::RiscvISA::CSR_UCONST50, {"uconst50", gem5::RiscvISA::MISCREG_UCONST50, <expression error>, gem5::RiscvISA::isaExtsFlags()}}, {gem5::RiscvISA::CSR_UCONST51, {"uconst51", gem5::RiscvISA::MISCREG_UCONST51, <expression error>, gem5::RiscvISA::isaExtsFlags()}}, {gem5::RiscvISA::CSR_UCONST52, {"uconst52", gem5::RiscvISA::MISCREG_UCONST52, <expression error>, gem5::RiscvISA::isaExtsFlags()}}, {gem5::RiscvISA::CSR_UCONST53, {"uconst53", gem5::RiscvISA::MISCREG_UCONST53, <expression error>, gem5::RiscvISA::isaExtsFlags()}}, {gem5::RiscvISA::CSR_UCONST54, {"uconst54", gem5::RiscvISA::MISCREG_UCONST54, <expression error>, gem5::RiscvISA::isaExtsFlags()}}, {gem5::RiscvISA::CSR_UCONST55, {"uconst55", gem5::RiscvISA::MISCREG_UCONST55, <expression error>, gem5::RiscvISA::isaExtsFlags()}}, {gem5::RiscvISA::CSR_UCONST56, {"uconst56", gem5::RiscvISA::MISCREG_UCONST56, <expression error>, gem5::RiscvISA::isaExtsFlags()}}, {gem5::RiscvISA::CSR_UCONST57, {"uconst57", gem5::RiscvISA::MISCREG_UCONST57, <expression error>, gem5::RiscvISA::isaExtsFlags()}}, {gem5::RiscvISA::CSR_UCONST58, {"uconst58", gem5::RiscvISA::MISCREG_UCONST58, <expression error>, gem5::RiscvISA::isaExtsFlags()}}, {gem5::RiscvISA::CSR_UCONST59, {"uconst59", gem5::RiscvISA::MISCREG_UCONST59, <expression error>, gem5::RiscvISA::isaExtsFlags()}}, {gem5::RiscvISA::CSR_UCONST60, {"uconst60", gem5::RiscvISA::MISCREG_UCONST60, <expression error>, gem5::RiscvISA::isaExtsFlags()}}, {gem5::RiscvISA::CSR_UCONST61, {"uconst61", gem5::RiscvISA::MISCREG_UCONST61, <expression error>, gem5::RiscvISA::isaExtsFlags()}}, {gem5::RiscvISA::CSR_UCONST62, {"uconst62", gem5::RiscvISA::MISCREG_UCONST62, <expression error>, gem5::RiscvISA::isaExtsFlags()}}, {gem5::RiscvISA::CSR_UCONST63, {"uconst63", gem5::RiscvISA::MISCREG_UCONST63, <expression error>, gem5::RiscvISA::isaExtsFlags()}}, {gem5::RiscvISA::CSR_UCONST64, {"uconst64", gem5::RiscvISA::MISCREG_UCONST64, <expression error>, gem5::RiscvISA::isaExtsFlags()}}, {gem5::RiscvISA::CSR_UCONST65, {"uconst65", gem5::RiscvISA::MISCREG_UCONST65, <expression error>, gem5::RiscvISA::isaExtsFlags()}}, {gem5::RiscvISA::CSR_UCONST66, {"uconst66", gem5::RiscvISA::MISCREG_UCONST66, <expression error>, gem5::RiscvISA::isaExtsFlags()}}, {gem5::RiscvISA::CSR_UCONST67, {"uconst67", gem5::RiscvISA::MISCREG_UCONST67, <expression error>, gem5::RiscvISA::isaExtsFlags()}}, {gem5::RiscvISA::CSR_UCONST68, {"uconst68", gem5::RiscvISA::MISCREG_UCONST68, <expression error>, gem5::RiscvISA::isaExtsFlags()}}, {gem5::RiscvISA::CSR_UCONST69, {"uconst69", gem5::RiscvISA::MISCREG_UCONST69, <expression error>, gem5::RiscvISA::isaExtsFlags()}}, {gem5::RiscvISA::CSR_UCONST70, {"uconst70", gem5::RiscvISA::MISCREG_UCONST70, <expression error>, gem5::RiscvISA::isaExtsFlags()}}, {gem5::RiscvISA::CSR_UCONST71, {"uconst71", gem5::RiscvISA::MISCREG_UCONST71, <expression error>, gem5::RiscvISA::isaExtsFlags()}}, {gem5::RiscvISA::CSR_UCONST72, {"uconst72", gem5::RiscvISA::MISCREG_UCONST72, <expression error>, gem5::RiscvISA::isaExtsFlags()}}, {gem5::RiscvISA::CSR_UCONST73, {"uconst73", gem5::RiscvISA::MISCREG_UCONST73, <expression error>, gem5::RiscvISA::isaExtsFlags()}}, {gem5::RiscvISA::CSR_UCONST74, {"uconst74", gem5::RiscvISA::MISCREG_UCONST74, <expression error>, gem5::RiscvISA::isaExtsFlags()}}, {gem5::RiscvISA::CSR_UCONST75, {"uconst75", gem5::RiscvISA::MISCREG_UCONST75, <expression error>, gem5::RiscvISA::isaExtsFlags()}}, {gem5::RiscvISA::CSR_UCONST76, {"uconst76", gem5::RiscvISA::MISCREG_UCONST76, <expression error>, gem5::RiscvISA::isaExtsFlags()}}, {gem5::RiscvISA::CSR_UCONST77, {"uconst77", gem5::RiscvISA::MISCREG_UCONST77, <expression error>, gem5::RiscvISA::isaExtsFlags()}}, {gem5::RiscvISA::CSR_UCONST78, {"uconst78", gem5::RiscvISA::MISCREG_UCONST78, <expression error>, gem5::RiscvISA::isaExtsFlags()}}, {gem5::RiscvISA::CSR_UCONST79, {"uconst79", gem5::RiscvISA::MISCREG_UCONST79, <expression error>, gem5::RiscvISA::isaExtsFlags()}}, {gem5::RiscvISA::CSR_UCONST80, {"uconst80", gem5::RiscvISA::MISCREG_UCONST80, <expression error>, gem5::RiscvISA::isaExtsFlags()}}, {gem5::RiscvISA::CSR_UCONST81, {"uconst81", gem5::RiscvISA::MISCREG_UCONST81, <expression error>, gem5::RiscvISA::isaExtsFlags()}}, {gem5::RiscvISA::CSR_UCONST82, {"uconst82", gem5::RiscvISA::MISCREG_UCONST82, <expression error>, gem5::RiscvISA::isaExtsFlags()}}, {gem5::RiscvISA::CSR_UCONST83, {"uconst83", gem5::RiscvISA::MISCREG_UCONST83, <expression error>, gem5::RiscvISA::isaExtsFlags()}}, {gem5::RiscvISA::CSR_UCONST84, {"uconst84", gem5::RiscvISA::MISCREG_UCONST84, <expression error>, gem5::RiscvISA::isaExtsFlags()}}, {gem5::RiscvISA::CSR_UCONST85, {"uconst85", gem5::RiscvISA::MISCREG_UCONST85, <expression error>, gem5::RiscvISA::isaExtsFlags()}}, {gem5::RiscvISA::CSR_UCONST86, {"uconst86", gem5::RiscvISA::MISCREG_UCONST86, <expression error>, gem5::RiscvISA::isaExtsFlags()}}, {gem5::RiscvISA::CSR_UCONST87, {"uconst87", gem5::RiscvISA::MISCREG_UCONST87, <expression error>, gem5::RiscvISA::isaExtsFlags()}}, {gem5::RiscvISA::CSR_UCONST88, {"uconst88", gem5::RiscvISA::MISCREG_UCONST88, <expression error>, gem5::RiscvISA::isaExtsFlags()}}, {gem5::RiscvISA::CSR_UCONST89, {"uconst89", gem5::RiscvISA::MISCREG_UCONST89, <expression error>, gem5::RiscvISA::isaExtsFlags()}}, {gem5::RiscvISA::CSR_UCONST90, {"uconst90", gem5::RiscvISA::MISCREG_UCONST90, <expression error>, gem5::RiscvISA::isaExtsFlags()}}, {gem5::RiscvISA::CSR_UCONST91, {"uconst91", gem5::RiscvISA::MISCREG_UCONST91, <expression error>, gem5::RiscvISA::isaExtsFlags()}}, {gem5::RiscvISA::CSR_UCONST92, {"uconst92", gem5::RiscvISA::MISCREG_UCONST92, <expression error>, gem5::RiscvISA::isaExtsFlags()}}, {gem5::RiscvISA::CSR_UCONST93, {"uconst93", gem5::RiscvISA::MISCREG_UCONST93, <expression error>, gem5::RiscvISA::isaExtsFlags()}}, {gem5::RiscvISA::CSR_UCONST94, {"uconst94", gem5::RiscvISA::MISCREG_UCONST94, <expression error>, gem5::RiscvISA::isaExtsFlags()}}, {gem5::RiscvISA::CSR_UCONST95, {"uconst95", gem5::RiscvISA::MISCREG_UCONST95, <expression error>, gem5::RiscvISA::isaExtsFlags()}}, {gem5::RiscvISA::CSR_UCONST96, {"uconst96", gem5::RiscvISA::MISCREG_UCONST96, <expression error>, gem5::RiscvISA::isaExtsFlags()}}, {gem5::RiscvISA::CSR_UCONST97, {"uconst97", gem5::RiscvISA::MISCREG_UCONST97, <expression error>, gem5::RiscvISA::isaExtsFlags()}}, {gem5::RiscvISA::CSR_UCONST98, {"uconst98", gem5::RiscvISA::MISCREG_UCONST98, <expression error>, gem5::RiscvISA::isaExtsFlags()}}, {gem5::RiscvISA::CSR_UCONST99, {"uconst99", gem5::RiscvISA::MISCREG_UCONST99, <expression error>, gem5::RiscvISA::isaExtsFlags()}}, {gem5::RiscvISA::CSR_UCONST100, {"uconst100", gem5::RiscvISA::MISCREG_UCONST100, <expression error>, gem5::RiscvISA::isaExtsFlags()}}, {gem5::RiscvISA::CSR_UCONST101, {"uconst101", gem5::RiscvISA::MISCREG_UCONST101, <expression error>, gem5::RiscvISA::isaExtsFlags()}}, {gem5::RiscvISA::CSR_UCONST102, {"uconst102", gem5::RiscvISA::MISCREG_UCONST102, <expression error>, gem5::RiscvISA::isaExtsFlags()}}, {gem5::RiscvISA::CSR_UCONST103, {"uconst103", gem5::RiscvISA::MISCREG_UCONST103, <expression error>, gem5::RiscvISA::isaExtsFlags()}}, {gem5::RiscvISA::CSR_UCONST104, {"uconst104", gem5::RiscvISA::MISCREG_UCONST104, <expression error>, gem5::RiscvISA::isaExtsFlags()}}, {gem5::RiscvISA::CSR_UCONST105, {"uconst105", gem5::RiscvISA::MISCREG_UCONST105, <expression error>, gem5::RiscvISA::isaExtsFlags()}}, {gem5::RiscvISA::CSR_UCONST106, {"uconst106", gem5::RiscvISA::MISCREG_UCONST106, <expression error>, gem5::RiscvISA::isaExtsFlags()}}, {gem5::RiscvISA::CSR_UCONST107, {"uconst107", gem5::RiscvISA::MISCREG_UCONST107, <expression error>, gem5::RiscvISA::isaExtsFlags()}}, {gem5::RiscvISA::CSR_UCONST108, {"uconst108", gem5::RiscvISA::MISCREG_UCONST108, <expression error>, gem5::RiscvISA::isaExtsFlags()}}, {gem5::RiscvISA::CSR_UCONST109, {"uconst109", gem5::RiscvISA::MISCREG_UCONST109, <expression error>, gem5::RiscvISA::isaExtsFlags()}}, {gem5::RiscvISA::CSR_UCONST110, {"uconst110", gem5::RiscvISA::MISCREG_UCONST110, <expression error>, gem5::RiscvISA::isaExtsFlags()}}, {gem5::RiscvISA::CSR_UCONST111, {"uconst111", gem5::RiscvISA::MISCREG_UCONST111, <expression error>, gem5::RiscvISA::isaExtsFlags()}}, {gem5::RiscvISA::CSR_UCONST112, {"uconst112", gem5::RiscvISA::MISCREG_UCONST112, <expression error>, gem5::RiscvISA::isaExtsFlags()}}, {gem5::RiscvISA::CSR_UCONST113, {"uconst113", gem5::RiscvISA::MISCREG_UCONST113, <expression error>, gem5::RiscvISA::isaExtsFlags()}}, {gem5::RiscvISA::CSR_UCONST114, {"uconst114", gem5::RiscvISA::MISCREG_UCONST114, <expression error>, gem5::RiscvISA::isaExtsFlags()}}, {gem5::RiscvISA::CSR_UCONST115, {"uconst115", gem5::RiscvISA::MISCREG_UCONST115, <expression error>, gem5::RiscvISA::isaExtsFlags()}}, {gem5::RiscvISA::CSR_UCONST116, {"uconst116", gem5::RiscvISA::MISCREG_UCONST116, <expression error>, gem5::RiscvISA::isaExtsFlags()}}, {gem5::RiscvISA::CSR_UCONST117, {"uconst117", gem5::RiscvISA::MISCREG_UCONST117, <expression error>, gem5::RiscvISA::isaExtsFlags()}}, {gem5::RiscvISA::CSR_UCONST118, {"uconst118", gem5::RiscvISA::MISCREG_UCONST118, <expression error>, gem5::RiscvISA::isaExtsFlags()}}, {gem5::RiscvISA::CSR_UCONST119, {"uconst119", gem5::RiscvISA::MISCREG_UCONST119, <expression error>, gem5::RiscvISA::isaExtsFlags()}}, {gem5::RiscvISA::CSR_UCONST120, {"uconst120", gem5::RiscvISA::MISCREG_UCONST120, <expression error>, gem5::RiscvISA::isaExtsFlags()}}, {gem5::RiscvISA::CSR_UCONST121, {"uconst121", gem5::RiscvISA::MISCREG_UCONST121, <expression error>, gem5::RiscvISA::isaExtsFlags()}}, {gem5::RiscvISA::CSR_UCONST122, {"uconst122", gem5::RiscvISA::MISCREG_UCONST122, <expression error>, gem5::RiscvISA::isaExtsFlags()}}, {gem5::RiscvISA::CSR_UCONST123, {"uconst123", gem5::RiscvISA::MISCREG_UCONST123, <expression error>, gem5::RiscvISA::isaExtsFlags()}}, {gem5::RiscvISA::CSR_UCONST124, {"uconst124", gem5::RiscvISA::MISCREG_UCONST124, <expression error>, gem5::RiscvISA::isaExtsFlags()}}, {gem5::RiscvISA::CSR_UCONST125, {"uconst125", gem5::RiscvISA::MISCREG_UCONST125, <expression error>, gem5::RiscvISA::isaExtsFlags()}}, {gem5::RiscvISA::CSR_UCONST126, {"uconst126", gem5::RiscvISA::MISCREG_UCONST126, <expression error>, gem5::RiscvISA::isaExtsFlags()}}, {gem5::RiscvISA::CSR_UCONST127, {"uconst127", gem5::RiscvISA::MISCREG_UCONST127, <expression error>, gem5::RiscvISA::isaExtsFlags()}}, {gem5::RiscvISA::CSR_MHCR, {"mhcr", gem5::RiscvISA::MISCREG_MHCR, <expression error>, gem5::RiscvISA::isaExtsFlags()}}, {gem5::RiscvISA::CSR_MCOR, {"mcor", gem5::RiscvISA::MISCREG_MCOR, <expression error>, gem5::RiscvISA::isaExtsFlags()}}}’ from ‘<brace-enclosed initializer list>’ to ‘const std::unordered_map<int, gem5::RiscvISA::CSRMetadata>’
 1963 | };
      | ^
      | |
      | <brace-enclosed initializer list>
src/arch/riscv/regs/misc.hh:2047:6: error: ‘RV32’ was not declared in this scope; did you mean ‘gem5::enums::RV32’?
 2047 |     [RV32] = (sizeof(uint32_t) * 8 - 2),
      |      ^~~~
      |      gem5::enums::RV32
In file included from src/arch/riscv/regs/misc.hh:60,
                 from src/cpu/base.cc:53:
build/RISCV/enums/RiscvType.hh:15:9: note: ‘gem5::enums::RV32’ declared here
   15 |         RV32 = 0,
      |         ^~~~
In file included from src/cpu/base.cc:53:
src/arch/riscv/regs/misc.hh:2048:6: error: ‘RV64’ was not declared in this scope; did you mean ‘gem5::enums::RV64’?
 2048 |     [RV64] = (sizeof(uint64_t) * 8 - 2),
      |      ^~~~
      |      gem5::enums::RV64
In file included from src/arch/riscv/regs/misc.hh:60,
                 from src/cpu/base.cc:53:
build/RISCV/enums/RiscvType.hh:16:9: note: ‘gem5::enums::RV64’ declared here
   16 |         RV64 = 1,
      |         ^~~~
In file included from src/cpu/base.cc:53:
src/arch/riscv/regs/misc.hh:2051:6: error: ‘RV32’ was not declared in this scope; did you mean ‘gem5::enums::RV32’?
 2051 |     [RV32] = 5,
      |      ^~~~
      |      gem5::enums::RV32
In file included from src/arch/riscv/regs/misc.hh:60,
                 from src/cpu/base.cc:53:
build/RISCV/enums/RiscvType.hh:15:9: note: ‘gem5::enums::RV32’ declared here
   15 |         RV32 = 0,
      |         ^~~~
In file included from src/cpu/base.cc:53:
src/arch/riscv/regs/misc.hh:2052:6: error: ‘RV64’ was not declared in this scope; did you mean ‘gem5::enums::RV64’?
 2052 |     [RV64] = 37,
      |      ^~~~
      |      gem5::enums::RV64
In file included from src/arch/riscv/regs/misc.hh:60,
                 from src/cpu/base.cc:53:
build/RISCV/enums/RiscvType.hh:16:9: note: ‘gem5::enums::RV64’ declared here
   16 |         RV64 = 1,
      |         ^~~~
In file included from src/cpu/base.cc:53:
src/arch/riscv/regs/misc.hh:2055:6: error: ‘RV32’ was not declared in this scope; did you mean ‘gem5::enums::RV32’?
 2055 |     [RV32] = 4,
      |      ^~~~
      |      gem5::enums::RV32
In file included from src/arch/riscv/regs/misc.hh:60,
                 from src/cpu/base.cc:53:
build/RISCV/enums/RiscvType.hh:15:9: note: ‘gem5::enums::RV32’ declared here
   15 |         RV32 = 0,
      |         ^~~~
In file included from src/cpu/base.cc:53:
src/arch/riscv/regs/misc.hh:2056:6: error: ‘RV64’ was not declared in this scope; did you mean ‘gem5::enums::RV64’?
 2056 |     [RV64] = 36,
      |      ^~~~
      |      gem5::enums::RV64
In file included from src/arch/riscv/regs/misc.hh:60,
                 from src/cpu/base.cc:53:
build/RISCV/enums/RiscvType.hh:16:9: note: ‘gem5::enums::RV64’ declared here
   16 |         RV64 = 1,
      |         ^~~~
In file included from src/cpu/base.cc:53:
src/arch/riscv/regs/misc.hh:2065:6: error: ‘RV32’ was not declared in this scope; did you mean ‘gem5::enums::RV32’?
 2065 |     [RV32] = 3ULL << MXL_OFFSETS[RV32],
      |      ^~~~
      |      gem5::enums::RV32
In file included from src/arch/riscv/regs/misc.hh:60,
                 from src/cpu/base.cc:53:
build/RISCV/enums/RiscvType.hh:15:9: note: ‘gem5::enums::RV32’ declared here
   15 |         RV32 = 0,
      |         ^~~~
In file included from src/cpu/base.cc:53:
src/arch/riscv/regs/misc.hh:2065:34: error: ‘RV32’ was not declared in this scope; did you mean ‘gem5::enums::RV32’?
 2065 |     [RV32] = 3ULL << MXL_OFFSETS[RV32],
      |                                  ^~~~
      |                                  gem5::enums::RV32
In file included from src/arch/riscv/regs/misc.hh:60,
                 from src/cpu/base.cc:53:
build/RISCV/enums/RiscvType.hh:15:9: note: ‘gem5::enums::RV32’ declared here
   15 |         RV32 = 0,
      |         ^~~~
In file included from src/cpu/base.cc:53:
src/arch/riscv/regs/misc.hh:2066:6: error: ‘RV64’ was not declared in this scope; did you mean ‘gem5::enums::RV64’?
 2066 |     [RV64] = 3ULL << MXL_OFFSETS[RV64],
      |      ^~~~
      |      gem5::enums::RV64
In file included from src/arch/riscv/regs/misc.hh:60,
                 from src/cpu/base.cc:53:
build/RISCV/enums/RiscvType.hh:16:9: note: ‘gem5::enums::RV64’ declared here
   16 |         RV64 = 1,
      |         ^~~~
In file included from src/cpu/base.cc:53:
src/arch/riscv/regs/misc.hh:2066:34: error: ‘RV64’ was not declared in this scope; did you mean ‘gem5::enums::RV64’?
 2066 |     [RV64] = 3ULL << MXL_OFFSETS[RV64],
      |                                  ^~~~
      |                                  gem5::enums::RV64
In file included from src/arch/riscv/regs/misc.hh:60,
                 from src/cpu/base.cc:53:
build/RISCV/enums/RiscvType.hh:16:9: note: ‘gem5::enums::RV64’ declared here
   16 |         RV64 = 1,
      |         ^~~~
In file included from src/cpu/base.cc:53:
src/arch/riscv/regs/misc.hh:2071:6: error: ‘RV32’ was not declared in this scope; did you mean ‘gem5::enums::RV32’?
 2071 |     [RV32] = ISA_MXL_MASKS[RV32] | ISA_EXT_MASK,
      |      ^~~~
      |      gem5::enums::RV32
In file included from src/arch/riscv/regs/misc.hh:60,
                 from src/cpu/base.cc:53:
build/RISCV/enums/RiscvType.hh:15:9: note: ‘gem5::enums::RV32’ declared here
   15 |         RV32 = 0,
      |         ^~~~
In file included from src/cpu/base.cc:53:
src/arch/riscv/regs/misc.hh:2071:28: error: ‘RV32’ was not declared in this scope; did you mean ‘gem5::enums::RV32’?
 2071 |     [RV32] = ISA_MXL_MASKS[RV32] | ISA_EXT_MASK,
      |                            ^~~~
      |                            gem5::enums::RV32
In file included from src/arch/riscv/regs/misc.hh:60,
                 from src/cpu/base.cc:53:
build/RISCV/enums/RiscvType.hh:15:9: note: ‘gem5::enums::RV32’ declared here
   15 |         RV32 = 0,
      |         ^~~~
In file included from src/cpu/base.cc:53:
src/arch/riscv/regs/misc.hh:2072:6: error: ‘RV64’ was not declared in this scope; did you mean ‘gem5::enums::RV64’?
 2072 |     [RV64] = ISA_MXL_MASKS[RV64] | ISA_EXT_MASK,
      |      ^~~~
      |      gem5::enums::RV64
In file included from src/arch/riscv/regs/misc.hh:60,
                 from src/cpu/base.cc:53:
build/RISCV/enums/RiscvType.hh:16:9: note: ‘gem5::enums::RV64’ declared here
   16 |         RV64 = 1,
      |         ^~~~
In file included from src/cpu/base.cc:53:
src/arch/riscv/regs/misc.hh:2072:28: error: ‘RV64’ was not declared in this scope; did you mean ‘gem5::enums::RV64’?
 2072 |     [RV64] = ISA_MXL_MASKS[RV64] | ISA_EXT_MASK,
      |                            ^~~~
      |                            gem5::enums::RV64
In file included from src/arch/riscv/regs/misc.hh:60,
                 from src/cpu/base.cc:53:
build/RISCV/enums/RiscvType.hh:16:9: note: ‘gem5::enums::RV64’ declared here
   16 |         RV64 = 1,
      |         ^~~~
In file included from src/cpu/base.cc:53:
src/arch/riscv/regs/misc.hh:2077:6: error: ‘RV32’ was not declared in this scope; did you mean ‘gem5::enums::RV32’?
 2077 |     [RV32] = 1ULL << ((sizeof(uint32_t) * 8) - 1),
      |      ^~~~
      |      gem5::enums::RV32
In file included from src/arch/riscv/regs/misc.hh:60,
                 from src/cpu/base.cc:53:
build/RISCV/enums/RiscvType.hh:15:9: note: ‘gem5::enums::RV32’ declared here
   15 |         RV32 = 0,
      |         ^~~~
In file included from src/cpu/base.cc:53:
src/arch/riscv/regs/misc.hh:2078:6: error: ‘RV64’ was not declared in this scope; did you mean ‘gem5::enums::RV64’?
 2078 |     [RV64] = 1ULL << ((sizeof(uint64_t) * 8) - 1),
      |      ^~~~
      |      gem5::enums::RV64
In file included from src/arch/riscv/regs/misc.hh:60,
                 from src/cpu/base.cc:53:
build/RISCV/enums/RiscvType.hh:16:9: note: ‘gem5::enums::RV64’ declared here
   16 |         RV64 = 1,
      |         ^~~~
In file included from src/cpu/base.cc:53:
src/arch/riscv/regs/misc.hh:2081:6: error: ‘RV32’ was not declared in this scope; did you mean ‘gem5::enums::RV32’?
 2081 |     [RV32] = 1ULL << MBE_OFFSET[RV32],
      |      ^~~~
      |      gem5::enums::RV32
In file included from src/arch/riscv/regs/misc.hh:60,
                 from src/cpu/base.cc:53:
build/RISCV/enums/RiscvType.hh:15:9: note: ‘gem5::enums::RV32’ declared here
   15 |         RV32 = 0,
      |         ^~~~
In file included from src/cpu/base.cc:53:
src/arch/riscv/regs/misc.hh:2081:33: error: ‘RV32’ was not declared in this scope; did you mean ‘gem5::enums::RV32’?
 2081 |     [RV32] = 1ULL << MBE_OFFSET[RV32],
      |                                 ^~~~
      |                                 gem5::enums::RV32
In file included from src/arch/riscv/regs/misc.hh:60,
                 from src/cpu/base.cc:53:
build/RISCV/enums/RiscvType.hh:15:9: note: ‘gem5::enums::RV32’ declared here
   15 |         RV32 = 0,
      |         ^~~~
In file included from src/cpu/base.cc:53:
src/arch/riscv/regs/misc.hh:2082:6: error: ‘RV64’ was not declared in this scope; did you mean ‘gem5::enums::RV64’?
 2082 |     [RV64] = 1ULL << MBE_OFFSET[RV64],
      |      ^~~~
      |      gem5::enums::RV64
In file included from src/arch/riscv/regs/misc.hh:60,
                 from src/cpu/base.cc:53:
build/RISCV/enums/RiscvType.hh:16:9: note: ‘gem5::enums::RV64’ declared here
   16 |         RV64 = 1,
      |         ^~~~
In file included from src/cpu/base.cc:53:
src/arch/riscv/regs/misc.hh:2082:33: error: ‘RV64’ was not declared in this scope; did you mean ‘gem5::enums::RV64’?
 2082 |     [RV64] = 1ULL << MBE_OFFSET[RV64],
      |                                 ^~~~
      |                                 gem5::enums::RV64
In file included from src/arch/riscv/regs/misc.hh:60,
                 from src/cpu/base.cc:53:
build/RISCV/enums/RiscvType.hh:16:9: note: ‘gem5::enums::RV64’ declared here
   16 |         RV64 = 1,
      |         ^~~~
In file included from src/cpu/base.cc:53:
src/arch/riscv/regs/misc.hh:2085:6: error: ‘RV32’ was not declared in this scope; did you mean ‘gem5::enums::RV32’?
 2085 |     [RV32] = 1ULL << SBE_OFFSET[RV32],
      |      ^~~~
      |      gem5::enums::RV32
In file included from src/arch/riscv/regs/misc.hh:60,
                 from src/cpu/base.cc:53:
build/RISCV/enums/RiscvType.hh:15:9: note: ‘gem5::enums::RV32’ declared here
   15 |         RV32 = 0,
      |         ^~~~
In file included from src/cpu/base.cc:53:
src/arch/riscv/regs/misc.hh:2085:33: error: ‘RV32’ was not declared in this scope; did you mean ‘gem5::enums::RV32’?
 2085 |     [RV32] = 1ULL << SBE_OFFSET[RV32],
      |                                 ^~~~
      |                                 gem5::enums::RV32
In file included from src/arch/riscv/regs/misc.hh:60,
                 from src/cpu/base.cc:53:
build/RISCV/enums/RiscvType.hh:15:9: note: ‘gem5::enums::RV32’ declared here
   15 |         RV32 = 0,
      |         ^~~~
In file included from src/cpu/base.cc:53:
src/arch/riscv/regs/misc.hh:2086:6: error: ‘RV64’ was not declared in this scope; did you mean ‘gem5::enums::RV64’?
 2086 |     [RV64] = 1ULL << SBE_OFFSET[RV64],
      |      ^~~~
      |      gem5::enums::RV64
In file included from src/arch/riscv/regs/misc.hh:60,
                 from src/cpu/base.cc:53:
build/RISCV/enums/RiscvType.hh:16:9: note: ‘gem5::enums::RV64’ declared here
   16 |         RV64 = 1,
      |         ^~~~
In file included from src/cpu/base.cc:53:
src/arch/riscv/regs/misc.hh:2086:33: error: ‘RV64’ was not declared in this scope; did you mean ‘gem5::enums::RV64’?
 2086 |     [RV64] = 1ULL << SBE_OFFSET[RV64],
      |                                 ^~~~
      |                                 gem5::enums::RV64
In file included from src/arch/riscv/regs/misc.hh:60,
                 from src/cpu/base.cc:53:
build/RISCV/enums/RiscvType.hh:16:9: note: ‘gem5::enums::RV64’ declared here
   16 |         RV64 = 1,
      |         ^~~~
In file included from src/cpu/base.cc:53:
src/arch/riscv/regs/misc.hh:2108:44: error: ‘Num_PrivilegeModeSet’ is not a member of ‘gem5::enums’
 2108 | MSTATUS_MASKS[enums::Num_RiscvType][enums::Num_PrivilegeModeSet] = {
      |                                            ^~~~~~~~~~~~~~~~~~~~
src/arch/riscv/regs/misc.hh:2109:6: error: ‘RV32’ was not declared in this scope; did you mean ‘gem5::enums::RV32’?
 2109 |     [RV32] = {
      |      ^~~~
      |      gem5::enums::RV32
In file included from src/arch/riscv/regs/misc.hh:60,
                 from src/cpu/base.cc:53:
build/RISCV/enums/RiscvType.hh:15:9: note: ‘gem5::enums::RV32’ declared here
   15 |         RV32 = 0,
      |         ^~~~
In file included from src/cpu/base.cc:53:
src/arch/riscv/regs/misc.hh:2110:17: error: ‘M’ is not a member of ‘gem5::enums’
 2110 |         [enums::M] = STATUS_SD_MASKS[RV32] |
      |                 ^
src/arch/riscv/regs/misc.hh:2110:38: error: ‘RV32’ was not declared in this scope; did you mean ‘gem5::enums::RV32’?
 2110 |         [enums::M] = STATUS_SD_MASKS[RV32] |
      |                                      ^~~~
      |                                      gem5::enums::RV32
In file included from src/arch/riscv/regs/misc.hh:60,
                 from src/cpu/base.cc:53:
build/RISCV/enums/RiscvType.hh:15:9: note: ‘gem5::enums::RV32’ declared here
   15 |         RV32 = 0,
      |         ^~~~
In file included from src/cpu/base.cc:53:
src/arch/riscv/regs/misc.hh:2113:17: error: ‘MU’ is not a member of ‘gem5::enums’
 2113 |         [enums::MU] = STATUS_SD_MASKS[RV32] | STATUS_TW_MASK  |
      |                 ^~
src/arch/riscv/regs/misc.hh:2113:39: error: ‘RV32’ was not declared in this scope; did you mean ‘gem5::enums::RV32’?
 2113 |         [enums::MU] = STATUS_SD_MASKS[RV32] | STATUS_TW_MASK  |
      |                                       ^~~~
      |                                       gem5::enums::RV32
In file included from src/arch/riscv/regs/misc.hh:60,
                 from src/cpu/base.cc:53:
build/RISCV/enums/RiscvType.hh:15:9: note: ‘gem5::enums::RV32’ declared here
   15 |         RV32 = 0,
      |         ^~~~
In file included from src/cpu/base.cc:53:
src/arch/riscv/regs/misc.hh:2117:17: error: ‘MNU’ is not a member of ‘gem5::enums’
 2117 |         [enums::MNU] = STATUS_SD_MASKS[RV32] | STATUS_TW_MASK  |
      |                 ^~~
src/arch/riscv/regs/misc.hh:2117:40: error: ‘RV32’ was not declared in this scope; did you mean ‘gem5::enums::RV32’?
 2117 |         [enums::MNU] = STATUS_SD_MASKS[RV32] | STATUS_TW_MASK  |
      |                                        ^~~~
      |                                        gem5::enums::RV32
In file included from src/arch/riscv/regs/misc.hh:60,
                 from src/cpu/base.cc:53:
build/RISCV/enums/RiscvType.hh:15:9: note: ‘gem5::enums::RV32’ declared here
   15 |         RV32 = 0,
      |         ^~~~
In file included from src/cpu/base.cc:53:
src/arch/riscv/regs/misc.hh:2123:17: error: ‘MSU’ is not a member of ‘gem5::enums’
 2123 |         [enums::MSU] = STATUS_SD_MASKS[RV32] | STATUS_TSR_MASK |
      |                 ^~~
src/arch/riscv/regs/misc.hh:2123:40: error: ‘RV32’ was not declared in this scope; did you mean ‘gem5::enums::RV32’?
 2123 |         [enums::MSU] = STATUS_SD_MASKS[RV32] | STATUS_TSR_MASK |
      |                                        ^~~~
      |                                        gem5::enums::RV32
In file included from src/arch/riscv/regs/misc.hh:60,
                 from src/cpu/base.cc:53:
build/RISCV/enums/RiscvType.hh:15:9: note: ‘gem5::enums::RV32’ declared here
   15 |         RV32 = 0,
      |         ^~~~
In file included from src/cpu/base.cc:53:
src/arch/riscv/regs/misc.hh:2130:17: error: ‘MNSU’ is not a member of ‘gem5::enums’
 2130 |         [enums::MNSU] = STATUS_SD_MASKS[RV32] | STATUS_TSR_MASK |
      |                 ^~~~
src/arch/riscv/regs/misc.hh:2130:41: error: ‘RV32’ was not declared in this scope; did you mean ‘gem5::enums::RV32’?
 2130 |         [enums::MNSU] = STATUS_SD_MASKS[RV32] | STATUS_TSR_MASK |
      |                                         ^~~~
      |                                         gem5::enums::RV32
In file included from src/arch/riscv/regs/misc.hh:60,
                 from src/cpu/base.cc:53:
build/RISCV/enums/RiscvType.hh:15:9: note: ‘gem5::enums::RV32’ declared here
   15 |         RV32 = 0,
      |         ^~~~
In file included from src/cpu/base.cc:53:
src/arch/riscv/regs/misc.hh:2139:6: error: ‘RV64’ was not declared in this scope; did you mean ‘gem5::enums::RV64’?
 2139 |     [RV64] = {
      |      ^~~~
      |      gem5::enums::RV64
In file included from src/arch/riscv/regs/misc.hh:60,
                 from src/cpu/base.cc:53:
build/RISCV/enums/RiscvType.hh:16:9: note: ‘gem5::enums::RV64’ declared here
   16 |         RV64 = 1,
      |         ^~~~
In file included from src/cpu/base.cc:53:
src/arch/riscv/regs/misc.hh:2140:17: error: ‘M’ is not a member of ‘gem5::enums’
 2140 |         [enums::M] = STATUS_SD_MASKS[RV64] | STATUS_MBE_MASK[RV64] |
      |                 ^
src/arch/riscv/regs/misc.hh:2140:38: error: ‘RV64’ was not declared in this scope; did you mean ‘gem5::enums::RV64’?
 2140 |         [enums::M] = STATUS_SD_MASKS[RV64] | STATUS_MBE_MASK[RV64] |
      |                                      ^~~~
      |                                      gem5::enums::RV64
In file included from src/arch/riscv/regs/misc.hh:60,
                 from src/cpu/base.cc:53:
build/RISCV/enums/RiscvType.hh:16:9: note: ‘gem5::enums::RV64’ declared here
   16 |         RV64 = 1,
      |         ^~~~
In file included from src/cpu/base.cc:53:
src/arch/riscv/regs/misc.hh:2140:62: error: ‘RV64’ was not declared in this scope; did you mean ‘gem5::enums::RV64’?
 2140 |         [enums::M] = STATUS_SD_MASKS[RV64] | STATUS_MBE_MASK[RV64] |
      |                                                              ^~~~
      |                                                              gem5::enums::RV64
In file included from src/arch/riscv/regs/misc.hh:60,
                 from src/cpu/base.cc:53:
build/RISCV/enums/RiscvType.hh:16:9: note: ‘gem5::enums::RV64’ declared here
   16 |         RV64 = 1,
      |         ^~~~
In file included from src/cpu/base.cc:53:
src/arch/riscv/regs/misc.hh:2143:17: error: ‘MU’ is not a member of ‘gem5::enums’
 2143 |         [enums::MU] = STATUS_SD_MASKS[RV64] | STATUS_MBE_MASK[RV64] |
      |                 ^~
src/arch/riscv/regs/misc.hh:2143:39: error: ‘RV64’ was not declared in this scope; did you mean ‘gem5::enums::RV64’?
 2143 |         [enums::MU] = STATUS_SD_MASKS[RV64] | STATUS_MBE_MASK[RV64] |
      |                                       ^~~~
      |                                       gem5::enums::RV64
In file included from src/arch/riscv/regs/misc.hh:60,
                 from src/cpu/base.cc:53:
build/RISCV/enums/RiscvType.hh:16:9: note: ‘gem5::enums::RV64’ declared here
   16 |         RV64 = 1,
      |         ^~~~
In file included from src/cpu/base.cc:53:
src/arch/riscv/regs/misc.hh:2143:63: error: ‘RV64’ was not declared in this scope; did you mean ‘gem5::enums::RV64’?
 2143 |         [enums::MU] = STATUS_SD_MASKS[RV64] | STATUS_MBE_MASK[RV64] |
      |                                                               ^~~~
      |                                                               gem5::enums::RV64
In file included from src/arch/riscv/regs/misc.hh:60,
                 from src/cpu/base.cc:53:
build/RISCV/enums/RiscvType.hh:16:9: note: ‘gem5::enums::RV64’ declared here
   16 |         RV64 = 1,
      |         ^~~~
In file included from src/cpu/base.cc:53:
src/arch/riscv/regs/misc.hh:2147:17: error: ‘MNU’ is not a member of ‘gem5::enums’
 2147 |         [enums::MNU] = STATUS_SD_MASKS[RV64] | STATUS_MBE_MASK[RV64] |
      |                 ^~~
src/arch/riscv/regs/misc.hh:2147:40: error: ‘RV64’ was not declared in this scope; did you mean ‘gem5::enums::RV64’?
 2147 |         [enums::MNU] = STATUS_SD_MASKS[RV64] | STATUS_MBE_MASK[RV64] |
      |                                        ^~~~
      |                                        gem5::enums::RV64
In file included from src/arch/riscv/regs/misc.hh:60,
                 from src/cpu/base.cc:53:
build/RISCV/enums/RiscvType.hh:16:9: note: ‘gem5::enums::RV64’ declared here
   16 |         RV64 = 1,
      |         ^~~~
In file included from src/cpu/base.cc:53:
src/arch/riscv/regs/misc.hh:2147:64: error: ‘RV64’ was not declared in this scope; did you mean ‘gem5::enums::RV64’?
 2147 |         [enums::MNU] = STATUS_SD_MASKS[RV64] | STATUS_MBE_MASK[RV64] |
      |                                                                ^~~~
      |                                                                gem5::enums::RV64
In file included from src/arch/riscv/regs/misc.hh:60,
                 from src/cpu/base.cc:53:
build/RISCV/enums/RiscvType.hh:16:9: note: ‘gem5::enums::RV64’ declared here
   16 |         RV64 = 1,
      |         ^~~~
In file included from src/cpu/base.cc:53:
src/arch/riscv/regs/misc.hh:2153:17: error: ‘MSU’ is not a member of ‘gem5::enums’
 2153 |         [enums::MSU] = STATUS_SD_MASKS[RV64] |
      |                 ^~~
src/arch/riscv/regs/misc.hh:2153:40: error: ‘RV64’ was not declared in this scope; did you mean ‘gem5::enums::RV64’?
 2153 |         [enums::MSU] = STATUS_SD_MASKS[RV64] |
      |                                        ^~~~
      |                                        gem5::enums::RV64
In file included from src/arch/riscv/regs/misc.hh:60,
                 from src/cpu/base.cc:53:
build/RISCV/enums/RiscvType.hh:16:9: note: ‘gem5::enums::RV64’ declared here
   16 |         RV64 = 1,
      |         ^~~~
In file included from src/cpu/base.cc:53:
src/arch/riscv/regs/misc.hh:2154:40: error: ‘RV64’ was not declared in this scope; did you mean ‘gem5::enums::RV64’?
 2154 |                        STATUS_MBE_MASK[RV64] | STATUS_SBE_MASK[RV64] |
      |                                        ^~~~
      |                                        gem5::enums::RV64
In file included from src/arch/riscv/regs/misc.hh:60,
                 from src/cpu/base.cc:53:
build/RISCV/enums/RiscvType.hh:16:9: note: ‘gem5::enums::RV64’ declared here
   16 |         RV64 = 1,
      |         ^~~~
In file included from src/cpu/base.cc:53:
src/arch/riscv/regs/misc.hh:2154:64: error: ‘RV64’ was not declared in this scope; did you mean ‘gem5::enums::RV64’?
 2154 |                        STATUS_MBE_MASK[RV64] | STATUS_SBE_MASK[RV64] |
      |                                                                ^~~~
      |                                                                gem5::enums::RV64
In file included from src/arch/riscv/regs/misc.hh:60,
                 from src/cpu/base.cc:53:
build/RISCV/enums/RiscvType.hh:16:9: note: ‘gem5::enums::RV64’ declared here
   16 |         RV64 = 1,
      |         ^~~~
In file included from src/cpu/base.cc:53:
src/arch/riscv/regs/misc.hh:2162:17: error: ‘MNSU’ is not a member of ‘gem5::enums’
 2162 |         [enums::MNSU] = STATUS_SD_MASKS[RV64] |
      |                 ^~~~
src/arch/riscv/regs/misc.hh:2162:41: error: ‘RV64’ was not declared in this scope; did you mean ‘gem5::enums::RV64’?
 2162 |         [enums::MNSU] = STATUS_SD_MASKS[RV64] |
      |                                         ^~~~
      |                                         gem5::enums::RV64
In file included from src/arch/riscv/regs/misc.hh:60,
                 from src/cpu/base.cc:53:
build/RISCV/enums/RiscvType.hh:16:9: note: ‘gem5::enums::RV64’ declared here
   16 |         RV64 = 1,
      |         ^~~~
In file included from src/cpu/base.cc:53:
src/arch/riscv/regs/misc.hh:2163:40: error: ‘RV64’ was not declared in this scope; did you mean ‘gem5::enums::RV64’?
 2163 |                        STATUS_MBE_MASK[RV64] | STATUS_SBE_MASK[RV64] |
      |                                        ^~~~
      |                                        gem5::enums::RV64
In file included from src/arch/riscv/regs/misc.hh:60,
                 from src/cpu/base.cc:53:
build/RISCV/enums/RiscvType.hh:16:9: note: ‘gem5::enums::RV64’ declared here
   16 |         RV64 = 1,
      |         ^~~~
In file included from src/cpu/base.cc:53:
src/arch/riscv/regs/misc.hh:2163:64: error: ‘RV64’ was not declared in this scope; did you mean ‘gem5::enums::RV64’?
 2163 |                        STATUS_MBE_MASK[RV64] | STATUS_SBE_MASK[RV64] |
      |                                                                ^~~~
      |                                                                gem5::enums::RV64
In file included from src/arch/riscv/regs/misc.hh:60,
                 from src/cpu/base.cc:53:
build/RISCV/enums/RiscvType.hh:16:9: note: ‘gem5::enums::RV64’ declared here
   16 |         RV64 = 1,
      |         ^~~~
In file included from src/cpu/base.cc:53:
src/arch/riscv/regs/misc.hh:2174:36: error: ‘Num_PrivilegeModeSet’ is not a member of ‘gem5::enums’
 2174 | const RegVal MSTATUSH_MASKS[enums::Num_PrivilegeModeSet] = {
      |                                    ^~~~~~~~~~~~~~~~~~~~
src/arch/riscv/regs/misc.hh:2175:13: error: ‘M’ is not a member of ‘gem5::enums’
 2175 |     [enums::M] = STATUS_MBE_MASK[RV32],
      |             ^
src/arch/riscv/regs/misc.hh:2175:34: error: ‘RV32’ was not declared in this scope; did you mean ‘gem5::enums::RV32’?
 2175 |     [enums::M] = STATUS_MBE_MASK[RV32],
      |                                  ^~~~
      |                                  gem5::enums::RV32
In file included from src/arch/riscv/regs/misc.hh:60,
                 from src/cpu/base.cc:53:
build/RISCV/enums/RiscvType.hh:15:9: note: ‘gem5::enums::RV32’ declared here
   15 |         RV32 = 0,
      |         ^~~~
In file included from src/cpu/base.cc:53:
src/arch/riscv/regs/misc.hh:2176:13: error: ‘MU’ is not a member of ‘gem5::enums’
 2176 |     [enums::MU] = STATUS_MBE_MASK[RV32],
      |             ^~
src/arch/riscv/regs/misc.hh:2176:35: error: ‘RV32’ was not declared in this scope; did you mean ‘gem5::enums::RV32’?
 2176 |     [enums::MU] = STATUS_MBE_MASK[RV32],
      |                                   ^~~~
      |                                   gem5::enums::RV32
In file included from src/arch/riscv/regs/misc.hh:60,
                 from src/cpu/base.cc:53:
build/RISCV/enums/RiscvType.hh:15:9: note: ‘gem5::enums::RV32’ declared here
   15 |         RV32 = 0,
      |         ^~~~
In file included from src/cpu/base.cc:53:
src/arch/riscv/regs/misc.hh:2177:13: error: ‘MNU’ is not a member of ‘gem5::enums’
 2177 |     [enums::MNU] = STATUS_MBE_MASK[RV32],
      |             ^~~
src/arch/riscv/regs/misc.hh:2177:36: error: ‘RV32’ was not declared in this scope; did you mean ‘gem5::enums::RV32’?
 2177 |     [enums::MNU] = STATUS_MBE_MASK[RV32],
      |                                    ^~~~
      |                                    gem5::enums::RV32
In file included from src/arch/riscv/regs/misc.hh:60,
                 from src/cpu/base.cc:53:
build/RISCV/enums/RiscvType.hh:15:9: note: ‘gem5::enums::RV32’ declared here
   15 |         RV32 = 0,
      |         ^~~~
In file included from src/cpu/base.cc:53:
src/arch/riscv/regs/misc.hh:2178:13: error: ‘MSU’ is not a member of ‘gem5::enums’
 2178 |     [enums::MSU] = STATUS_MBE_MASK[RV32] | STATUS_SBE_MASK[RV32],
      |             ^~~
src/arch/riscv/regs/misc.hh:2178:36: error: ‘RV32’ was not declared in this scope; did you mean ‘gem5::enums::RV32’?
 2178 |     [enums::MSU] = STATUS_MBE_MASK[RV32] | STATUS_SBE_MASK[RV32],
      |                                    ^~~~
      |                                    gem5::enums::RV32
In file included from src/arch/riscv/regs/misc.hh:60,
                 from src/cpu/base.cc:53:
build/RISCV/enums/RiscvType.hh:15:9: note: ‘gem5::enums::RV32’ declared here
   15 |         RV32 = 0,
      |         ^~~~
In file included from src/cpu/base.cc:53:
src/arch/riscv/regs/misc.hh:2178:60: error: ‘RV32’ was not declared in this scope; did you mean ‘gem5::enums::RV32’?
 2178 |     [enums::MSU] = STATUS_MBE_MASK[RV32] | STATUS_SBE_MASK[RV32],
      |                                                            ^~~~
      |                                                            gem5::enums::RV32
In file included from src/arch/riscv/regs/misc.hh:60,
                 from src/cpu/base.cc:53:
build/RISCV/enums/RiscvType.hh:15:9: note: ‘gem5::enums::RV32’ declared here
   15 |         RV32 = 0,
      |         ^~~~
In file included from src/cpu/base.cc:53:
src/arch/riscv/regs/misc.hh:2179:13: error: ‘MNSU’ is not a member of ‘gem5::enums’
 2179 |     [enums::MNSU] = STATUS_MBE_MASK[RV32] | STATUS_SBE_MASK[RV32],
      |             ^~~~
src/arch/riscv/regs/misc.hh:2179:37: error: ‘RV32’ was not declared in this scope; did you mean ‘gem5::enums::RV32’?
 2179 |     [enums::MNSU] = STATUS_MBE_MASK[RV32] | STATUS_SBE_MASK[RV32],
      |                                     ^~~~
      |                                     gem5::enums::RV32
In file included from src/arch/riscv/regs/misc.hh:60,
                 from src/cpu/base.cc:53:
build/RISCV/enums/RiscvType.hh:15:9: note: ‘gem5::enums::RV32’ declared here
   15 |         RV32 = 0,
      |         ^~~~
In file included from src/cpu/base.cc:53:
src/arch/riscv/regs/misc.hh:2179:61: error: ‘RV32’ was not declared in this scope; did you mean ‘gem5::enums::RV32’?
 2179 |     [enums::MNSU] = STATUS_MBE_MASK[RV32] | STATUS_SBE_MASK[RV32],
      |                                                             ^~~~
      |                                                             gem5::enums::RV32
In file included from src/arch/riscv/regs/misc.hh:60,
                 from src/cpu/base.cc:53:
build/RISCV/enums/RiscvType.hh:15:9: note: ‘gem5::enums::RV32’ declared here
   15 |         RV32 = 0,
      |         ^~~~
In file included from src/cpu/base.cc:53:
src/arch/riscv/regs/misc.hh:2182:44: error: ‘Num_PrivilegeModeSet’ is not a member of ‘gem5::enums’
 2182 | SSTATUS_MASKS[enums::Num_RiscvType][enums::Num_PrivilegeModeSet] = {
      |                                            ^~~~~~~~~~~~~~~~~~~~
src/arch/riscv/regs/misc.hh:2183:6: error: ‘RV32’ was not declared in this scope; did you mean ‘gem5::enums::RV32’?
 2183 |     [RV32] = {
      |      ^~~~
      |      gem5::enums::RV32
In file included from src/arch/riscv/regs/misc.hh:60,
                 from src/cpu/base.cc:53:
build/RISCV/enums/RiscvType.hh:15:9: note: ‘gem5::enums::RV32’ declared here
   15 |         RV32 = 0,
      |         ^~~~
In file included from src/cpu/base.cc:53:
src/arch/riscv/regs/misc.hh:2184:17: error: ‘M’ is not a member of ‘gem5::enums’
 2184 |         [enums::M] = 0ULL,
      |                 ^
src/arch/riscv/regs/misc.hh:2185:17: error: ‘MU’ is not a member of ‘gem5::enums’
 2185 |         [enums::MU] = 0ULL,
      |                 ^~
src/arch/riscv/regs/misc.hh:2186:17: error: ‘MNU’ is not a member of ‘gem5::enums’
 2186 |         [enums::MNU] = 0ULL,
      |                 ^~~
src/arch/riscv/regs/misc.hh:2187:17: error: ‘MSU’ is not a member of ‘gem5::enums’
 2187 |         [enums::MSU] = STATUS_SD_MASKS[RV32] | STATUS_MXR_MASK |
      |                 ^~~
src/arch/riscv/regs/misc.hh:2187:40: error: ‘RV32’ was not declared in this scope; did you mean ‘gem5::enums::RV32’?
 2187 |         [enums::MSU] = STATUS_SD_MASKS[RV32] | STATUS_MXR_MASK |
      |                                        ^~~~
      |                                        gem5::enums::RV32
In file included from src/arch/riscv/regs/misc.hh:60,
                 from src/cpu/base.cc:53:
build/RISCV/enums/RiscvType.hh:15:9: note: ‘gem5::enums::RV32’ declared here
   15 |         RV32 = 0,
      |         ^~~~
In file included from src/cpu/base.cc:53:
src/arch/riscv/regs/misc.hh:2191:17: error: ‘MNSU’ is not a member of ‘gem5::enums’
 2191 |         [enums::MNSU] = STATUS_SD_MASKS[RV32] | STATUS_MXR_MASK |
      |                 ^~~~
src/arch/riscv/regs/misc.hh:2191:41: error: ‘RV32’ was not declared in this scope; did you mean ‘gem5::enums::RV32’?
 2191 |         [enums::MNSU] = STATUS_SD_MASKS[RV32] | STATUS_MXR_MASK |
      |                                         ^~~~
      |                                         gem5::enums::RV32
In file included from src/arch/riscv/regs/misc.hh:60,
                 from src/cpu/base.cc:53:
build/RISCV/enums/RiscvType.hh:15:9: note: ‘gem5::enums::RV32’ declared here
   15 |         RV32 = 0,
      |         ^~~~
In file included from src/cpu/base.cc:53:
src/arch/riscv/regs/misc.hh:2197:6: error: ‘RV64’ was not declared in this scope; did you mean ‘gem5::enums::RV64’?
 2197 |     [RV64] = {
      |      ^~~~
      |      gem5::enums::RV64
In file included from src/arch/riscv/regs/misc.hh:60,
                 from src/cpu/base.cc:53:
build/RISCV/enums/RiscvType.hh:16:9: note: ‘gem5::enums::RV64’ declared here
   16 |         RV64 = 1,
      |         ^~~~
In file included from src/cpu/base.cc:53:
src/arch/riscv/regs/misc.hh:2198:17: error: ‘M’ is not a member of ‘gem5::enums’
 2198 |         [enums::M] = 0ULL,
      |                 ^
src/arch/riscv/regs/misc.hh:2199:17: error: ‘MU’ is not a member of ‘gem5::enums’
 2199 |         [enums::MU] = 0ULL,
      |                 ^~
src/arch/riscv/regs/misc.hh:2200:17: error: ‘MNU’ is not a member of ‘gem5::enums’
 2200 |         [enums::MNU] = 0ULL,
      |                 ^~~
src/arch/riscv/regs/misc.hh:2201:17: error: ‘MSU’ is not a member of ‘gem5::enums’
 2201 |         [enums::MSU] = STATUS_SD_MASKS[RV64] | STATUS_UXL_MASK |
      |                 ^~~
src/arch/riscv/regs/misc.hh:2201:40: error: ‘RV64’ was not declared in this scope; did you mean ‘gem5::enums::RV64’?
 2201 |         [enums::MSU] = STATUS_SD_MASKS[RV64] | STATUS_UXL_MASK |
      |                                        ^~~~
      |                                        gem5::enums::RV64
In file included from src/arch/riscv/regs/misc.hh:60,
                 from src/cpu/base.cc:53:
build/RISCV/enums/RiscvType.hh:16:9: note: ‘gem5::enums::RV64’ declared here
   16 |         RV64 = 1,
      |         ^~~~
In file included from src/cpu/base.cc:53:
src/arch/riscv/regs/misc.hh:2205:17: error: ‘MNSU’ is not a member of ‘gem5::enums’
 2205 |         [enums::MNSU] = STATUS_SD_MASKS[RV64] | STATUS_UXL_MASK |
      |                 ^~~~
src/arch/riscv/regs/misc.hh:2205:41: error: ‘RV64’ was not declared in this scope; did you mean ‘gem5::enums::RV64’?
 2205 |         [enums::MNSU] = STATUS_SD_MASKS[RV64] | STATUS_UXL_MASK |
      |                                         ^~~~
      |                                         gem5::enums::RV64
In file included from src/arch/riscv/regs/misc.hh:60,
                 from src/cpu/base.cc:53:
build/RISCV/enums/RiscvType.hh:16:9: note: ‘gem5::enums::RV64’ declared here
   16 |         RV64 = 1,
      |         ^~~~
In file included from src/cpu/base.cc:53:
src/arch/riscv/regs/misc.hh:2213:44: error: ‘Num_PrivilegeModeSet’ is not a member of ‘gem5::enums’
 2213 | USTATUS_MASKS[enums::Num_RiscvType][enums::Num_PrivilegeModeSet] = {
      |                                            ^~~~~~~~~~~~~~~~~~~~
src/arch/riscv/regs/misc.hh:2214:6: error: ‘RV32’ was not declared in this scope; did you mean ‘gem5::enums::RV32’?
 2214 |     [RV32] = {
      |      ^~~~
      |      gem5::enums::RV32
In file included from src/arch/riscv/regs/misc.hh:60,
                 from src/cpu/base.cc:53:
build/RISCV/enums/RiscvType.hh:15:9: note: ‘gem5::enums::RV32’ declared here
   15 |         RV32 = 0,
      |         ^~~~
In file included from src/cpu/base.cc:53:
src/arch/riscv/regs/misc.hh:2215:17: error: ‘M’ is not a member of ‘gem5::enums’
 2215 |         [enums::M] = 0ULL,
      |                 ^
src/arch/riscv/regs/misc.hh:2216:17: error: ‘MU’ is not a member of ‘gem5::enums’
 2216 |         [enums::MU] = 0ULL,
      |                 ^~
src/arch/riscv/regs/misc.hh:2217:17: error: ‘MNU’ is not a member of ‘gem5::enums’
 2217 |         [enums::MNU] = STATUS_SD_MASKS[RV32] |
      |                 ^~~
src/arch/riscv/regs/misc.hh:2217:40: error: ‘RV32’ was not declared in this scope; did you mean ‘gem5::enums::RV32’?
 2217 |         [enums::MNU] = STATUS_SD_MASKS[RV32] |
      |                                        ^~~~
      |                                        gem5::enums::RV32
In file included from src/arch/riscv/regs/misc.hh:60,
                 from src/cpu/base.cc:53:
build/RISCV/enums/RiscvType.hh:15:9: note: ‘gem5::enums::RV32’ declared here
   15 |         RV32 = 0,
      |         ^~~~
In file included from src/cpu/base.cc:53:
src/arch/riscv/regs/misc.hh:2220:17: error: ‘MSU’ is not a member of ‘gem5::enums’
 2220 |         [enums::MSU] = 0ULL,
      |                 ^~~
src/arch/riscv/regs/misc.hh:2221:17: error: ‘MNSU’ is not a member of ‘gem5::enums’
 2221 |         [enums::MNSU] = STATUS_SD_MASKS[RV32] | STATUS_MXR_MASK |
      |                 ^~~~
src/arch/riscv/regs/misc.hh:2221:41: error: ‘RV32’ was not declared in this scope; did you mean ‘gem5::enums::RV32’?
 2221 |         [enums::MNSU] = STATUS_SD_MASKS[RV32] | STATUS_MXR_MASK |
      |                                         ^~~~
      |                                         gem5::enums::RV32
In file included from src/arch/riscv/regs/misc.hh:60,
                 from src/cpu/base.cc:53:
build/RISCV/enums/RiscvType.hh:15:9: note: ‘gem5::enums::RV32’ declared here
   15 |         RV32 = 0,
      |         ^~~~
In file included from src/cpu/base.cc:53:
src/arch/riscv/regs/misc.hh:2226:6: error: ‘RV64’ was not declared in this scope; did you mean ‘gem5::enums::RV64’?
 2226 |     [RV64] = {
      |      ^~~~
      |      gem5::enums::RV64
In file included from src/arch/riscv/regs/misc.hh:60,
                 from src/cpu/base.cc:53:
build/RISCV/enums/RiscvType.hh:16:9: note: ‘gem5::enums::RV64’ declared here
   16 |         RV64 = 1,
      |         ^~~~
In file included from src/cpu/base.cc:53:
src/arch/riscv/regs/misc.hh:2227:17: error: ‘M’ is not a member of ‘gem5::enums’
 2227 |         [enums::M] = 0ULL,
      |                 ^
src/arch/riscv/regs/misc.hh:2228:17: error: ‘MU’ is not a member of ‘gem5::enums’
 2228 |         [enums::MU] = 0ULL,
      |                 ^~
src/arch/riscv/regs/misc.hh:2229:17: error: ‘MNU’ is not a member of ‘gem5::enums’
 2229 |         [enums::MNU] = STATUS_SD_MASKS[RV64] |
      |                 ^~~
src/arch/riscv/regs/misc.hh:2229:40: error: ‘RV64’ was not declared in this scope; did you mean ‘gem5::enums::RV64’?
 2229 |         [enums::MNU] = STATUS_SD_MASKS[RV64] |
      |                                        ^~~~
      |                                        gem5::enums::RV64
In file included from src/arch/riscv/regs/misc.hh:60,
                 from src/cpu/base.cc:53:
build/RISCV/enums/RiscvType.hh:16:9: note: ‘gem5::enums::RV64’ declared here
   16 |         RV64 = 1,
      |         ^~~~
In file included from src/cpu/base.cc:53:
src/arch/riscv/regs/misc.hh:2232:17: error: ‘MSU’ is not a member of ‘gem5::enums’
 2232 |         [enums::MSU] = 0ULL,
      |                 ^~~
src/arch/riscv/regs/misc.hh:2233:17: error: ‘MNSU’ is not a member of ‘gem5::enums’
 2233 |         [enums::MNSU] = STATUS_SD_MASKS[RV64] | STATUS_MXR_MASK |
      |                 ^~~~
src/arch/riscv/regs/misc.hh:2233:41: error: ‘RV64’ was not declared in this scope; did you mean ‘gem5::enums::RV64’?
 2233 |         [enums::MNSU] = STATUS_SD_MASKS[RV64] | STATUS_MXR_MASK |
      |                                         ^~~~
      |                                         gem5::enums::RV64
In file included from src/arch/riscv/regs/misc.hh:60,
                 from src/cpu/base.cc:53:
build/RISCV/enums/RiscvType.hh:16:9: note: ‘gem5::enums::RV64’ declared here
   16 |         RV64 = 1,
      |         ^~~~
In file included from src/cpu/base.cc:53:
src/arch/riscv/regs/misc.hh:2250:29: error: ‘Num_PrivilegeModeSet’ is not a member of ‘gem5::enums’
 2250 | const RegVal MI_MASK[enums::Num_PrivilegeModeSet] = {
      |                             ^~~~~~~~~~~~~~~~~~~~
src/arch/riscv/regs/misc.hh:2251:13: error: ‘M’ is not a member of ‘gem5::enums’
 2251 |     [enums::M] = LOCAL_MASK | MEI_MASK| MTI_MASK | MSI_MASK,
      |             ^
src/arch/riscv/regs/misc.hh:2252:13: error: ‘MU’ is not a member of ‘gem5::enums’
 2252 |     [enums::MU] = LOCAL_MASK | MEI_MASK| MTI_MASK | MSI_MASK,
      |             ^~
src/arch/riscv/regs/misc.hh:2253:13: error: ‘MNU’ is not a member of ‘gem5::enums’
 2253 |     [enums::MNU] = LOCAL_MASK | MEI_MASK | UEI_MASK | MTI_MASK | UTI_MASK |
      |             ^~~
src/arch/riscv/regs/misc.hh:2255:13: error: ‘MSU’ is not a member of ‘gem5::enums’
 2255 |     [enums::MSU] = LOCAL_MASK | MEI_MASK | SEI_MASK | MTI_MASK | STI_MASK |
      |             ^~~
src/arch/riscv/regs/misc.hh:2257:13: error: ‘MNSU’ is not a member of ‘gem5::enums’
 2257 |     [enums::MNSU] = LOCAL_MASK | MEI_MASK | SEI_MASK | UEI_MASK |
      |             ^~~~
src/arch/riscv/regs/misc.hh:2261:29: error: ‘Num_PrivilegeModeSet’ is not a member of ‘gem5::enums’
 2261 | const RegVal SI_MASK[enums::Num_PrivilegeModeSet] = {
      |                             ^~~~~~~~~~~~~~~~~~~~
src/arch/riscv/regs/misc.hh:2262:13: error: ‘M’ is not a member of ‘gem5::enums’
 2262 |     [enums::M] = 0ULL,
      |             ^
src/arch/riscv/regs/misc.hh:2263:13: error: ‘MU’ is not a member of ‘gem5::enums’
 2263 |     [enums::MU] = 0ULL,
      |             ^~
src/arch/riscv/regs/misc.hh:2264:13: error: ‘MNU’ is not a member of ‘gem5::enums’
 2264 |     [enums::MNU] = UEI_MASK | UTI_MASK | USI_MASK,
      |             ^~~
src/arch/riscv/regs/misc.hh:2265:13: error: ‘MSU’ is not a member of ‘gem5::enums’
 2265 |     [enums::MSU] = SEI_MASK | STI_MASK | SSI_MASK,
      |             ^~~
src/arch/riscv/regs/misc.hh:2266:13: error: ‘MNSU’ is not a member of ‘gem5::enums’
 2266 |     [enums::MNSU] = SEI_MASK | UEI_MASK |
      |             ^~~~
src/arch/riscv/regs/misc.hh:2270:29: error: ‘Num_PrivilegeModeSet’ is not a member of ‘gem5::enums’
 2270 | const RegVal UI_MASK[enums::Num_PrivilegeModeSet] = {
      |                             ^~~~~~~~~~~~~~~~~~~~
src/arch/riscv/regs/misc.hh:2271:13: error: ‘M’ is not a member of ‘gem5::enums’
 2271 |     [enums::M] = 0ULL,
      |             ^
src/arch/riscv/regs/misc.hh:2272:13: error: ‘MU’ is not a member of ‘gem5::enums’
 2272 |     [enums::MU] = 0ULL,
      |             ^~
src/arch/riscv/regs/misc.hh:2273:13: error: ‘MNU’ is not a member of ‘gem5::enums’
 2273 |     [enums::MNU] = UEI_MASK | UTI_MASK | USI_MASK,
      |             ^~~
src/arch/riscv/regs/misc.hh:2274:13: error: ‘MSU’ is not a member of ‘gem5::enums’
 2274 |     [enums::MSU] = 0ULL,
      |             ^~~
src/arch/riscv/regs/misc.hh:2275:13: error: ‘MNSU’ is not a member of ‘gem5::enums’
 2275 |     [enums::MNSU] = UEI_MASK | UTI_MASK | USI_MASK,
      |             ^~~~
src/arch/riscv/regs/misc.hh:2281:6: error: ‘RV32’ was not declared in this scope; did you mean ‘gem5::enums::RV32’?
 2281 |     [RV32] = (1ULL << 31),
      |      ^~~~
      |      gem5::enums::RV32
In file included from src/arch/riscv/regs/misc.hh:60,
                 from src/cpu/base.cc:53:
build/RISCV/enums/RiscvType.hh:15:9: note: ‘gem5::enums::RV32’ declared here
   15 |         RV32 = 0,
      |         ^~~~
In file included from src/cpu/base.cc:53:
src/arch/riscv/regs/misc.hh:2282:6: error: ‘RV64’ was not declared in this scope; did you mean ‘gem5::enums::RV64’?
 2282 |     [RV64] = (1ULL << 63),
      |      ^~~~
      |      gem5::enums::RV64
In file included from src/arch/riscv/regs/misc.hh:60,
                 from src/cpu/base.cc:53:
build/RISCV/enums/RiscvType.hh:16:9: note: ‘gem5::enums::RV64’ declared here
   16 |         RV64 = 1,
      |         ^~~~
In file included from src/cpu/base.cc:53:
src/arch/riscv/regs/misc.hh:2286:39: error: ‘Num_PrivilegeModeSet’ is not a member of ‘gem5::enums’
 2286 | CSRMasks[enums::Num_RiscvType][enums::Num_PrivilegeModeSet] = {
      |                                       ^~~~~~~~~~~~~~~~~~~~
src/arch/riscv/regs/misc.hh:2287:6: error: ‘RV32’ was not declared in this scope; did you mean ‘gem5::enums::RV32’?
 2287 |     [RV32] = {
      |      ^~~~
      |      gem5::enums::RV32
In file included from src/arch/riscv/regs/misc.hh:60,
                 from src/cpu/base.cc:53:
build/RISCV/enums/RiscvType.hh:15:9: note: ‘gem5::enums::RV32’ declared here
   15 |         RV32 = 0,
      |         ^~~~
In file included from src/cpu/base.cc:53:
src/arch/riscv/regs/misc.hh:2288:17: error: ‘M’ is not a member of ‘gem5::enums’
 2288 |         [enums::M] = {
      |                 ^
src/arch/riscv/regs/misc.hh:2289:27: error: ‘USTATUS_MASKS’ was not declared in this scope; did you mean ‘STATUS_SD_MASKS’?
 2289 |             {CSR_USTATUS, USTATUS_MASKS[RV32][enums::M]},
      |                           ^~~~~~~~~~~~~
      |                           STATUS_SD_MASKS
src/arch/riscv/regs/misc.hh:2289:41: error: ‘RV32’ was not declared in this scope; did you mean ‘gem5::enums::RV32’?
 2289 |             {CSR_USTATUS, USTATUS_MASKS[RV32][enums::M]},
      |                                         ^~~~
      |                                         gem5::enums::RV32
In file included from src/arch/riscv/regs/misc.hh:60,
                 from src/cpu/base.cc:53:
build/RISCV/enums/RiscvType.hh:15:9: note: ‘gem5::enums::RV32’ declared here
   15 |         RV32 = 0,
      |         ^~~~
In file included from src/cpu/base.cc:53:
src/arch/riscv/regs/misc.hh:2289:54: error: ‘M’ is not a member of ‘gem5::enums’
 2289 |             {CSR_USTATUS, USTATUS_MASKS[RV32][enums::M]},
      |                                                      ^
src/arch/riscv/regs/misc.hh:2290:23: error: ‘UI_MASK’ was not declared in this scope; did you mean ‘UTI_MASK’?
 2290 |             {CSR_UIE, UI_MASK[enums::M]},
      |                       ^~~~~~~
      |                       UTI_MASK
src/arch/riscv/regs/misc.hh:2290:38: error: ‘M’ is not a member of ‘gem5::enums’
 2290 |             {CSR_UIE, UI_MASK[enums::M]},
      |                                      ^
src/arch/riscv/regs/misc.hh:2291:23: error: ‘UI_MASK’ was not declared in this scope; did you mean ‘UTI_MASK’?
 2291 |             {CSR_UIP, UI_MASK[enums::M]},
      |                       ^~~~~~~
      |                       UTI_MASK
src/arch/riscv/regs/misc.hh:2291:38: error: ‘M’ is not a member of ‘gem5::enums’
 2291 |             {CSR_UIP, UI_MASK[enums::M]},
      |                                      ^
src/arch/riscv/regs/misc.hh:2295:27: error: ‘SSTATUS_MASKS’ was not declared in this scope; did you mean ‘STATUS_SD_MASKS’?
 2295 |             {CSR_SSTATUS, SSTATUS_MASKS[RV32][enums::M]},
      |                           ^~~~~~~~~~~~~
      |                           STATUS_SD_MASKS
src/arch/riscv/regs/misc.hh:2295:41: error: ‘RV32’ was not declared in this scope; did you mean ‘gem5::enums::RV32’?
 2295 |             {CSR_SSTATUS, SSTATUS_MASKS[RV32][enums::M]},
      |                                         ^~~~
      |                                         gem5::enums::RV32
In file included from src/arch/riscv/regs/misc.hh:60,
                 from src/cpu/base.cc:53:
build/RISCV/enums/RiscvType.hh:15:9: note: ‘gem5::enums::RV32’ declared here
   15 |         RV32 = 0,
      |         ^~~~
In file included from src/cpu/base.cc:53:
src/arch/riscv/regs/misc.hh:2295:54: error: ‘M’ is not a member of ‘gem5::enums’
 2295 |             {CSR_SSTATUS, SSTATUS_MASKS[RV32][enums::M]},
      |                                                      ^
src/arch/riscv/regs/misc.hh:2296:23: error: ‘SI_MASK’ was not declared in this scope; did you mean ‘USI_MASK’?
 2296 |             {CSR_SIE, SI_MASK[enums::M]},
      |                       ^~~~~~~
      |                       USI_MASK
src/arch/riscv/regs/misc.hh:2296:38: error: ‘M’ is not a member of ‘gem5::enums’
 2296 |             {CSR_SIE, SI_MASK[enums::M]},
      |                                      ^
src/arch/riscv/regs/misc.hh:2297:23: error: ‘SI_MASK’ was not declared in this scope; did you mean ‘USI_MASK’?
 2297 |             {CSR_SIP, SI_MASK[enums::M]},
      |                       ^~~~~~~
      |                       USI_MASK
src/arch/riscv/regs/misc.hh:2297:38: error: ‘M’ is not a member of ‘gem5::enums’
 2297 |             {CSR_SIP, SI_MASK[enums::M]},
      |                                      ^
src/arch/riscv/regs/misc.hh:2298:27: error: ‘MSTATUS_MASKS’ was not declared in this scope; did you mean ‘STATUS_SD_MASKS’?
 2298 |             {CSR_MSTATUS, MSTATUS_MASKS[RV32][enums::M]},
      |                           ^~~~~~~~~~~~~
      |                           STATUS_SD_MASKS
src/arch/riscv/regs/misc.hh:2298:41: error: ‘RV32’ was not declared in this scope; did you mean ‘gem5::enums::RV32’?
 2298 |             {CSR_MSTATUS, MSTATUS_MASKS[RV32][enums::M]},
      |                                         ^~~~
      |                                         gem5::enums::RV32
In file included from src/arch/riscv/regs/misc.hh:60,
                 from src/cpu/base.cc:53:
build/RISCV/enums/RiscvType.hh:15:9: note: ‘gem5::enums::RV32’ declared here
   15 |         RV32 = 0,
      |         ^~~~
In file included from src/cpu/base.cc:53:
src/arch/riscv/regs/misc.hh:2298:54: error: ‘M’ is not a member of ‘gem5::enums’
 2298 |             {CSR_MSTATUS, MSTATUS_MASKS[RV32][enums::M]},
      |                                                      ^
src/arch/riscv/regs/misc.hh:2299:35: error: ‘RV32’ was not declared in this scope; did you mean ‘gem5::enums::RV32’?
 2299 |             {CSR_MISA, MISA_MASKS[RV32]},
      |                                   ^~~~
      |                                   gem5::enums::RV32
In file included from src/arch/riscv/regs/misc.hh:60,
                 from src/cpu/base.cc:53:
build/RISCV/enums/RiscvType.hh:15:9: note: ‘gem5::enums::RV32’ declared here
   15 |         RV32 = 0,
      |         ^~~~
In file included from src/cpu/base.cc:53:
src/arch/riscv/regs/misc.hh:2300:23: error: ‘MI_MASK’ was not declared in this scope; did you mean ‘MTI_MASK’?
 2300 |             {CSR_MIE, MI_MASK[enums::M]},
      |                       ^~~~~~~
      |                       MTI_MASK
src/arch/riscv/regs/misc.hh:2300:38: error: ‘M’ is not a member of ‘gem5::enums’
 2300 |             {CSR_MIE, MI_MASK[enums::M]},
      |                                      ^
src/arch/riscv/regs/misc.hh:2301:28: error: ‘MSTATUSH_MASKS’ was not declared in this scope; did you mean ‘STATUS_SD_MASKS’?
 2301 |             {CSR_MSTATUSH, MSTATUSH_MASKS[enums::M]},
      |                            ^~~~~~~~~~~~~~
      |                            STATUS_SD_MASKS
src/arch/riscv/regs/misc.hh:2301:50: error: ‘M’ is not a member of ‘gem5::enums’
 2301 |             {CSR_MSTATUSH, MSTATUSH_MASKS[enums::M]},
      |                                                  ^
src/arch/riscv/regs/misc.hh:2302:23: error: ‘MI_MASK’ was not declared in this scope; did you mean ‘MTI_MASK’?
 2302 |             {CSR_MIP, MI_MASK[enums::M]},
      |                       ^~~~~~~
      |                       MTI_MASK
src/arch/riscv/regs/misc.hh:2302:38: error: ‘M’ is not a member of ‘gem5::enums’
 2302 |             {CSR_MIP, MI_MASK[enums::M]},
      |                                      ^
src/arch/riscv/regs/misc.hh:2304:17: error: ‘MU’ is not a member of ‘gem5::enums’
 2304 |         [enums::MU] = {
      |                 ^~
src/arch/riscv/regs/misc.hh:2305:27: error: ‘USTATUS_MASKS’ was not declared in this scope; did you mean ‘STATUS_SD_MASKS’?
 2305 |             {CSR_USTATUS, USTATUS_MASKS[RV32][enums::MU]},
      |                           ^~~~~~~~~~~~~
      |                           STATUS_SD_MASKS
src/arch/riscv/regs/misc.hh:2305:41: error: ‘RV32’ was not declared in this scope; did you mean ‘gem5::enums::RV32’?
 2305 |             {CSR_USTATUS, USTATUS_MASKS[RV32][enums::MU]},
      |                                         ^~~~
      |                                         gem5::enums::RV32
In file included from src/arch/riscv/regs/misc.hh:60,
                 from src/cpu/base.cc:53:
build/RISCV/enums/RiscvType.hh:15:9: note: ‘gem5::enums::RV32’ declared here
   15 |         RV32 = 0,
      |         ^~~~
In file included from src/cpu/base.cc:53:
src/arch/riscv/regs/misc.hh:2305:54: error: ‘MU’ is not a member of ‘gem5::enums’
 2305 |             {CSR_USTATUS, USTATUS_MASKS[RV32][enums::MU]},
      |                                                      ^~
src/arch/riscv/regs/misc.hh:2306:23: error: ‘UI_MASK’ was not declared in this scope; did you mean ‘UTI_MASK’?
 2306 |             {CSR_UIE, UI_MASK[enums::MU]},
      |                       ^~~~~~~
      |                       UTI_MASK
src/arch/riscv/regs/misc.hh:2306:38: error: ‘MU’ is not a member of ‘gem5::enums’
 2306 |             {CSR_UIE, UI_MASK[enums::MU]},
      |                                      ^~
src/arch/riscv/regs/misc.hh:2307:23: error: ‘UI_MASK’ was not declared in this scope; did you mean ‘UTI_MASK’?
 2307 |             {CSR_UIP, UI_MASK[enums::MU]},
      |                       ^~~~~~~
      |                       UTI_MASK
src/arch/riscv/regs/misc.hh:2307:38: error: ‘MU’ is not a member of ‘gem5::enums’
 2307 |             {CSR_UIP, UI_MASK[enums::MU]},
      |                                      ^~
src/arch/riscv/regs/misc.hh:2311:27: error: ‘SSTATUS_MASKS’ was not declared in this scope; did you mean ‘STATUS_SD_MASKS’?
 2311 |             {CSR_SSTATUS, SSTATUS_MASKS[RV32][enums::MU]},
      |                           ^~~~~~~~~~~~~
      |                           STATUS_SD_MASKS
src/arch/riscv/regs/misc.hh:2311:41: error: ‘RV32’ was not declared in this scope; did you mean ‘gem5::enums::RV32’?
 2311 |             {CSR_SSTATUS, SSTATUS_MASKS[RV32][enums::MU]},
      |                                         ^~~~
      |                                         gem5::enums::RV32
In file included from src/arch/riscv/regs/misc.hh:60,
                 from src/cpu/base.cc:53:
build/RISCV/enums/RiscvType.hh:15:9: note: ‘gem5::enums::RV32’ declared here
   15 |         RV32 = 0,
      |         ^~~~
In file included from src/cpu/base.cc:53:
src/arch/riscv/regs/misc.hh:2311:54: error: ‘MU’ is not a member of ‘gem5::enums’
 2311 |             {CSR_SSTATUS, SSTATUS_MASKS[RV32][enums::MU]},
      |                                                      ^~
src/arch/riscv/regs/misc.hh:2312:23: error: ‘SI_MASK’ was not declared in this scope; did you mean ‘USI_MASK’?
 2312 |             {CSR_SIE, SI_MASK[enums::MU]},
      |                       ^~~~~~~
      |                       USI_MASK
src/arch/riscv/regs/misc.hh:2312:38: error: ‘MU’ is not a member of ‘gem5::enums’
 2312 |             {CSR_SIE, SI_MASK[enums::MU]},
      |                                      ^~
src/arch/riscv/regs/misc.hh:2313:23: error: ‘SI_MASK’ was not declared in this scope; did you mean ‘USI_MASK’?
 2313 |             {CSR_SIP, SI_MASK[enums::MU]},
      |                       ^~~~~~~
      |                       USI_MASK
src/arch/riscv/regs/misc.hh:2313:38: error: ‘MU’ is not a member of ‘gem5::enums’
 2313 |             {CSR_SIP, SI_MASK[enums::MU]},
      |                                      ^~
src/arch/riscv/regs/misc.hh:2314:27: error: ‘MSTATUS_MASKS’ was not declared in this scope; did you mean ‘STATUS_SD_MASKS’?
 2314 |             {CSR_MSTATUS, MSTATUS_MASKS[RV32][enums::MU]},
      |                           ^~~~~~~~~~~~~
      |                           STATUS_SD_MASKS
src/arch/riscv/regs/misc.hh:2314:41: error: ‘RV32’ was not declared in this scope; did you mean ‘gem5::enums::RV32’?
 2314 |             {CSR_MSTATUS, MSTATUS_MASKS[RV32][enums::MU]},
      |                                         ^~~~
      |                                         gem5::enums::RV32
In file included from src/arch/riscv/regs/misc.hh:60,
                 from src/cpu/base.cc:53:
build/RISCV/enums/RiscvType.hh:15:9: note: ‘gem5::enums::RV32’ declared here
   15 |         RV32 = 0,
      |         ^~~~
In file included from src/cpu/base.cc:53:
src/arch/riscv/regs/misc.hh:2314:54: error: ‘MU’ is not a member of ‘gem5::enums’
 2314 |             {CSR_MSTATUS, MSTATUS_MASKS[RV32][enums::MU]},
      |                                                      ^~
src/arch/riscv/regs/misc.hh:2315:35: error: ‘RV32’ was not declared in this scope; did you mean ‘gem5::enums::RV32’?
 2315 |             {CSR_MISA, MISA_MASKS[RV32]},
      |                                   ^~~~
      |                                   gem5::enums::RV32
In file included from src/arch/riscv/regs/misc.hh:60,
                 from src/cpu/base.cc:53:
build/RISCV/enums/RiscvType.hh:15:9: note: ‘gem5::enums::RV32’ declared here
   15 |         RV32 = 0,
      |         ^~~~
In file included from src/cpu/base.cc:53:
src/arch/riscv/regs/misc.hh:2316:23: error: ‘MI_MASK’ was not declared in this scope; did you mean ‘MTI_MASK’?
 2316 |             {CSR_MIE, MI_MASK[enums::MU]},
      |                       ^~~~~~~
      |                       MTI_MASK
src/arch/riscv/regs/misc.hh:2316:38: error: ‘MU’ is not a member of ‘gem5::enums’
 2316 |             {CSR_MIE, MI_MASK[enums::MU]},
      |                                      ^~
src/arch/riscv/regs/misc.hh:2317:28: error: ‘MSTATUSH_MASKS’ was not declared in this scope; did you mean ‘STATUS_SD_MASKS’?
 2317 |             {CSR_MSTATUSH, MSTATUSH_MASKS[enums::MU]},
      |                            ^~~~~~~~~~~~~~
      |                            STATUS_SD_MASKS
src/arch/riscv/regs/misc.hh:2317:50: error: ‘MU’ is not a member of ‘gem5::enums’
 2317 |             {CSR_MSTATUSH, MSTATUSH_MASKS[enums::MU]},
      |                                                  ^~
src/arch/riscv/regs/misc.hh:2318:23: error: ‘MI_MASK’ was not declared in this scope; did you mean ‘MTI_MASK’?
 2318 |             {CSR_MIP, MI_MASK[enums::MU]},
      |                       ^~~~~~~
      |                       MTI_MASK
src/arch/riscv/regs/misc.hh:2318:38: error: ‘MU’ is not a member of ‘gem5::enums’
 2318 |             {CSR_MIP, MI_MASK[enums::MU]},
      |                                      ^~
src/arch/riscv/regs/misc.hh:2320:17: error: ‘MNU’ is not a member of ‘gem5::enums’
 2320 |         [enums::MNU] = {
      |                 ^~~
src/arch/riscv/regs/misc.hh:2321:27: error: ‘USTATUS_MASKS’ was not declared in this scope; did you mean ‘STATUS_SD_MASKS’?
 2321 |             {CSR_USTATUS, USTATUS_MASKS[RV32][enums::MNU]},
      |                           ^~~~~~~~~~~~~
      |                           STATUS_SD_MASKS
src/arch/riscv/regs/misc.hh:2321:41: error: ‘RV32’ was not declared in this scope; did you mean ‘gem5::enums::RV32’?
 2321 |             {CSR_USTATUS, USTATUS_MASKS[RV32][enums::MNU]},
      |                                         ^~~~
      |                                         gem5::enums::RV32
In file included from src/arch/riscv/regs/misc.hh:60,
                 from src/cpu/base.cc:53:
build/RISCV/enums/RiscvType.hh:15:9: note: ‘gem5::enums::RV32’ declared here
   15 |         RV32 = 0,
      |         ^~~~
In file included from src/cpu/base.cc:53:
src/arch/riscv/regs/misc.hh:2321:54: error: ‘MNU’ is not a member of ‘gem5::enums’
 2321 |             {CSR_USTATUS, USTATUS_MASKS[RV32][enums::MNU]},
      |                                                      ^~~
src/arch/riscv/regs/misc.hh:2322:23: error: ‘UI_MASK’ was not declared in this scope; did you mean ‘UTI_MASK’?
 2322 |             {CSR_UIE, UI_MASK[enums::MNU]},
      |                       ^~~~~~~
      |                       UTI_MASK
src/arch/riscv/regs/misc.hh:2322:38: error: ‘MNU’ is not a member of ‘gem5::enums’
 2322 |             {CSR_UIE, UI_MASK[enums::MNU]},
      |                                      ^~~
src/arch/riscv/regs/misc.hh:2323:23: error: ‘UI_MASK’ was not declared in this scope; did you mean ‘UTI_MASK’?
 2323 |             {CSR_UIP, UI_MASK[enums::MNU]},
      |                       ^~~~~~~
      |                       UTI_MASK
src/arch/riscv/regs/misc.hh:2323:38: error: ‘MNU’ is not a member of ‘gem5::enums’
 2323 |             {CSR_UIP, UI_MASK[enums::MNU]},
      |                                      ^~~
src/arch/riscv/regs/misc.hh:2327:27: error: ‘SSTATUS_MASKS’ was not declared in this scope; did you mean ‘STATUS_SD_MASKS’?
 2327 |             {CSR_SSTATUS, SSTATUS_MASKS[RV32][enums::MNU]},
      |                           ^~~~~~~~~~~~~
      |                           STATUS_SD_MASKS
src/arch/riscv/regs/misc.hh:2327:41: error: ‘RV32’ was not declared in this scope; did you mean ‘gem5::enums::RV32’?
 2327 |             {CSR_SSTATUS, SSTATUS_MASKS[RV32][enums::MNU]},
      |                                         ^~~~
      |                                         gem5::enums::RV32
In file included from src/arch/riscv/regs/misc.hh:60,
                 from src/cpu/base.cc:53:
build/RISCV/enums/RiscvType.hh:15:9: note: ‘gem5::enums::RV32’ declared here
   15 |         RV32 = 0,
      |         ^~~~
In file included from src/cpu/base.cc:53:
src/arch/riscv/regs/misc.hh:2327:54: error: ‘MNU’ is not a member of ‘gem5::enums’
 2327 |             {CSR_SSTATUS, SSTATUS_MASKS[RV32][enums::MNU]},
      |                                                      ^~~
src/arch/riscv/regs/misc.hh:2328:23: error: ‘SI_MASK’ was not declared in this scope; did you mean ‘USI_MASK’?
 2328 |             {CSR_SIE, SI_MASK[enums::MNU]},
      |                       ^~~~~~~
      |                       USI_MASK
src/arch/riscv/regs/misc.hh:2328:38: error: ‘MNU’ is not a member of ‘gem5::enums’
 2328 |             {CSR_SIE, SI_MASK[enums::MNU]},
      |                                      ^~~
src/arch/riscv/regs/misc.hh:2329:23: error: ‘SI_MASK’ was not declared in this scope; did you mean ‘USI_MASK’?
 2329 |             {CSR_SIP, SI_MASK[enums::MNU]},
      |                       ^~~~~~~
      |                       USI_MASK
src/arch/riscv/regs/misc.hh:2329:38: error: ‘MNU’ is not a member of ‘gem5::enums’
 2329 |             {CSR_SIP, SI_MASK[enums::MNU]},
      |                                      ^~~
src/arch/riscv/regs/misc.hh:2330:27: error: ‘MSTATUS_MASKS’ was not declared in this scope; did you mean ‘STATUS_SD_MASKS’?
 2330 |             {CSR_MSTATUS, MSTATUS_MASKS[RV32][enums::MNU]},
      |                           ^~~~~~~~~~~~~
      |                           STATUS_SD_MASKS
src/arch/riscv/regs/misc.hh:2330:41: error: ‘RV32’ was not declared in this scope; did you mean ‘gem5::enums::RV32’?
 2330 |             {CSR_MSTATUS, MSTATUS_MASKS[RV32][enums::MNU]},
      |                                         ^~~~
      |                                         gem5::enums::RV32
In file included from src/arch/riscv/regs/misc.hh:60,
                 from src/cpu/base.cc:53:
build/RISCV/enums/RiscvType.hh:15:9: note: ‘gem5::enums::RV32’ declared here
   15 |         RV32 = 0,
      |         ^~~~
In file included from src/cpu/base.cc:53:
src/arch/riscv/regs/misc.hh:2330:54: error: ‘MNU’ is not a member of ‘gem5::enums’
 2330 |             {CSR_MSTATUS, MSTATUS_MASKS[RV32][enums::MNU]},
      |                                                      ^~~
src/arch/riscv/regs/misc.hh:2331:35: error: ‘RV32’ was not declared in this scope; did you mean ‘gem5::enums::RV32’?
 2331 |             {CSR_MISA, MISA_MASKS[RV32]},
      |                                   ^~~~
      |                                   gem5::enums::RV32
In file included from src/arch/riscv/regs/misc.hh:60,
                 from src/cpu/base.cc:53:
build/RISCV/enums/RiscvType.hh:15:9: note: ‘gem5::enums::RV32’ declared here
   15 |         RV32 = 0,
      |         ^~~~
In file included from src/cpu/base.cc:53:
src/arch/riscv/regs/misc.hh:2332:23: error: ‘MI_MASK’ was not declared in this scope; did you mean ‘MTI_MASK’?
 2332 |             {CSR_MIE, MI_MASK[enums::MNU]},
      |                       ^~~~~~~
      |                       MTI_MASK
src/arch/riscv/regs/misc.hh:2332:38: error: ‘MNU’ is not a member of ‘gem5::enums’
 2332 |             {CSR_MIE, MI_MASK[enums::MNU]},
      |                                      ^~~
src/arch/riscv/regs/misc.hh:2333:28: error: ‘MSTATUSH_MASKS’ was not declared in this scope; did you mean ‘STATUS_SD_MASKS’?
 2333 |             {CSR_MSTATUSH, MSTATUSH_MASKS[enums::MNU]},
      |                            ^~~~~~~~~~~~~~
      |                            STATUS_SD_MASKS
src/arch/riscv/regs/misc.hh:2333:50: error: ‘MNU’ is not a member of ‘gem5::enums’
 2333 |             {CSR_MSTATUSH, MSTATUSH_MASKS[enums::MNU]},
      |                                                  ^~~
src/arch/riscv/regs/misc.hh:2334:23: error: ‘MI_MASK’ was not declared in this scope; did you mean ‘MTI_MASK’?
 2334 |             {CSR_MIP, MI_MASK[enums::MNU]},
      |                       ^~~~~~~
      |                       MTI_MASK
src/arch/riscv/regs/misc.hh:2334:38: error: ‘MNU’ is not a member of ‘gem5::enums’
 2334 |             {CSR_MIP, MI_MASK[enums::MNU]},
      |                                      ^~~
src/arch/riscv/regs/misc.hh:2336:17: error: ‘MSU’ is not a member of ‘gem5::enums’
 2336 |         [enums::MSU] = {
      |                 ^~~
src/arch/riscv/regs/misc.hh:2337:27: error: ‘USTATUS_MASKS’ was not declared in this scope; did you mean ‘STATUS_SD_MASKS’?
 2337 |             {CSR_USTATUS, USTATUS_MASKS[RV32][enums::MSU]},
      |                           ^~~~~~~~~~~~~
      |                           STATUS_SD_MASKS
src/arch/riscv/regs/misc.hh:2337:41: error: ‘RV32’ was not declared in this scope; did you mean ‘gem5::enums::RV32’?
 2337 |             {CSR_USTATUS, USTATUS_MASKS[RV32][enums::MSU]},
      |                                         ^~~~
      |                                         gem5::enums::RV32
In file included from src/arch/riscv/regs/misc.hh:60,
                 from src/cpu/base.cc:53:
build/RISCV/enums/RiscvType.hh:15:9: note: ‘gem5::enums::RV32’ declared here
   15 |         RV32 = 0,
      |         ^~~~
In file included from src/cpu/base.cc:53:
src/arch/riscv/regs/misc.hh:2337:54: error: ‘MSU’ is not a member of ‘gem5::enums’
 2337 |             {CSR_USTATUS, USTATUS_MASKS[RV32][enums::MSU]},
      |                                                      ^~~
src/arch/riscv/regs/misc.hh:2338:23: error: ‘UI_MASK’ was not declared in this scope; did you mean ‘UTI_MASK’?
 2338 |             {CSR_UIE, UI_MASK[enums::MSU]},
      |                       ^~~~~~~
      |                       UTI_MASK
src/arch/riscv/regs/misc.hh:2338:38: error: ‘MSU’ is not a member of ‘gem5::enums’
 2338 |             {CSR_UIE, UI_MASK[enums::MSU]},
      |                                      ^~~
src/arch/riscv/regs/misc.hh:2339:23: error: ‘UI_MASK’ was not declared in this scope; did you mean ‘UTI_MASK’?
 2339 |             {CSR_UIP, UI_MASK[enums::MSU]},
      |                       ^~~~~~~
      |                       UTI_MASK
src/arch/riscv/regs/misc.hh:2339:38: error: ‘MSU’ is not a member of ‘gem5::enums’
 2339 |             {CSR_UIP, UI_MASK[enums::MSU]},
      |                                      ^~~
src/arch/riscv/regs/misc.hh:2343:27: error: ‘SSTATUS_MASKS’ was not declared in this scope; did you mean ‘STATUS_SD_MASKS’?
 2343 |             {CSR_SSTATUS, SSTATUS_MASKS[RV32][enums::MSU]},
      |                           ^~~~~~~~~~~~~
      |                           STATUS_SD_MASKS
src/arch/riscv/regs/misc.hh:2343:41: error: ‘RV32’ was not declared in this scope; did you mean ‘gem5::enums::RV32’?
 2343 |             {CSR_SSTATUS, SSTATUS_MASKS[RV32][enums::MSU]},
      |                                         ^~~~
      |                                         gem5::enums::RV32
In file included from src/arch/riscv/regs/misc.hh:60,
                 from src/cpu/base.cc:53:
build/RISCV/enums/RiscvType.hh:15:9: note: ‘gem5::enums::RV32’ declared here
   15 |         RV32 = 0,
      |         ^~~~
In file included from src/cpu/base.cc:53:
src/arch/riscv/regs/misc.hh:2343:54: error: ‘MSU’ is not a member of ‘gem5::enums’
 2343 |             {CSR_SSTATUS, SSTATUS_MASKS[RV32][enums::MSU]},
      |                                                      ^~~
src/arch/riscv/regs/misc.hh:2344:23: error: ‘SI_MASK’ was not declared in this scope; did you mean ‘USI_MASK’?
 2344 |             {CSR_SIE, SI_MASK[enums::MSU]},
      |                       ^~~~~~~
      |                       USI_MASK
src/arch/riscv/regs/misc.hh:2344:38: error: ‘MSU’ is not a member of ‘gem5::enums’
 2344 |             {CSR_SIE, SI_MASK[enums::MSU]},
      |                                      ^~~
src/arch/riscv/regs/misc.hh:2345:23: error: ‘SI_MASK’ was not declared in this scope; did you mean ‘USI_MASK’?
 2345 |             {CSR_SIP, SI_MASK[enums::MSU]},
      |                       ^~~~~~~
      |                       USI_MASK
src/arch/riscv/regs/misc.hh:2345:38: error: ‘MSU’ is not a member of ‘gem5::enums’
 2345 |             {CSR_SIP, SI_MASK[enums::MSU]},
      |                                      ^~~
src/arch/riscv/regs/misc.hh:2346:27: error: ‘MSTATUS_MASKS’ was not declared in this scope; did you mean ‘STATUS_SD_MASKS’?
 2346 |             {CSR_MSTATUS, MSTATUS_MASKS[RV32][enums::MSU]},
      |                           ^~~~~~~~~~~~~
      |                           STATUS_SD_MASKS
src/arch/riscv/regs/misc.hh:2346:41: error: ‘RV32’ was not declared in this scope; did you mean ‘gem5::enums::RV32’?
 2346 |             {CSR_MSTATUS, MSTATUS_MASKS[RV32][enums::MSU]},
      |                                         ^~~~
      |                                         gem5::enums::RV32
In file included from src/arch/riscv/regs/misc.hh:60,
                 from src/cpu/base.cc:53:
build/RISCV/enums/RiscvType.hh:15:9: note: ‘gem5::enums::RV32’ declared here
   15 |         RV32 = 0,
      |         ^~~~
In file included from src/cpu/base.cc:53:
src/arch/riscv/regs/misc.hh:2346:54: error: ‘MSU’ is not a member of ‘gem5::enums’
 2346 |             {CSR_MSTATUS, MSTATUS_MASKS[RV32][enums::MSU]},
      |                                                      ^~~
src/arch/riscv/regs/misc.hh:2347:35: error: ‘RV32’ was not declared in this scope; did you mean ‘gem5::enums::RV32’?
 2347 |             {CSR_MISA, MISA_MASKS[RV32]},
      |                                   ^~~~
      |                                   gem5::enums::RV32
In file included from src/arch/riscv/regs/misc.hh:60,
                 from src/cpu/base.cc:53:
build/RISCV/enums/RiscvType.hh:15:9: note: ‘gem5::enums::RV32’ declared here
   15 |         RV32 = 0,
      |         ^~~~
In file included from src/cpu/base.cc:53:
src/arch/riscv/regs/misc.hh:2348:23: error: ‘MI_MASK’ was not declared in this scope; did you mean ‘MTI_MASK’?
 2348 |             {CSR_MIE, MI_MASK[enums::MSU]},
      |                       ^~~~~~~
      |                       MTI_MASK
src/arch/riscv/regs/misc.hh:2348:38: error: ‘MSU’ is not a member of ‘gem5::enums’
 2348 |             {CSR_MIE, MI_MASK[enums::MSU]},
      |                                      ^~~
src/arch/riscv/regs/misc.hh:2349:28: error: ‘MSTATUSH_MASKS’ was not declared in this scope; did you mean ‘STATUS_SD_MASKS’?
 2349 |             {CSR_MSTATUSH, MSTATUSH_MASKS[enums::MSU]},
      |                            ^~~~~~~~~~~~~~
      |                            STATUS_SD_MASKS
src/arch/riscv/regs/misc.hh:2349:50: error: ‘MSU’ is not a member of ‘gem5::enums’
 2349 |             {CSR_MSTATUSH, MSTATUSH_MASKS[enums::MSU]},
      |                                                  ^~~
src/arch/riscv/regs/misc.hh:2350:23: error: ‘MI_MASK’ was not declared in this scope; did you mean ‘MTI_MASK’?
 2350 |             {CSR_MIP, MI_MASK[enums::MSU]},
      |                       ^~~~~~~
      |                       MTI_MASK
src/arch/riscv/regs/misc.hh:2350:38: error: ‘MSU’ is not a member of ‘gem5::enums’
 2350 |             {CSR_MIP, MI_MASK[enums::MSU]},
      |                                      ^~~
src/arch/riscv/regs/misc.hh:2352:17: error: ‘MNSU’ is not a member of ‘gem5::enums’
 2352 |         [enums::MNSU] = {
      |                 ^~~~
src/arch/riscv/regs/misc.hh:2353:27: error: ‘USTATUS_MASKS’ was not declared in this scope; did you mean ‘STATUS_SD_MASKS’?
 2353 |             {CSR_USTATUS, USTATUS_MASKS[RV32][enums::MNSU]},
      |                           ^~~~~~~~~~~~~
      |                           STATUS_SD_MASKS
src/arch/riscv/regs/misc.hh:2353:41: error: ‘RV32’ was not declared in this scope; did you mean ‘gem5::enums::RV32’?
 2353 |             {CSR_USTATUS, USTATUS_MASKS[RV32][enums::MNSU]},
      |                                         ^~~~
      |                                         gem5::enums::RV32
In file included from src/arch/riscv/regs/misc.hh:60,
                 from src/cpu/base.cc:53:
build/RISCV/enums/RiscvType.hh:15:9: note: ‘gem5::enums::RV32’ declared here
   15 |         RV32 = 0,
      |         ^~~~
In file included from src/cpu/base.cc:53:
src/arch/riscv/regs/misc.hh:2353:54: error: ‘MNSU’ is not a member of ‘gem5::enums’
 2353 |             {CSR_USTATUS, USTATUS_MASKS[RV32][enums::MNSU]},
      |                                                      ^~~~
src/arch/riscv/regs/misc.hh:2354:23: error: ‘UI_MASK’ was not declared in this scope; did you mean ‘UTI_MASK’?
 2354 |             {CSR_UIE, UI_MASK[enums::MNSU]},
      |                       ^~~~~~~
      |                       UTI_MASK
src/arch/riscv/regs/misc.hh:2354:38: error: ‘MNSU’ is not a member of ‘gem5::enums’
 2354 |             {CSR_UIE, UI_MASK[enums::MNSU]},
      |                                      ^~~~
src/arch/riscv/regs/misc.hh:2355:23: error: ‘UI_MASK’ was not declared in this scope; did you mean ‘UTI_MASK’?
 2355 |             {CSR_UIP, UI_MASK[enums::MNSU]},
      |                       ^~~~~~~
      |                       UTI_MASK
src/arch/riscv/regs/misc.hh:2355:38: error: ‘MNSU’ is not a member of ‘gem5::enums’
 2355 |             {CSR_UIP, UI_MASK[enums::MNSU]},
      |                                      ^~~~
src/arch/riscv/regs/misc.hh:2359:27: error: ‘SSTATUS_MASKS’ was not declared in this scope; did you mean ‘STATUS_SD_MASKS’?
 2359 |             {CSR_SSTATUS, SSTATUS_MASKS[RV32][enums::MNSU]},
      |                           ^~~~~~~~~~~~~
      |                           STATUS_SD_MASKS
src/arch/riscv/regs/misc.hh:2359:41: error: ‘RV32’ was not declared in this scope; did you mean ‘gem5::enums::RV32’?
 2359 |             {CSR_SSTATUS, SSTATUS_MASKS[RV32][enums::MNSU]},
      |                                         ^~~~
      |                                         gem5::enums::RV32
In file included from src/arch/riscv/regs/misc.hh:60,
                 from src/cpu/base.cc:53:
build/RISCV/enums/RiscvType.hh:15:9: note: ‘gem5::enums::RV32’ declared here
   15 |         RV32 = 0,
      |         ^~~~
In file included from src/cpu/base.cc:53:
src/arch/riscv/regs/misc.hh:2359:54: error: ‘MNSU’ is not a member of ‘gem5::enums’
 2359 |             {CSR_SSTATUS, SSTATUS_MASKS[RV32][enums::MNSU]},
      |                                                      ^~~~
src/arch/riscv/regs/misc.hh:2360:23: error: ‘SI_MASK’ was not declared in this scope; did you mean ‘USI_MASK’?
 2360 |             {CSR_SIE, SI_MASK[enums::MNSU]},
      |                       ^~~~~~~
      |                       USI_MASK
src/arch/riscv/regs/misc.hh:2360:38: error: ‘MNSU’ is not a member of ‘gem5::enums’
 2360 |             {CSR_SIE, SI_MASK[enums::MNSU]},
      |                                      ^~~~
src/arch/riscv/regs/misc.hh:2361:23: error: ‘SI_MASK’ was not declared in this scope; did you mean ‘USI_MASK’?
 2361 |             {CSR_SIP, SI_MASK[enums::MNSU]},
      |                       ^~~~~~~
      |                       USI_MASK
src/arch/riscv/regs/misc.hh:2361:38: error: ‘MNSU’ is not a member of ‘gem5::enums’
 2361 |             {CSR_SIP, SI_MASK[enums::MNSU]},
      |                                      ^~~~
src/arch/riscv/regs/misc.hh:2362:27: error: ‘MSTATUS_MASKS’ was not declared in this scope; did you mean ‘STATUS_SD_MASKS’?
 2362 |             {CSR_MSTATUS, MSTATUS_MASKS[RV32][enums::MNSU]},
      |                           ^~~~~~~~~~~~~
      |                           STATUS_SD_MASKS
src/arch/riscv/regs/misc.hh:2362:41: error: ‘RV32’ was not declared in this scope; did you mean ‘gem5::enums::RV32’?
 2362 |             {CSR_MSTATUS, MSTATUS_MASKS[RV32][enums::MNSU]},
      |                                         ^~~~
      |                                         gem5::enums::RV32
In file included from src/arch/riscv/regs/misc.hh:60,
                 from src/cpu/base.cc:53:
build/RISCV/enums/RiscvType.hh:15:9: note: ‘gem5::enums::RV32’ declared here
   15 |         RV32 = 0,
      |         ^~~~
In file included from src/cpu/base.cc:53:
src/arch/riscv/regs/misc.hh:2362:54: error: ‘MNSU’ is not a member of ‘gem5::enums’
 2362 |             {CSR_MSTATUS, MSTATUS_MASKS[RV32][enums::MNSU]},
      |                                                      ^~~~
src/arch/riscv/regs/misc.hh:2363:35: error: ‘RV32’ was not declared in this scope; did you mean ‘gem5::enums::RV32’?
 2363 |             {CSR_MISA, MISA_MASKS[RV32]},
      |                                   ^~~~
      |                                   gem5::enums::RV32
In file included from src/arch/riscv/regs/misc.hh:60,
                 from src/cpu/base.cc:53:
build/RISCV/enums/RiscvType.hh:15:9: note: ‘gem5::enums::RV32’ declared here
   15 |         RV32 = 0,
      |         ^~~~
In file included from src/cpu/base.cc:53:
src/arch/riscv/regs/misc.hh:2364:23: error: ‘MI_MASK’ was not declared in this scope; did you mean ‘MTI_MASK’?
 2364 |             {CSR_MIE, MI_MASK[enums::MNSU]},
      |                       ^~~~~~~
      |                       MTI_MASK
src/arch/riscv/regs/misc.hh:2364:38: error: ‘MNSU’ is not a member of ‘gem5::enums’
 2364 |             {CSR_MIE, MI_MASK[enums::MNSU]},
      |                                      ^~~~
src/arch/riscv/regs/misc.hh:2365:28: error: ‘MSTATUSH_MASKS’ was not declared in this scope; did you mean ‘STATUS_SD_MASKS’?
 2365 |             {CSR_MSTATUSH, MSTATUSH_MASKS[enums::MNSU]},
      |                            ^~~~~~~~~~~~~~
      |                            STATUS_SD_MASKS
src/arch/riscv/regs/misc.hh:2365:50: error: ‘MNSU’ is not a member of ‘gem5::enums’
 2365 |             {CSR_MSTATUSH, MSTATUSH_MASKS[enums::MNSU]},
      |                                                  ^~~~
src/arch/riscv/regs/misc.hh:2366:23: error: ‘MI_MASK’ was not declared in this scope; did you mean ‘MTI_MASK’?
 2366 |             {CSR_MIP, MI_MASK[enums::MNSU]},
      |                       ^~~~~~~
      |                       MTI_MASK
src/arch/riscv/regs/misc.hh:2366:38: error: ‘MNSU’ is not a member of ‘gem5::enums’
 2366 |             {CSR_MIP, MI_MASK[enums::MNSU]},
      |                                      ^~~~
src/arch/riscv/regs/misc.hh:2369:6: error: ‘RV64’ was not declared in this scope; did you mean ‘gem5::enums::RV64’?
 2369 |     [RV64] = {
      |      ^~~~
      |      gem5::enums::RV64
In file included from src/arch/riscv/regs/misc.hh:60,
                 from src/cpu/base.cc:53:
build/RISCV/enums/RiscvType.hh:16:9: note: ‘gem5::enums::RV64’ declared here
   16 |         RV64 = 1,
      |         ^~~~
In file included from src/cpu/base.cc:53:
src/arch/riscv/regs/misc.hh:2370:17: error: ‘M’ is not a member of ‘gem5::enums’
 2370 |         [enums::M] = {
      |                 ^
src/arch/riscv/regs/misc.hh:2371:27: error: ‘USTATUS_MASKS’ was not declared in this scope; did you mean ‘STATUS_SD_MASKS’?
 2371 |             {CSR_USTATUS, USTATUS_MASKS[RV64][enums::M]},
      |                           ^~~~~~~~~~~~~
      |                           STATUS_SD_MASKS
src/arch/riscv/regs/misc.hh:2371:41: error: ‘RV64’ was not declared in this scope; did you mean ‘gem5::enums::RV64’?
 2371 |             {CSR_USTATUS, USTATUS_MASKS[RV64][enums::M]},
      |                                         ^~~~
      |                                         gem5::enums::RV64
In file included from src/arch/riscv/regs/misc.hh:60,
                 from src/cpu/base.cc:53:
build/RISCV/enums/RiscvType.hh:16:9: note: ‘gem5::enums::RV64’ declared here
   16 |         RV64 = 1,
      |         ^~~~
In file included from src/cpu/base.cc:53:
src/arch/riscv/regs/misc.hh:2371:54: error: ‘M’ is not a member of ‘gem5::enums’
 2371 |             {CSR_USTATUS, USTATUS_MASKS[RV64][enums::M]},
      |                                                      ^
src/arch/riscv/regs/misc.hh:2372:23: error: ‘UI_MASK’ was not declared in this scope; did you mean ‘UTI_MASK’?
 2372 |             {CSR_UIE, UI_MASK[enums::M]},
      |                       ^~~~~~~
      |                       UTI_MASK
src/arch/riscv/regs/misc.hh:2372:38: error: ‘M’ is not a member of ‘gem5::enums’
 2372 |             {CSR_UIE, UI_MASK[enums::M]},
      |                                      ^
src/arch/riscv/regs/misc.hh:2373:23: error: ‘UI_MASK’ was not declared in this scope; did you mean ‘UTI_MASK’?
 2373 |             {CSR_UIP, UI_MASK[enums::M]},
      |                       ^~~~~~~
      |                       UTI_MASK
src/arch/riscv/regs/misc.hh:2373:38: error: ‘M’ is not a member of ‘gem5::enums’
 2373 |             {CSR_UIP, UI_MASK[enums::M]},
      |                                      ^
src/arch/riscv/regs/misc.hh:2377:27: error: ‘SSTATUS_MASKS’ was not declared in this scope; did you mean ‘STATUS_SD_MASKS’?
 2377 |             {CSR_SSTATUS, SSTATUS_MASKS[RV64][enums::M]},
      |                           ^~~~~~~~~~~~~
      |                           STATUS_SD_MASKS
src/arch/riscv/regs/misc.hh:2377:41: error: ‘RV64’ was not declared in this scope; did you mean ‘gem5::enums::RV64’?
 2377 |             {CSR_SSTATUS, SSTATUS_MASKS[RV64][enums::M]},
      |                                         ^~~~
      |                                         gem5::enums::RV64
In file included from src/arch/riscv/regs/misc.hh:60,
                 from src/cpu/base.cc:53:
build/RISCV/enums/RiscvType.hh:16:9: note: ‘gem5::enums::RV64’ declared here
   16 |         RV64 = 1,
      |         ^~~~
In file included from src/cpu/base.cc:53:
src/arch/riscv/regs/misc.hh:2377:54: error: ‘M’ is not a member of ‘gem5::enums’
 2377 |             {CSR_SSTATUS, SSTATUS_MASKS[RV64][enums::M]},
      |                                                      ^
src/arch/riscv/regs/misc.hh:2378:23: error: ‘SI_MASK’ was not declared in this scope; did you mean ‘USI_MASK’?
 2378 |             {CSR_SIE, SI_MASK[enums::M]},
      |                       ^~~~~~~
      |                       USI_MASK
src/arch/riscv/regs/misc.hh:2378:38: error: ‘M’ is not a member of ‘gem5::enums’
 2378 |             {CSR_SIE, SI_MASK[enums::M]},
      |                                      ^
src/arch/riscv/regs/misc.hh:2379:23: error: ‘SI_MASK’ was not declared in this scope; did you mean ‘USI_MASK’?
 2379 |             {CSR_SIP, SI_MASK[enums::M]},
      |                       ^~~~~~~
      |                       USI_MASK
src/arch/riscv/regs/misc.hh:2379:38: error: ‘M’ is not a member of ‘gem5::enums’
 2379 |             {CSR_SIP, SI_MASK[enums::M]},
      |                                      ^
src/arch/riscv/regs/misc.hh:2380:27: error: ‘MSTATUS_MASKS’ was not declared in this scope; did you mean ‘STATUS_SD_MASKS’?
 2380 |             {CSR_MSTATUS, MSTATUS_MASKS[RV64][enums::M]},
      |                           ^~~~~~~~~~~~~
      |                           STATUS_SD_MASKS
src/arch/riscv/regs/misc.hh:2380:41: error: ‘RV64’ was not declared in this scope; did you mean ‘gem5::enums::RV64’?
 2380 |             {CSR_MSTATUS, MSTATUS_MASKS[RV64][enums::M]},
      |                                         ^~~~
      |                                         gem5::enums::RV64
In file included from src/arch/riscv/regs/misc.hh:60,
                 from src/cpu/base.cc:53:
build/RISCV/enums/RiscvType.hh:16:9: note: ‘gem5::enums::RV64’ declared here
   16 |         RV64 = 1,
      |         ^~~~
In file included from src/cpu/base.cc:53:
src/arch/riscv/regs/misc.hh:2380:54: error: ‘M’ is not a member of ‘gem5::enums’
 2380 |             {CSR_MSTATUS, MSTATUS_MASKS[RV64][enums::M]},
      |                                                      ^
src/arch/riscv/regs/misc.hh:2381:35: error: ‘RV64’ was not declared in this scope; did you mean ‘gem5::enums::RV64’?
 2381 |             {CSR_MISA, MISA_MASKS[RV64]},
      |                                   ^~~~
      |                                   gem5::enums::RV64
In file included from src/arch/riscv/regs/misc.hh:60,
                 from src/cpu/base.cc:53:
build/RISCV/enums/RiscvType.hh:16:9: note: ‘gem5::enums::RV64’ declared here
   16 |         RV64 = 1,
      |         ^~~~
In file included from src/cpu/base.cc:53:
src/arch/riscv/regs/misc.hh:2382:23: error: ‘MI_MASK’ was not declared in this scope; did you mean ‘MTI_MASK’?
 2382 |             {CSR_MIE, MI_MASK[enums::M]},
      |                       ^~~~~~~
      |                       MTI_MASK
src/arch/riscv/regs/misc.hh:2382:38: error: ‘M’ is not a member of ‘gem5::enums’
 2382 |             {CSR_MIE, MI_MASK[enums::M]},
      |                                      ^
src/arch/riscv/regs/misc.hh:2383:23: error: ‘MI_MASK’ was not declared in this scope; did you mean ‘MTI_MASK’?
 2383 |             {CSR_MIP, MI_MASK[enums::M]},
      |                       ^~~~~~~
      |                       MTI_MASK
src/arch/riscv/regs/misc.hh:2383:38: error: ‘M’ is not a member of ‘gem5::enums’
 2383 |             {CSR_MIP, MI_MASK[enums::M]},
      |                                      ^
src/arch/riscv/regs/misc.hh:2385:17: error: ‘MU’ is not a member of ‘gem5::enums’
 2385 |         [enums::MU] = {
      |                 ^~
src/arch/riscv/regs/misc.hh:2386:27: error: ‘USTATUS_MASKS’ was not declared in this scope; did you mean ‘STATUS_SD_MASKS’?
 2386 |             {CSR_USTATUS, USTATUS_MASKS[RV64][enums::MU]},
      |                           ^~~~~~~~~~~~~
      |                           STATUS_SD_MASKS
src/arch/riscv/regs/misc.hh:2386:41: error: ‘RV64’ was not declared in this scope; did you mean ‘gem5::enums::RV64’?
 2386 |             {CSR_USTATUS, USTATUS_MASKS[RV64][enums::MU]},
      |                                         ^~~~
      |                                         gem5::enums::RV64
In file included from src/arch/riscv/regs/misc.hh:60,
                 from src/cpu/base.cc:53:
build/RISCV/enums/RiscvType.hh:16:9: note: ‘gem5::enums::RV64’ declared here
   16 |         RV64 = 1,
      |         ^~~~
In file included from src/cpu/base.cc:53:
src/arch/riscv/regs/misc.hh:2386:54: error: ‘MU’ is not a member of ‘gem5::enums’
 2386 |             {CSR_USTATUS, USTATUS_MASKS[RV64][enums::MU]},
      |                                                      ^~
src/arch/riscv/regs/misc.hh:2387:23: error: ‘UI_MASK’ was not declared in this scope; did you mean ‘UTI_MASK’?
 2387 |             {CSR_UIE, UI_MASK[enums::MU]},
      |                       ^~~~~~~
      |                       UTI_MASK
src/arch/riscv/regs/misc.hh:2387:38: error: ‘MU’ is not a member of ‘gem5::enums’
 2387 |             {CSR_UIE, UI_MASK[enums::MU]},
      |                                      ^~
src/arch/riscv/regs/misc.hh:2388:23: error: ‘UI_MASK’ was not declared in this scope; did you mean ‘UTI_MASK’?
 2388 |             {CSR_UIP, UI_MASK[enums::MU]},
      |                       ^~~~~~~
      |                       UTI_MASK
src/arch/riscv/regs/misc.hh:2388:38: error: ‘MU’ is not a member of ‘gem5::enums’
 2388 |             {CSR_UIP, UI_MASK[enums::MU]},
      |                                      ^~
src/arch/riscv/regs/misc.hh:2392:27: error: ‘SSTATUS_MASKS’ was not declared in this scope; did you mean ‘STATUS_SD_MASKS’?
 2392 |             {CSR_SSTATUS, SSTATUS_MASKS[RV64][enums::MU]},
      |                           ^~~~~~~~~~~~~
      |                           STATUS_SD_MASKS
src/arch/riscv/regs/misc.hh:2392:41: error: ‘RV64’ was not declared in this scope; did you mean ‘gem5::enums::RV64’?
 2392 |             {CSR_SSTATUS, SSTATUS_MASKS[RV64][enums::MU]},
      |                                         ^~~~
      |                                         gem5::enums::RV64
In file included from src/arch/riscv/regs/misc.hh:60,
                 from src/cpu/base.cc:53:
build/RISCV/enums/RiscvType.hh:16:9: note: ‘gem5::enums::RV64’ declared here
   16 |         RV64 = 1,
      |         ^~~~
In file included from src/cpu/base.cc:53:
src/arch/riscv/regs/misc.hh:2392:54: error: ‘MU’ is not a member of ‘gem5::enums’
 2392 |             {CSR_SSTATUS, SSTATUS_MASKS[RV64][enums::MU]},
      |                                                      ^~
src/arch/riscv/regs/misc.hh:2393:23: error: ‘SI_MASK’ was not declared in this scope; did you mean ‘USI_MASK’?
 2393 |             {CSR_SIE, SI_MASK[enums::MU]},
      |                       ^~~~~~~
      |                       USI_MASK
src/arch/riscv/regs/misc.hh:2393:38: error: ‘MU’ is not a member of ‘gem5::enums’
 2393 |             {CSR_SIE, SI_MASK[enums::MU]},
      |                                      ^~
src/arch/riscv/regs/misc.hh:2394:23: error: ‘SI_MASK’ was not declared in this scope; did you mean ‘USI_MASK’?
 2394 |             {CSR_SIP, SI_MASK[enums::MU]},
      |                       ^~~~~~~
      |                       USI_MASK
src/arch/riscv/regs/misc.hh:2394:38: error: ‘MU’ is not a member of ‘gem5::enums’
 2394 |             {CSR_SIP, SI_MASK[enums::MU]},
      |                                      ^~
src/arch/riscv/regs/misc.hh:2395:27: error: ‘MSTATUS_MASKS’ was not declared in this scope; did you mean ‘STATUS_SD_MASKS’?
 2395 |             {CSR_MSTATUS, MSTATUS_MASKS[RV64][enums::MU]},
      |                           ^~~~~~~~~~~~~
      |                           STATUS_SD_MASKS
src/arch/riscv/regs/misc.hh:2395:41: error: ‘RV64’ was not declared in this scope; did you mean ‘gem5::enums::RV64’?
 2395 |             {CSR_MSTATUS, MSTATUS_MASKS[RV64][enums::MU]},
      |                                         ^~~~
      |                                         gem5::enums::RV64
In file included from src/arch/riscv/regs/misc.hh:60,
                 from src/cpu/base.cc:53:
build/RISCV/enums/RiscvType.hh:16:9: note: ‘gem5::enums::RV64’ declared here
   16 |         RV64 = 1,
      |         ^~~~
In file included from src/cpu/base.cc:53:
src/arch/riscv/regs/misc.hh:2395:54: error: ‘MU’ is not a member of ‘gem5::enums’
 2395 |             {CSR_MSTATUS, MSTATUS_MASKS[RV64][enums::MU]},
      |                                                      ^~
src/arch/riscv/regs/misc.hh:2396:35: error: ‘RV64’ was not declared in this scope; did you mean ‘gem5::enums::RV64’?
 2396 |             {CSR_MISA, MISA_MASKS[RV64]},
      |                                   ^~~~
      |                                   gem5::enums::RV64
In file included from src/arch/riscv/regs/misc.hh:60,
                 from src/cpu/base.cc:53:
build/RISCV/enums/RiscvType.hh:16:9: note: ‘gem5::enums::RV64’ declared here
   16 |         RV64 = 1,
      |         ^~~~
In file included from src/cpu/base.cc:53:
src/arch/riscv/regs/misc.hh:2397:23: error: ‘MI_MASK’ was not declared in this scope; did you mean ‘MTI_MASK’?
 2397 |             {CSR_MIE, MI_MASK[enums::MU]},
      |                       ^~~~~~~
      |                       MTI_MASK
src/arch/riscv/regs/misc.hh:2397:38: error: ‘MU’ is not a member of ‘gem5::enums’
 2397 |             {CSR_MIE, MI_MASK[enums::MU]},
      |                                      ^~
src/arch/riscv/regs/misc.hh:2398:23: error: ‘MI_MASK’ was not declared in this scope; did you mean ‘MTI_MASK’?
 2398 |             {CSR_MIP, MI_MASK[enums::MU]},
      |                       ^~~~~~~
      |                       MTI_MASK
src/arch/riscv/regs/misc.hh:2398:38: error: ‘MU’ is not a member of ‘gem5::enums’
 2398 |             {CSR_MIP, MI_MASK[enums::MU]},
      |                                      ^~
src/arch/riscv/regs/misc.hh:2400:17: error: ‘MNU’ is not a member of ‘gem5::enums’
 2400 |         [enums::MNU] = {
      |                 ^~~
src/arch/riscv/regs/misc.hh:2401:27: error: ‘USTATUS_MASKS’ was not declared in this scope; did you mean ‘STATUS_SD_MASKS’?
 2401 |             {CSR_USTATUS, USTATUS_MASKS[RV64][enums::MNU]},
      |                           ^~~~~~~~~~~~~
      |                           STATUS_SD_MASKS
src/arch/riscv/regs/misc.hh:2401:41: error: ‘RV64’ was not declared in this scope; did you mean ‘gem5::enums::RV64’?
 2401 |             {CSR_USTATUS, USTATUS_MASKS[RV64][enums::MNU]},
      |                                         ^~~~
      |                                         gem5::enums::RV64
In file included from src/arch/riscv/regs/misc.hh:60,
                 from src/cpu/base.cc:53:
build/RISCV/enums/RiscvType.hh:16:9: note: ‘gem5::enums::RV64’ declared here
   16 |         RV64 = 1,
      |         ^~~~
In file included from src/cpu/base.cc:53:
src/arch/riscv/regs/misc.hh:2401:54: error: ‘MNU’ is not a member of ‘gem5::enums’
 2401 |             {CSR_USTATUS, USTATUS_MASKS[RV64][enums::MNU]},
      |                                                      ^~~
src/arch/riscv/regs/misc.hh:2402:23: error: ‘UI_MASK’ was not declared in this scope; did you mean ‘UTI_MASK’?
 2402 |             {CSR_UIE, UI_MASK[enums::MNU]},
      |                       ^~~~~~~
      |                       UTI_MASK
src/arch/riscv/regs/misc.hh:2402:38: error: ‘MNU’ is not a member of ‘gem5::enums’
 2402 |             {CSR_UIE, UI_MASK[enums::MNU]},
      |                                      ^~~
src/arch/riscv/regs/misc.hh:2403:23: error: ‘UI_MASK’ was not declared in this scope; did you mean ‘UTI_MASK’?
 2403 |             {CSR_UIP, UI_MASK[enums::MNU]},
      |                       ^~~~~~~
      |                       UTI_MASK
src/arch/riscv/regs/misc.hh:2403:38: error: ‘MNU’ is not a member of ‘gem5::enums’
 2403 |             {CSR_UIP, UI_MASK[enums::MNU]},
      |                                      ^~~
src/arch/riscv/regs/misc.hh:2407:27: error: ‘SSTATUS_MASKS’ was not declared in this scope; did you mean ‘STATUS_SD_MASKS’?
 2407 |             {CSR_SSTATUS, SSTATUS_MASKS[RV64][enums::MNU]},
      |                           ^~~~~~~~~~~~~
      |                           STATUS_SD_MASKS
src/arch/riscv/regs/misc.hh:2407:41: error: ‘RV64’ was not declared in this scope; did you mean ‘gem5::enums::RV64’?
 2407 |             {CSR_SSTATUS, SSTATUS_MASKS[RV64][enums::MNU]},
      |                                         ^~~~
      |                                         gem5::enums::RV64
In file included from src/arch/riscv/regs/misc.hh:60,
                 from src/cpu/base.cc:53:
build/RISCV/enums/RiscvType.hh:16:9: note: ‘gem5::enums::RV64’ declared here
   16 |         RV64 = 1,
      |         ^~~~
In file included from src/cpu/base.cc:53:
src/arch/riscv/regs/misc.hh:2407:54: error: ‘MNU’ is not a member of ‘gem5::enums’
 2407 |             {CSR_SSTATUS, SSTATUS_MASKS[RV64][enums::MNU]},
      |                                                      ^~~
src/arch/riscv/regs/misc.hh:2408:23: error: ‘SI_MASK’ was not declared in this scope; did you mean ‘USI_MASK’?
 2408 |             {CSR_SIE, SI_MASK[enums::MNU]},
      |                       ^~~~~~~
      |                       USI_MASK
src/arch/riscv/regs/misc.hh:2408:38: error: ‘MNU’ is not a member of ‘gem5::enums’
 2408 |             {CSR_SIE, SI_MASK[enums::MNU]},
      |                                      ^~~
src/arch/riscv/regs/misc.hh:2409:23: error: ‘SI_MASK’ was not declared in this scope; did you mean ‘USI_MASK’?
 2409 |             {CSR_SIP, SI_MASK[enums::MNU]},
      |                       ^~~~~~~
      |                       USI_MASK
src/arch/riscv/regs/misc.hh:2409:38: error: ‘MNU’ is not a member of ‘gem5::enums’
 2409 |             {CSR_SIP, SI_MASK[enums::MNU]},
      |                                      ^~~
src/arch/riscv/regs/misc.hh:2410:27: error: ‘MSTATUS_MASKS’ was not declared in this scope; did you mean ‘STATUS_SD_MASKS’?
 2410 |             {CSR_MSTATUS, MSTATUS_MASKS[RV64][enums::MNU]},
      |                           ^~~~~~~~~~~~~
      |                           STATUS_SD_MASKS
src/arch/riscv/regs/misc.hh:2410:41: error: ‘RV64’ was not declared in this scope; did you mean ‘gem5::enums::RV64’?
 2410 |             {CSR_MSTATUS, MSTATUS_MASKS[RV64][enums::MNU]},
      |                                         ^~~~
      |                                         gem5::enums::RV64
In file included from src/arch/riscv/regs/misc.hh:60,
                 from src/cpu/base.cc:53:
build/RISCV/enums/RiscvType.hh:16:9: note: ‘gem5::enums::RV64’ declared here
   16 |         RV64 = 1,
      |         ^~~~
In file included from src/cpu/base.cc:53:
src/arch/riscv/regs/misc.hh:2410:54: error: ‘MNU’ is not a member of ‘gem5::enums’
 2410 |             {CSR_MSTATUS, MSTATUS_MASKS[RV64][enums::MNU]},
      |                                                      ^~~
src/arch/riscv/regs/misc.hh:2411:35: error: ‘RV64’ was not declared in this scope; did you mean ‘gem5::enums::RV64’?
 2411 |             {CSR_MISA, MISA_MASKS[RV64]},
      |                                   ^~~~
      |                                   gem5::enums::RV64
In file included from src/arch/riscv/regs/misc.hh:60,
                 from src/cpu/base.cc:53:
build/RISCV/enums/RiscvType.hh:16:9: note: ‘gem5::enums::RV64’ declared here
   16 |         RV64 = 1,
      |         ^~~~
In file included from src/cpu/base.cc:53:
src/arch/riscv/regs/misc.hh:2412:23: error: ‘MI_MASK’ was not declared in this scope; did you mean ‘MTI_MASK’?
 2412 |             {CSR_MIE, MI_MASK[enums::MNU]},
      |                       ^~~~~~~
      |                       MTI_MASK
src/arch/riscv/regs/misc.hh:2412:38: error: ‘MNU’ is not a member of ‘gem5::enums’
 2412 |             {CSR_MIE, MI_MASK[enums::MNU]},
      |                                      ^~~
src/arch/riscv/regs/misc.hh:2413:23: error: ‘MI_MASK’ was not declared in this scope; did you mean ‘MTI_MASK’?
 2413 |             {CSR_MIP, MI_MASK[enums::MNU]},
      |                       ^~~~~~~
      |                       MTI_MASK
src/arch/riscv/regs/misc.hh:2413:38: error: ‘MNU’ is not a member of ‘gem5::enums’
 2413 |             {CSR_MIP, MI_MASK[enums::MNU]},
      |                                      ^~~
src/arch/riscv/regs/misc.hh:2415:17: error: ‘MSU’ is not a member of ‘gem5::enums’
 2415 |         [enums::MSU] = {
      |                 ^~~
src/arch/riscv/regs/misc.hh:2416:27: error: ‘USTATUS_MASKS’ was not declared in this scope; did you mean ‘STATUS_SD_MASKS’?
 2416 |             {CSR_USTATUS, USTATUS_MASKS[RV64][enums::MSU]},
      |                           ^~~~~~~~~~~~~
      |                           STATUS_SD_MASKS
src/arch/riscv/regs/misc.hh:2416:41: error: ‘RV64’ was not declared in this scope; did you mean ‘gem5::enums::RV64’?
 2416 |             {CSR_USTATUS, USTATUS_MASKS[RV64][enums::MSU]},
      |                                         ^~~~
      |                                         gem5::enums::RV64
In file included from src/arch/riscv/regs/misc.hh:60,
                 from src/cpu/base.cc:53:
build/RISCV/enums/RiscvType.hh:16:9: note: ‘gem5::enums::RV64’ declared here
   16 |         RV64 = 1,
      |         ^~~~
In file included from src/cpu/base.cc:53:
src/arch/riscv/regs/misc.hh:2416:54: error: ‘MSU’ is not a member of ‘gem5::enums’
 2416 |             {CSR_USTATUS, USTATUS_MASKS[RV64][enums::MSU]},
      |                                                      ^~~
src/arch/riscv/regs/misc.hh:2417:23: error: ‘UI_MASK’ was not declared in this scope; did you mean ‘UTI_MASK’?
 2417 |             {CSR_UIE, UI_MASK[enums::MSU]},
      |                       ^~~~~~~
      |                       UTI_MASK
src/arch/riscv/regs/misc.hh:2417:38: error: ‘MSU’ is not a member of ‘gem5::enums’
 2417 |             {CSR_UIE, UI_MASK[enums::MSU]},
      |                                      ^~~
src/arch/riscv/regs/misc.hh:2418:23: error: ‘UI_MASK’ was not declared in this scope; did you mean ‘UTI_MASK’?
 2418 |             {CSR_UIP, UI_MASK[enums::MSU]},
      |                       ^~~~~~~
      |                       UTI_MASK
src/arch/riscv/regs/misc.hh:2418:38: error: ‘MSU’ is not a member of ‘gem5::enums’
 2418 |             {CSR_UIP, UI_MASK[enums::MSU]},
      |                                      ^~~
src/arch/riscv/regs/misc.hh:2422:27: error: ‘SSTATUS_MASKS’ was not declared in this scope; did you mean ‘STATUS_SD_MASKS’?
 2422 |             {CSR_SSTATUS, SSTATUS_MASKS[RV64][enums::MSU]},
      |                           ^~~~~~~~~~~~~
      |                           STATUS_SD_MASKS
src/arch/riscv/regs/misc.hh:2422:41: error: ‘RV64’ was not declared in this scope; did you mean ‘gem5::enums::RV64’?
 2422 |             {CSR_SSTATUS, SSTATUS_MASKS[RV64][enums::MSU]},
      |                                         ^~~~
      |                                         gem5::enums::RV64
In file included from src/arch/riscv/regs/misc.hh:60,
                 from src/cpu/base.cc:53:
build/RISCV/enums/RiscvType.hh:16:9: note: ‘gem5::enums::RV64’ declared here
   16 |         RV64 = 1,
      |         ^~~~
In file included from src/cpu/base.cc:53:
src/arch/riscv/regs/misc.hh:2422:54: error: ‘MSU’ is not a member of ‘gem5::enums’
 2422 |             {CSR_SSTATUS, SSTATUS_MASKS[RV64][enums::MSU]},
      |                                                      ^~~
src/arch/riscv/regs/misc.hh:2423:23: error: ‘SI_MASK’ was not declared in this scope; did you mean ‘USI_MASK’?
 2423 |             {CSR_SIE, SI_MASK[enums::MSU]},
      |                       ^~~~~~~
      |                       USI_MASK
src/arch/riscv/regs/misc.hh:2423:38: error: ‘MSU’ is not a member of ‘gem5::enums’
 2423 |             {CSR_SIE, SI_MASK[enums::MSU]},
      |                                      ^~~
src/arch/riscv/regs/misc.hh:2424:23: error: ‘SI_MASK’ was not declared in this scope; did you mean ‘USI_MASK’?
 2424 |             {CSR_SIP, SI_MASK[enums::MSU]},
      |                       ^~~~~~~
      |                       USI_MASK
src/arch/riscv/regs/misc.hh:2424:38: error: ‘MSU’ is not a member of ‘gem5::enums’
 2424 |             {CSR_SIP, SI_MASK[enums::MSU]},
      |                                      ^~~
src/arch/riscv/regs/misc.hh:2425:27: error: ‘MSTATUS_MASKS’ was not declared in this scope; did you mean ‘STATUS_SD_MASKS’?
 2425 |             {CSR_MSTATUS, MSTATUS_MASKS[RV64][enums::MSU]},
      |                           ^~~~~~~~~~~~~
      |                           STATUS_SD_MASKS
src/arch/riscv/regs/misc.hh:2425:41: error: ‘RV64’ was not declared in this scope; did you mean ‘gem5::enums::RV64’?
 2425 |             {CSR_MSTATUS, MSTATUS_MASKS[RV64][enums::MSU]},
      |                                         ^~~~
      |                                         gem5::enums::RV64
In file included from src/arch/riscv/regs/misc.hh:60,
                 from src/cpu/base.cc:53:
build/RISCV/enums/RiscvType.hh:16:9: note: ‘gem5::enums::RV64’ declared here
   16 |         RV64 = 1,
      |         ^~~~
In file included from src/cpu/base.cc:53:
src/arch/riscv/regs/misc.hh:2425:54: error: ‘MSU’ is not a member of ‘gem5::enums’
 2425 |             {CSR_MSTATUS, MSTATUS_MASKS[RV64][enums::MSU]},
      |                                                      ^~~
src/arch/riscv/regs/misc.hh:2426:35: error: ‘RV64’ was not declared in this scope; did you mean ‘gem5::enums::RV64’?
 2426 |             {CSR_MISA, MISA_MASKS[RV64]},
      |                                   ^~~~
      |                                   gem5::enums::RV64
In file included from src/arch/riscv/regs/misc.hh:60,
                 from src/cpu/base.cc:53:
build/RISCV/enums/RiscvType.hh:16:9: note: ‘gem5::enums::RV64’ declared here
   16 |         RV64 = 1,
      |         ^~~~
In file included from src/cpu/base.cc:53:
src/arch/riscv/regs/misc.hh:2427:23: error: ‘MI_MASK’ was not declared in this scope; did you mean ‘MTI_MASK’?
 2427 |             {CSR_MIE, MI_MASK[enums::MSU]},
      |                       ^~~~~~~
      |                       MTI_MASK
src/arch/riscv/regs/misc.hh:2427:38: error: ‘MSU’ is not a member of ‘gem5::enums’
 2427 |             {CSR_MIE, MI_MASK[enums::MSU]},
      |                                      ^~~
src/arch/riscv/regs/misc.hh:2428:23: error: ‘MI_MASK’ was not declared in this scope; did you mean ‘MTI_MASK’?
 2428 |             {CSR_MIP, MI_MASK[enums::MSU]},
      |                       ^~~~~~~
      |                       MTI_MASK
src/arch/riscv/regs/misc.hh:2428:38: error: ‘MSU’ is not a member of ‘gem5::enums’
 2428 |             {CSR_MIP, MI_MASK[enums::MSU]},
      |                                      ^~~
src/arch/riscv/regs/misc.hh:2430:17: error: ‘MNSU’ is not a member of ‘gem5::enums’
 2430 |         [enums::MNSU] = {
      |                 ^~~~
src/arch/riscv/regs/misc.hh:2431:27: error: ‘USTATUS_MASKS’ was not declared in this scope; did you mean ‘STATUS_SD_MASKS’?
 2431 |             {CSR_USTATUS, USTATUS_MASKS[RV64][enums::MNSU]},
      |                           ^~~~~~~~~~~~~
      |                           STATUS_SD_MASKS
src/arch/riscv/regs/misc.hh:2431:41: error: ‘RV64’ was not declared in this scope; did you mean ‘gem5::enums::RV64’?
 2431 |             {CSR_USTATUS, USTATUS_MASKS[RV64][enums::MNSU]},
      |                                         ^~~~
      |                                         gem5::enums::RV64
In file included from src/arch/riscv/regs/misc.hh:60,
                 from src/cpu/base.cc:53:
build/RISCV/enums/RiscvType.hh:16:9: note: ‘gem5::enums::RV64’ declared here
   16 |         RV64 = 1,
      |         ^~~~
In file included from src/cpu/base.cc:53:
src/arch/riscv/regs/misc.hh:2431:54: error: ‘MNSU’ is not a member of ‘gem5::enums’
 2431 |             {CSR_USTATUS, USTATUS_MASKS[RV64][enums::MNSU]},
      |                                                      ^~~~
src/arch/riscv/regs/misc.hh:2432:23: error: ‘UI_MASK’ was not declared in this scope; did you mean ‘UTI_MASK’?
 2432 |             {CSR_UIE, UI_MASK[enums::MNSU]},
      |                       ^~~~~~~
      |                       UTI_MASK
src/arch/riscv/regs/misc.hh:2432:38: error: ‘MNSU’ is not a member of ‘gem5::enums’
 2432 |             {CSR_UIE, UI_MASK[enums::MNSU]},
      |                                      ^~~~
src/arch/riscv/regs/misc.hh:2433:23: error: ‘UI_MASK’ was not declared in this scope; did you mean ‘UTI_MASK’?
 2433 |             {CSR_UIP, UI_MASK[enums::MNSU]},
      |                       ^~~~~~~
      |                       UTI_MASK
src/arch/riscv/regs/misc.hh:2433:38: error: ‘MNSU’ is not a member of ‘gem5::enums’
 2433 |             {CSR_UIP, UI_MASK[enums::MNSU]},
      |                                      ^~~~
src/arch/riscv/regs/misc.hh:2437:27: error: ‘SSTATUS_MASKS’ was not declared in this scope; did you mean ‘STATUS_SD_MASKS’?
 2437 |             {CSR_SSTATUS, SSTATUS_MASKS[RV64][enums::MNSU]},
      |                           ^~~~~~~~~~~~~
      |                           STATUS_SD_MASKS
src/arch/riscv/regs/misc.hh:2437:41: error: ‘RV64’ was not declared in this scope; did you mean ‘gem5::enums::RV64’?
 2437 |             {CSR_SSTATUS, SSTATUS_MASKS[RV64][enums::MNSU]},
      |                                         ^~~~
      |                                         gem5::enums::RV64
In file included from src/arch/riscv/regs/misc.hh:60,
                 from src/cpu/base.cc:53:
build/RISCV/enums/RiscvType.hh:16:9: note: ‘gem5::enums::RV64’ declared here
   16 |         RV64 = 1,
      |         ^~~~
In file included from src/cpu/base.cc:53:
src/arch/riscv/regs/misc.hh:2437:54: error: ‘MNSU’ is not a member of ‘gem5::enums’
 2437 |             {CSR_SSTATUS, SSTATUS_MASKS[RV64][enums::MNSU]},
      |                                                      ^~~~
src/arch/riscv/regs/misc.hh:2438:23: error: ‘SI_MASK’ was not declared in this scope; did you mean ‘USI_MASK’?
 2438 |             {CSR_SIE, SI_MASK[enums::MNSU]},
      |                       ^~~~~~~
      |                       USI_MASK
src/arch/riscv/regs/misc.hh:2438:38: error: ‘MNSU’ is not a member of ‘gem5::enums’
 2438 |             {CSR_SIE, SI_MASK[enums::MNSU]},
      |                                      ^~~~
src/arch/riscv/regs/misc.hh:2439:23: error: ‘SI_MASK’ was not declared in this scope; did you mean ‘USI_MASK’?
 2439 |             {CSR_SIP, SI_MASK[enums::MNSU]},
      |                       ^~~~~~~
      |                       USI_MASK
src/arch/riscv/regs/misc.hh:2439:38: error: ‘MNSU’ is not a member of ‘gem5::enums’
 2439 |             {CSR_SIP, SI_MASK[enums::MNSU]},
      |                                      ^~~~
src/arch/riscv/regs/misc.hh:2440:27: error: ‘MSTATUS_MASKS’ was not declared in this scope; did you mean ‘STATUS_SD_MASKS’?
 2440 |             {CSR_MSTATUS, MSTATUS_MASKS[RV64][enums::MNSU]},
      |                           ^~~~~~~~~~~~~
      |                           STATUS_SD_MASKS
src/arch/riscv/regs/misc.hh:2440:41: error: ‘RV64’ was not declared in this scope; did you mean ‘gem5::enums::RV64’?
 2440 |             {CSR_MSTATUS, MSTATUS_MASKS[RV64][enums::MNSU]},
      |                                         ^~~~
      |                                         gem5::enums::RV64
In file included from src/arch/riscv/regs/misc.hh:60,
                 from src/cpu/base.cc:53:
build/RISCV/enums/RiscvType.hh:16:9: note: ‘gem5::enums::RV64’ declared here
   16 |         RV64 = 1,
      |         ^~~~
In file included from src/cpu/base.cc:53:
src/arch/riscv/regs/misc.hh:2440:54: error: ‘MNSU’ is not a member of ‘gem5::enums’
 2440 |             {CSR_MSTATUS, MSTATUS_MASKS[RV64][enums::MNSU]},
      |                                                      ^~~~
src/arch/riscv/regs/misc.hh:2441:35: error: ‘RV64’ was not declared in this scope; did you mean ‘gem5::enums::RV64’?
 2441 |             {CSR_MISA, MISA_MASKS[RV64]},
      |                                   ^~~~
      |                                   gem5::enums::RV64
In file included from src/arch/riscv/regs/misc.hh:60,
                 from src/cpu/base.cc:53:
build/RISCV/enums/RiscvType.hh:16:9: note: ‘gem5::enums::RV64’ declared here
   16 |         RV64 = 1,
      |         ^~~~
In file included from src/cpu/base.cc:53:
src/arch/riscv/regs/misc.hh:2442:23: error: ‘MI_MASK’ was not declared in this scope; did you mean ‘MTI_MASK’?
 2442 |             {CSR_MIE, MI_MASK[enums::MNSU]},
      |                       ^~~~~~~
      |                       MTI_MASK
src/arch/riscv/regs/misc.hh:2442:38: error: ‘MNSU’ is not a member of ‘gem5::enums’
 2442 |             {CSR_MIE, MI_MASK[enums::MNSU]},
      |                                      ^~~~
src/arch/riscv/regs/misc.hh:2443:23: error: ‘MI_MASK’ was not declared in this scope; did you mean ‘MTI_MASK’?
 2443 |             {CSR_MIP, MI_MASK[enums::MNSU]},
      |                       ^~~~~~~
      |                       MTI_MASK
src/arch/riscv/regs/misc.hh:2443:38: error: ‘MNSU’ is not a member of ‘gem5::enums’
 2443 |             {CSR_MIP, MI_MASK[enums::MNSU]},
      |                                      ^~~~
scons: *** [build/RISCV/cpu/base.o] Error 1
